1419.205752,nan
1419.206924,nan
1419.208096,nan
1419.209267,nan
1419.210439,nan
1419.211611,nan
1419.212783,nan
1419.213955,nan
1419.215127,nan
1419.216299,nan
1419.217471,nan
1419.218642,nan
1419.219814,nan
1419.220986,nan
1419.222158,nan
1419.223330,nan
1419.224502,nan
1419.225674,nan
1419.226846,nan
1419.228017,nan
1419.229189,nan
1419.230361,nan
1419.231533,nan
1419.232705,nan
1419.233877,nan
1419.235049,nan
1419.236221,nan
1419.237392,nan
1419.238564,nan
1419.239736,nan
1419.240908,nan
1419.242080,nan
1419.243252,nan
1419.244424,nan
1419.245596,nan
1419.246767,nan
1419.247939,nan
1419.249111,nan
1419.250283,nan
1419.251455,nan
1419.252627,nan
1419.253799,nan
1419.254971,nan
1419.256142,nan
1419.257314,nan
1419.258486,nan
1419.259658,nan
1419.260830,nan
1419.262002,nan
1419.263174,nan
1419.264346,nan
1419.265517,nan
1419.266689,nan
1419.267861,nan
1419.269033,nan
1419.270205,nan
1419.271377,nan
1419.272549,nan
1419.273721,nan
1419.274892,nan
1419.276064,nan
1419.277236,nan
1419.278408,nan
1419.279580,nan
1419.280752,nan
1419.281924,nan
1419.283096,nan
1419.284267,nan
1419.285439,nan
1419.286611,nan
1419.287783,nan
1419.288955,nan
1419.290127,nan
1419.291299,nan
1419.292471,nan
1419.293642,nan
1419.294814,nan
1419.295986,nan
1419.297158,nan
1419.298330,nan
1419.299502,-21.024414
1419.300674,-21.087740
1419.301846,-21.076059
1419.303017,-20.987019
1419.304189,-21.013260
1419.305361,-21.006794
1419.306533,-20.959103
1419.307705,-20.946915
1419.308877,-20.920658
1419.310049,-20.903502
1419.311221,-20.891445
1419.312392,-20.903088
1419.313564,-20.912102
1419.314736,-21.035496
1419.315908,-21.021212
1419.317080,-20.910023
1419.318252,-20.806303
1419.319424,-20.722046
1419.320596,-20.758383
1419.321767,-20.812464
1419.322939,-20.785341
1419.324111,-20.748390
1419.325283,-20.732672
1419.326455,-20.765686
1419.327627,-20.834234
1419.328799,-20.814133
1419.329971,-20.716171
1419.331142,-20.656559
1419.332314,-20.653393
1419.333486,-20.722279
1419.334658,-20.795040
1419.335830,-20.794445
1419.337002,-20.772709
1419.338174,-20.698437
1419.339346,-20.604900
1419.340517,-20.532925
1419.341689,-20.526234
1419.342861,-20.489931
1419.344033,-20.338419
1419.345205,-20.254383
1419.346377,-20.454178
1419.347549,-20.427227
1419.348721,-20.386667
1419.349892,-20.497477
1419.351064,-20.574955
1419.352236,-20.541725
1419.353408,-20.526373
1419.354580,-20.411766
1419.355752,-20.369335
1419.356924,-20.428446
1419.358096,-20.413225
1419.359267,-20.340630
1419.360439,-20.283615
1419.361611,-20.264881
1419.362783,-20.259754
1419.363955,-20.302097
1419.365127,-20.308840
1419.366299,-20.233919
1419.367471,-20.192368
1419.368642,-20.138390
1419.369814,-20.114109
1419.370986,-20.155174
1419.372158,-20.195179
1419.373330,-20.211489
1419.374502,-20.230047
1419.375674,-20.228598
1419.376846,-20.147696
1419.378017,-20.089014
1419.379189,-20.036053
1419.380361,-20.042473
1419.381533,-19.986282
1419.382705,-20.007818
1419.383877,-20.053690
1419.385049,-20.058170
1419.386221,-20.093407
1419.387392,-20.089128
1419.388564,-20.000944
1419.389736,-19.994659
1419.390908,-20.004999
1419.392080,-20.014946
1419.393252,-19.989849
1419.394424,-19.943783
1419.395596,-19.915977
1419.396767,-19.912062
1419.397939,-19.874119
1419.399111,-19.855526
1419.400283,-19.828400
1419.401455,-19.819946
1419.402627,-19.852526
1419.403799,-19.827847
1419.404971,-19.851631
1419.406142,-19.880365
1419.407314,-19.827509
1419.408486,-19.757458
1419.409658,-19.735975
1419.410830,-19.744509
1419.412002,-19.699017
1419.413174,-19.688776
1419.414346,-19.667418
1419.415517,-19.527042
1419.416689,-19.510117
1419.417861,-19.528761
1419.419033,-19.529232
1419.420205,-19.527071
1419.421377,-19.469025
1419.422549,-19.493195
1419.423721,-19.606441
1419.424892,-19.541372
1419.426064,-19.477322
1419.427236,-19.517210
1419.428408,-19.494160
1419.429580,-19.358593
1419.430752,-19.345324
1419.431924,-19.425171
1419.433096,-19.426445
1419.434267,-19.499517
1419.435439,-19.554594
1419.436611,-19.483793
1419.437783,-19.415739
1419.438955,-19.383242
1419.440127,-19.391792
1419.441299,-19.419176
1419.442471,-19.324459
1419.443642,-19.286367
1419.444814,-19.287951
1419.445986,-19.265160
1419.447158,-19.282331
1419.448330,-19.263145
1419.449502,-19.287786
1419.450674,-19.299385
1419.451846,-19.281637
1419.453017,-19.243118
1419.454189,-19.239523
1419.455361,-19.185480
1419.456533,-19.140093
1419.457705,-19.193727
1419.458877,-19.139835
1419.460049,-19.042347
1419.461221,-19.035477
1419.462392,-19.025089
1419.463564,-19.035889
1419.464736,-19.042076
1419.465908,-19.066071
1419.467080,-19.127886
1419.468252,-19.102018
1419.469424,-19.115402
1419.470596,-19.148151
1419.471767,-19.122564
1419.472939,-19.131767
1419.474111,-19.144550
1419.475283,-19.023968
1419.476455,-18.955273
1419.477627,-19.064774
1419.478799,-19.052856
1419.479971,-18.952164
1419.481142,-18.953012
1419.482314,-18.968891
1419.483486,-18.926771
1419.484658,-18.849947
1419.485830,-18.749382
1419.487002,-18.829573
1419.488174,-18.935368
1419.489346,-18.929989
1419.490517,-18.886684
1419.491689,-18.936762
1419.492861,-18.918594
1419.494033,-18.900246
1419.495205,-18.912485
1419.496377,-18.906353
1419.497549,-18.881126
1419.498721,-18.850080
1419.499892,-18.846165
1419.501064,-18.887365
1419.502236,-18.909924
1419.503408,-18.854507
1419.504580,-18.756882
1419.505752,-18.682749
1419.506924,-18.677919
1419.508096,-18.629322
1419.509267,-18.658234
1419.510439,-18.716724
1419.511611,-18.703056
1419.512783,-18.675774
1419.513955,-18.696272
1419.515127,-18.728218
1419.516299,-18.740051
1419.517471,-18.690067
1419.518642,-18.606762
1419.519814,-18.646795
1419.520986,-18.743765
1419.522158,-18.716299
1419.523330,-18.735632
1419.524502,-18.761375
1419.525674,-18.756086
1419.526846,-18.672298
1419.528017,-18.592045
1419.529189,-18.470213
1419.530361,-18.527634
1419.531533,-18.637642
1419.532705,-18.589504
1419.533877,-18.535177
1419.535049,-18.538063
1419.536221,-18.534050
1419.537392,-18.552078
1419.538564,-18.540756
1419.539736,-18.552935
1419.540908,-18.516968
1419.542080,-18.532585
1419.543252,-18.522560
1419.544424,-18.448389
1419.545596,-18.443548
1419.546767,-18.488731
1419.547939,-18.497522
1419.549111,-18.463310
1419.550283,-18.436049
1419.551455,-18.479971
1419.552627,-18.438786
1419.553799,-18.379368
1419.554971,-18.402391
1419.556142,-18.431021
1419.557314,-18.412426
1419.558486,-18.426920
1419.559658,-18.498505
1419.560830,-18.542202
1419.562002,-18.466293
1419.563174,-18.407887
1419.564346,-18.425207
1419.565517,-18.431271
1419.566689,-18.366224
1419.567861,-18.268923
1419.569033,-18.292150
1419.570205,-18.362885
1419.571377,-18.398201
1419.572549,-18.434914
1419.573721,-18.458904
1419.574892,-18.427866
1419.576064,-18.408154
1419.577236,-18.430580
1419.578408,-18.397907
1419.579580,-18.383389
1419.580752,-18.368055
1419.581924,-18.393152
1419.583096,-18.304750
1419.584267,-18.227093
1419.585439,-18.336851
1419.586611,-18.343895
1419.587783,-18.241827
1419.588955,-18.224543
1419.590127,-18.287308
1419.591299,-18.328796
1419.592471,-18.273085
1419.593642,-18.280619
1419.594814,-18.275333
1419.595986,-18.307878
1419.597158,-18.330372
1419.598330,-18.324434
1419.599502,-18.312334
1419.600674,-18.345020
1419.601846,-18.304909
1419.603017,-18.252117
1419.604189,-18.280701
1419.605361,-18.270340
1419.606533,-18.223579
1419.607705,-18.189302
1419.608877,-18.185980
1419.610049,-18.184443
1419.611221,-18.267643
1419.612392,-18.268072
1419.613564,-18.207920
1419.614736,-18.239683
1419.615908,-18.283529
1419.617080,-18.183563
1419.618252,-18.102161
1419.619424,-18.063839
1419.620596,-18.160355
1419.621767,-18.319378
1419.622939,-18.295668
1419.624111,-18.228876
1419.625283,-18.318821
1419.626455,-18.376783
1419.627627,-18.300827
1419.628799,-18.293325
1419.629971,-18.233200
1419.631142,-18.161758
1419.632314,-18.224110
1419.633486,-18.355160
1419.634658,-18.314764
1419.635830,-18.240492
1419.637002,-18.110569
1419.638174,-18.051865
1419.639346,-18.125465
1419.640517,-18.229191
1419.641689,-18.255829
1419.642861,-18.206669
1419.644033,-18.184086
1419.645205,-18.133076
1419.646377,-18.179300
1419.647549,-18.221975
1419.648721,-18.165339
1419.649892,-18.041138
1419.651064,-18.018425
1419.652236,-18.098490
1419.653408,-18.131628
1419.654580,-18.141073
1419.655752,-18.207970
1419.656924,-18.215366
1419.658096,-18.269432
1419.659267,-18.314613
1419.660439,-18.236864
1419.661611,-18.175165
1419.662783,-18.190420
1419.663955,-18.169128
1419.665127,-18.140709
1419.666299,-18.127913
1419.667471,-18.118732
1419.668642,-18.144520
1419.669814,-18.167536
1419.670986,-18.152313
1419.672158,-18.159878
1419.673330,-18.174856
1419.674502,-18.205111
1419.675674,-18.233501
1419.676846,-18.178530
1419.678017,-18.196749
1419.679189,-18.206461
1419.680361,-18.189404
1419.681533,-18.176704
1419.682705,-18.077930
1419.683877,-18.093666
1419.685049,-18.188217
1419.686221,-18.220476
1419.687392,-18.203369
1419.688564,-18.178972
1419.689736,-18.203569
1419.690908,-18.205328
1419.692080,-18.145754
1419.693252,-18.121170
1419.694424,-18.125637
1419.695596,-18.086952
1419.696767,-18.083519
1419.697939,-18.115423
1419.699111,-18.132933
1419.700283,-18.169134
1419.701455,-18.205774
1419.702627,-18.248165
1419.703799,-18.308336
1419.704971,-18.296316
1419.706142,-18.219296
1419.707314,-18.235762
1419.708486,-18.260532
1419.709658,-18.248829
1419.710830,-18.210464
1419.712002,-18.225132
1419.713174,-18.248074
1419.714346,-18.185810
1419.715517,-18.122112
1419.716689,-18.215397
1419.717861,-18.299809
1419.719033,-18.244774
1419.720205,-18.202284
1419.721377,-18.101068
1419.722549,-18.019884
1419.723721,-18.099276
1419.724892,-18.167145
1419.726064,-18.212843
1419.727236,-18.183807
1419.728408,-18.131153
1419.729580,-18.163040
1419.730752,-18.240993
1419.731924,-18.270210
1419.733096,-18.259872
1419.734267,-18.190710
1419.735439,-18.229649
1419.736611,-18.325399
1419.737783,-18.248089
1419.738955,-18.172239
1419.740127,-18.216532
1419.741299,-18.241295
1419.742471,-18.183262
1419.743642,-18.185102
1419.744814,-18.274656
1419.745986,-18.322891
1419.747158,-18.220478
1419.748330,-18.136690
1419.749502,-18.207237
1419.750674,-18.214172
1419.751846,-18.240385
1419.753017,-18.191317
1419.754189,-18.222975
1419.755361,-18.364605
1419.756533,-18.303650
1419.757705,-18.219549
1419.758877,-18.291866
1419.760049,-18.216419
1419.761221,-17.819988
1419.762392,-17.971741
1419.763564,-18.212997
1419.764736,-18.197094
1419.765908,-18.161499
1419.767080,-18.204611
1419.768252,-18.229538
1419.769424,-18.256958
1419.770596,-18.340330
1419.771767,-18.363167
1419.772939,-18.305695
1419.774111,-18.327816
1419.775283,-18.378908
1419.776455,-18.295532
1419.777627,-18.301346
1419.778799,-18.325310
1419.779971,-18.325651
1419.781142,-18.352497
1419.782314,-18.323780
1419.783486,-18.304550
1419.784658,-18.362091
1419.785830,-18.334318
1419.787002,-18.267023
1419.788174,-18.281696
1419.789346,-18.401821
1419.790517,-18.449200
1419.791689,-18.410812
1419.792861,-18.341248
1419.794033,-18.281429
1419.795205,-18.230976
1419.796377,-18.304314
1419.797549,-18.407040
1419.798721,-18.287544
1419.799892,-18.214334
1419.801064,-18.304188
1419.802236,-18.363131
1419.803408,-18.430859
1419.804580,-18.427420
1419.805752,-18.285408
1419.806924,-18.317768
1419.808096,-18.401091
1419.809267,-18.350910
1419.810439,-18.264791
1419.811611,-18.271767
1419.812783,-18.346502
1419.813955,-18.370594
1419.815127,-18.377985
1419.816299,-18.398186
1419.817471,-18.396046
1419.818642,-18.411596
1419.819814,-18.451597
1419.820986,-18.376760
1419.822158,-18.368019
1419.823330,-18.418749
1419.824502,-18.440235
1419.825674,-18.409126
1419.826846,-18.454172
1419.828017,-18.479540
1419.829189,-18.472645
1419.830361,-18.513628
1419.831533,-18.444454
1419.832705,-18.320969
1419.833877,-18.436285
1419.835049,-18.542240
1419.836221,-18.475590
1419.837392,-18.453066
1419.838564,-18.488758
1419.839736,-18.507450
1419.840908,-18.474863
1419.842080,-18.247477
1419.843252,-17.963284
1419.844424,-18.236816
1419.845596,-18.441471
1419.846767,-18.484886
1419.847939,-18.404091
1419.849111,-18.334759
1419.850283,-18.302233
1419.851455,-18.321482
1419.852627,-18.371637
1419.853799,-18.392921
1419.854971,-18.441828
1419.856142,-18.459711
1419.857314,-18.474964
1419.858486,-18.553566
1419.859658,-18.528236
1419.860830,-18.476105
1419.862002,-18.483324
1419.863174,-18.488396
1419.864346,-18.523256
1419.865517,-18.536362
1419.866689,-18.483965
1419.867861,-18.512367
1419.869033,-18.548897
1419.870205,-18.494747
1419.871377,-18.410046
1419.872549,-18.410414
1419.873721,-18.429729
1419.874892,-18.438787
1419.876064,-18.483395
1419.877236,-18.486073
1419.878408,-18.522846
1419.879580,-18.478010
1419.880752,-18.352316
1419.881924,-18.446045
1419.883096,-18.549717
1419.884267,-18.556614
1419.885439,-18.535002
1419.886611,-18.546677
1419.887783,-18.541397
1419.888955,-18.522999
1419.890127,-18.599224
1419.891299,-18.567755
1419.892471,-18.506218
1419.893642,-18.609493
1419.894814,-18.604856
1419.895986,-18.566528
1419.897158,-18.528566
1419.898330,-18.463982
1419.899502,-18.527344
1419.900674,-18.582769
1419.901846,-18.565208
1419.903017,-18.590403
1419.904189,-18.619646
1419.905361,-18.600967
1419.906533,-18.623585
1419.907705,-18.596405
1419.908877,-18.621517
1419.910049,-18.618834
1419.911221,-18.600433
1419.912392,-18.602400
1419.913564,-18.620693
1419.914736,-18.577881
1419.915908,-18.507378
1419.917080,-18.525135
1419.918252,-18.538347
1419.919424,-18.505995
1419.920596,-18.471577
1419.921767,-18.523180
1419.922939,-18.614094
1419.924111,-18.620699
1419.925283,-18.555706
1419.926455,-18.516777
1419.927627,-18.562534
1419.928799,-18.644030
1419.929971,-18.609982
1419.931142,-18.545483
1419.932314,-18.631256
1419.933486,-18.651913
1419.934658,-18.632345
1419.935830,-18.637985
1419.937002,-18.609823
1419.938174,-18.610079
1419.939346,-18.674194
1419.940517,-18.681540
1419.941689,-18.653624
1419.942861,-18.639036
1419.944033,-18.700315
1419.945205,-18.714699
1419.946377,-18.702852
1419.947549,-18.727018
1419.948721,-18.732124
1419.949892,-18.675413
1419.951064,-18.724031
1419.952236,-18.816200
1419.953408,-18.808577
1419.954580,-18.746878
1419.955752,-18.690228
1419.956924,-18.678131
1419.958096,-18.644617
1419.959267,-18.552912
1419.960439,-18.525360
1419.961611,-18.520868
1419.962783,-18.503616
1419.963955,-18.577152
1419.965127,-18.622988
1419.966299,-18.629789
1419.967471,-18.682962
1419.968642,-18.710730
1419.969814,-18.688587
1419.970986,-18.737558
1419.972158,-18.797216
1419.973330,-18.776911
1419.974502,-18.713005
1419.975674,-18.653263
1419.976846,-18.720610
1419.978017,-18.844164
1419.979189,-18.799717
1419.980361,-18.742519
1419.981533,-18.735321
1419.982705,-18.743866
1419.983877,-18.671299
1419.985049,-18.699438
1419.986221,-18.723974
1419.987392,-18.682161
1419.988564,-18.629944
1419.989736,-18.602579
1419.990908,-18.599688
1419.992080,-18.618576
1419.993252,-18.660572
1419.994424,-18.727102
1419.995596,-18.767159
1419.996767,-18.817251
1419.997939,-18.812307
1419.999111,-18.766071
1420.000283,-18.665527
1420.001455,-18.635204
1420.002627,-18.642155
1420.003799,-18.761351
1420.004971,-18.817617
1420.006142,-18.707388
1420.007314,-18.734077
1420.008486,-18.650291
1420.009658,-18.497511
1420.010830,-18.573130
1420.012002,-18.614634
1420.013174,-18.598444
1420.014346,-18.631399
1420.015517,-18.681738
1420.016689,-18.740526
1420.017861,-18.773401
1420.019033,-18.697283
1420.020205,-18.603809
1420.021377,-18.640913
1420.022549,-18.741173
1420.023721,-18.751434
1420.024892,-18.761065
1420.026064,-18.786892
1420.027236,-18.763165
1420.028408,-18.729065
1420.029580,-18.719328
1420.030752,-18.724514
1420.031924,-18.700405
1420.033096,-18.665617
1420.034267,-18.634199
1420.035439,-18.660774
1420.036611,-18.721725
1420.037783,-18.770487
1420.038955,-18.797878
1420.040127,-18.748230
1420.041299,-18.642849
1420.042471,-18.616913
1420.043642,-18.726036
1420.044814,-18.775955
1420.045986,-18.707241
1420.047158,-18.690817
1420.048330,-18.817486
1420.049502,-18.779110
1420.050674,-18.682997
1420.051846,-18.701027
1420.053017,-18.625526
1420.054189,-18.631882
1420.055361,-18.703577
1420.056533,-18.723099
1420.057705,-18.713696
1420.058877,-18.698406
1420.060049,-18.733566
1420.061221,-18.793930
1420.062392,-18.838467
1420.063564,-18.819971
1420.064736,-18.799107
1420.065908,-18.834702
1420.067080,-18.879541
1420.068252,-18.815319
1420.069424,-18.768471
1420.070596,-18.766743
1420.071767,-18.817329
1420.072939,-18.852823
1420.074111,-18.810665
1420.075283,-18.812616
1420.076455,-18.803190
1420.077627,-18.741829
1420.078799,-18.705143
1420.079971,-18.738089
1420.081142,-18.792324
1420.082314,-18.902533
1420.083486,-18.847099
1420.084658,-18.714031
1420.085830,-18.708450
1420.087002,-18.697132
1420.088174,-18.608854
1420.089346,-18.638708
1420.090517,-18.679897
1420.091689,-18.651945
1420.092861,-18.728893
1420.094033,-18.834284
1420.095205,-18.824650
1420.096377,-18.764772
1420.097549,-18.713219
1420.098721,-18.695007
1420.099892,-18.738630
1420.101064,-18.656353
1420.102236,-18.619511
1420.103408,-18.704327
1420.104580,-18.746773
1420.105752,-18.679926
1420.106924,-18.708302
1420.108096,-18.781769
1420.109267,-18.774855
1420.110439,-18.703369
1420.111611,-18.691446
1420.112783,-18.602478
1420.113955,-18.594727
1420.115127,-18.664549
1420.116299,-18.733803
1420.117471,-18.745768
1420.118642,-18.692776
1420.119814,-18.613791
1420.120986,-18.623652
1420.122158,-18.683107
1420.123330,-18.704994
1420.124502,-18.683422
1420.125674,-18.643309
1420.126846,-18.702606
1420.128017,-18.796154
1420.129189,-18.773125
1420.130361,-18.733276
1420.131533,-18.664612
1420.132705,-18.599091
1420.133877,-18.634104
1420.135049,-18.622080
1420.136221,-18.646013
1420.137392,-18.667154
1420.138564,-18.700291
1420.139736,-18.664112
1420.140908,-18.588877
1420.142080,-18.614548
1420.143252,-18.606348
1420.144424,-18.640026
1420.145596,-18.811440
1420.146767,-18.819132
1420.147939,-18.685543
1420.149111,-18.580566
1420.150283,-18.659098
1420.151455,-18.644371
1420.152627,-18.630016
1420.153799,-18.704960
1420.154971,-18.717567
1420.156142,-18.711374
1420.157314,-18.742630
1420.158486,-18.675751
1420.159658,-18.580259
1420.160830,-18.584141
1420.162002,-18.579996
1420.163174,-18.601940
1420.164346,-18.619841
1420.165517,-18.610434
1420.166689,-18.659462
1420.167861,-18.648497
1420.169033,-18.616283
1420.170205,-18.685402
1420.171377,-18.581669
1420.172549,-18.527519
1420.173721,-18.523542
1420.174892,-18.513086
1420.176064,-18.653261
1420.177236,-18.677368
1420.178408,-18.658722
1420.179580,-18.645821
1420.180752,-18.600658
1420.181924,-18.551395
1420.183096,-18.608152
1420.184267,-18.662430
1420.185439,-18.657059
1420.186611,-18.681007
1420.187783,-18.667658
1420.188955,-18.593868
1420.190127,-18.590656
1420.191299,-18.576336
1420.192471,-18.551243
1420.193642,-18.533306
1420.194814,-18.475822
1420.195986,-18.452003
1420.197158,-18.521076
1420.198330,-18.575499
1420.199502,-18.595222
1420.200674,-18.646322
1420.201846,-18.696205
1420.203017,-18.651152
1420.204189,-18.579237
1420.205361,-18.599194
1420.206533,-18.565863
1420.207705,-18.538231
1420.208877,-18.566698
1420.210049,-18.536617
1420.211221,-18.535126
1420.212392,-18.575718
1420.213564,-18.562523
1420.214736,-18.573162
1420.215908,-18.605612
1420.217080,-18.681522
1420.218252,-18.643616
1420.219424,-18.583633
1420.220596,-18.538721
1420.221767,-18.535892
1420.222939,-18.631762
1420.224111,-18.657001
1420.225283,-18.607231
1420.226455,-18.570911
1420.227627,-18.627029
1420.228799,-18.651382
1420.229971,-18.626944
1420.231142,-18.590353
1420.232314,-18.583782
1420.233486,-18.599119
1420.234658,-18.559063
1420.235830,-18.474760
1420.237002,-18.451427
1420.238174,-18.516438
1420.239346,-18.553125
1420.240517,-18.614830
1420.241689,-18.575907
1420.242861,-18.456875
1420.244033,-18.486858
1420.245205,-18.541199
1420.246377,-18.472412
1420.247549,-18.508204
1420.248721,-18.523262
1420.249892,-18.474340
1420.251064,-18.513554
1420.252236,-18.571938
1420.253408,-18.574135
1420.254580,-18.558241
1420.255752,-18.501740
1420.256924,-18.534819
1420.258096,-18.650925
1420.259267,-18.602427
1420.260439,-18.528177
1420.261611,-18.615280
1420.262783,-18.696228
1420.263955,-18.613514
1420.265127,-18.570824
1420.266299,-18.591778
1420.267471,-18.596972
1420.268642,-18.564789
1420.269814,-18.462408
1420.270986,-18.428104
1420.272158,-18.460192
1420.273330,-18.525484
1420.274502,-18.489325
1420.275674,-18.385864
1420.276846,-18.326395
1420.278017,-18.344337
1420.279189,-18.460548
1420.280361,-18.566658
1420.281533,-18.519787
1420.282705,-18.466627
1420.283877,-18.485949
1420.285049,-18.499027
1420.286221,-18.518999
1420.287392,-18.564651
1420.288564,-18.577616
1420.289736,-18.544199
1420.290908,-18.502562
1420.292080,-18.553368
1420.293252,-18.671135
1420.294424,-18.631702
1420.295596,-18.525700
1420.296767,-18.512461
1420.297939,-18.492140
1420.299111,-18.468727
1420.300283,-18.446608
1420.301455,-18.465714
1420.302627,-18.483423
1420.303799,-18.569944
1420.304971,-18.618021
1420.306142,-18.611301
1420.307314,-18.544493
1420.308486,-18.492073
1420.309658,-18.482929
1420.310830,-18.482676
1420.312002,-18.491041
1420.313174,-18.428837
1420.314346,-18.431414
1420.315517,-18.453735
1420.316689,-18.378365
1420.317861,-18.374880
1420.319033,-18.419630
1420.320205,-18.420492
1420.321377,-18.468567
1420.322549,-18.519209
1420.323721,-18.406126
1420.324892,-18.284500
1420.326064,-18.408701
1420.327236,-18.485435
1420.328408,-18.456364
1420.329580,-18.447693
1420.330752,-18.445356
1420.331924,-18.483154
1420.333096,-18.467398
1420.334267,-18.411320
1420.335439,-18.403471
1420.336611,-18.428381
1420.337783,-18.415243
1420.338955,-18.339890
1420.340127,-18.112448
1420.341299,-17.859663
1420.342471,-18.149714
1420.343642,-18.339920
1420.344814,-18.431023
1420.345986,-18.512793
1420.347158,-18.483059
1420.348330,-18.467760
1420.349502,-18.429588
1420.350674,-18.406715
1420.351846,-18.412960
1420.353017,-18.410940
1420.354189,-18.380705
1420.355361,-18.374159
1420.356533,-18.431456
1420.357705,-18.460396
1420.358877,-18.386644
1420.360049,-18.337851
1420.361221,-18.445770
1420.362392,-18.420887
1420.363564,-18.279512
1420.364736,-18.368916
1420.365908,-18.476368
1420.367080,-18.479330
1420.368252,-18.540565
1420.369424,-18.621408
1420.370596,-18.555264
1420.371767,-18.496162
1420.372939,-18.460258
1420.374111,-18.416210
1420.375283,-18.476622
1420.376455,-18.535736
1420.377627,-18.499653
1420.378799,-18.450029
1420.379971,-18.432760
1420.381142,-18.450836
1420.382314,-18.526707
1420.383486,-18.584311
1420.384658,-18.593935
1420.385830,-18.550957
1420.387002,-18.475115
1420.388174,-18.435328
1420.389346,-18.433519
1420.390517,-18.424717
1420.391689,-18.501976
1420.392861,-18.628538
1420.394033,-18.599480
1420.395205,-18.497734
1420.396377,-18.507645
1420.397549,-18.492596
1420.398721,-18.455280
1420.399892,-18.431051
1420.401064,-18.513124
1420.402236,-18.525307
1420.403408,-18.474873
1420.404580,-18.258341
1420.405752,-17.926491
1420.406924,-18.222042
1420.408096,-18.469177
1420.409267,-18.508169
1420.410439,-18.419893
1420.411611,-18.380310
1420.412783,-18.419485
1420.413955,-18.460239
1420.415127,-18.434078
1420.416299,-18.402565
1420.417471,-18.438902
1420.418642,-18.538525
1420.419814,-18.516447
1420.420986,-18.502546
1420.422158,-18.510773
1420.423330,-18.445618
1420.424502,-18.415428
1420.425674,-18.443918
1420.426846,-18.503540
1420.428017,-18.469721
1420.429189,-18.465956
1420.430361,-18.551506
1420.431533,-18.543840
1420.432705,-18.551100
1420.433877,-18.594925
1420.435049,-18.564615
1420.436221,-18.542080
1420.437392,-18.520939
1420.438564,-18.552038
1420.439736,-18.518436
1420.440908,-18.539001
1420.442080,-18.607412
1420.443252,-18.595615
1420.444424,-18.493372
1420.445596,-18.451315
1420.446767,-18.495577
1420.447939,-18.545401
1420.449111,-18.555931
1420.450283,-18.496721
1420.451455,-18.470390
1420.452627,-18.546513
1420.453799,-18.587934
1420.454971,-18.625278
1420.456142,-18.561646
1420.457314,-18.358969
1420.458486,-18.363783
1420.459658,-18.493731
1420.460830,-18.566236
1420.462002,-18.632185
1420.463174,-18.599907
1420.464346,-18.554457
1420.465517,-18.505381
1420.466689,-18.511251
1420.467861,-18.452185
1420.469033,-18.491510
1420.470205,-18.583961
1420.471377,-18.557070
1420.472549,-18.481350
1420.473721,-18.453342
1420.474892,-18.548325
1420.476064,-18.557020
1420.477236,-18.494648
1420.478408,-18.493940
1420.479580,-18.582026
1420.480752,-18.638866
1420.481924,-18.637106
1420.483096,-18.636982
1420.484267,-18.612534
1420.485439,-18.615345
1420.486611,-18.620304
1420.487783,-18.591335
1420.488955,-18.625618
1420.490127,-18.626049
1420.491299,-18.561251
1420.492471,-18.575090
1420.493642,-18.561810
1420.494814,-18.509043
1420.495986,-18.480705
1420.497158,-18.476507
1420.498330,-18.571394
1420.499502,-18.571926
1420.500674,-18.512686
1420.501846,-18.539692
1420.503017,-18.542160
1420.504189,-18.537981
1420.505361,-18.530134
1420.506533,-18.130724
1420.507705,-17.550810
1420.508877,-18.079678
1420.510049,-18.601555
1420.511221,-18.669102
1420.512392,-18.563637
1420.513564,-18.469685
1420.514736,-18.541092
1420.515908,-18.575457
1420.517080,-18.595203
1420.518252,-18.666933
1420.519424,-18.682344
1420.520596,-18.591864
1420.521767,-18.535666
1420.522939,-18.580338
1420.524111,-18.649624
1420.525283,-18.646797
1420.526455,-18.593082
1420.527627,-18.613327
1420.528799,-18.704573
1420.529971,-18.684921
1420.531142,-18.596371
1420.532314,-18.562744
1420.533486,-18.609951
1420.534658,-18.565924
1420.535830,-18.615936
1420.537002,-18.680454
1420.538174,-18.665339
1420.539346,-18.609806
1420.540517,-18.641830
1420.541689,-18.713612
1420.542861,-18.681877
1420.544033,-18.649157
1420.545205,-18.698250
1420.546377,-18.709995
1420.547549,-18.649118
1420.548721,-18.707693
1420.549892,-18.772112
1420.551064,-18.696510
1420.552236,-18.612516
1420.553408,-18.691298
1420.554580,-18.779182
1420.555752,-18.761490
1420.556924,-18.728931
1420.558096,-18.631041
1420.559267,-18.578554
1420.560439,-18.673449
1420.561611,-18.704727
1420.562783,-18.636883
1420.563955,-18.650633
1420.565127,-18.766766
1420.566299,-18.750757
1420.567471,-18.658447
1420.568642,-18.677452
1420.569814,-18.801527
1420.570986,-18.802494
1420.572158,-18.696985
1420.573330,-18.639080
1420.574502,-18.623466
1420.575674,-18.737652
1420.576846,-18.811892
1420.578017,-18.754164
1420.579189,-18.715715
1420.580361,-18.716158
1420.581533,-18.776625
1420.582705,-18.724758
1420.583877,-18.686186
1420.585049,-18.692148
1420.586221,-18.676888
1420.587392,-18.701439
1420.588564,-18.767540
1420.589736,-18.794846
1420.590908,-18.740795
1420.592080,-18.685646
1420.593252,-18.723812
1420.594424,-18.812769
1420.595596,-18.813656
1420.596767,-18.766270
1420.597939,-18.775410
1420.599111,-18.800377
1420.600283,-18.815861
1420.601455,-18.823816
1420.602627,-18.800007
1420.603799,-18.800575
1420.604971,-18.766401
1420.606142,-18.718477
1420.607314,-18.782280
1420.608486,-18.825451
1420.609658,-18.806496
1420.610830,-18.777271
1420.612002,-18.768867
1420.613174,-18.785109
1420.614346,-18.717812
1420.615517,-18.605305
1420.616689,-18.678020
1420.617861,-18.792347
1420.619033,-18.779999
1420.620205,-18.754173
1420.621377,-18.701571
1420.622549,-18.693388
1420.623721,-18.699501
1420.624892,-18.734247
1420.626064,-18.862764
1420.627236,-18.902761
1420.628408,-18.798527
1420.629580,-18.757744
1420.630752,-18.759382
1420.631924,-18.777035
1420.633096,-18.836840
1420.634267,-18.841467
1420.635439,-18.821829
1420.636611,-18.823473
1420.637783,-18.889063
1420.638955,-18.882444
1420.640127,-18.855080
1420.641299,-18.820030
1420.642471,-18.831205
1420.643642,-18.834087
1420.644814,-18.816116
1420.645986,-18.838512
1420.647158,-18.863895
1420.648330,-18.922232
1420.649502,-18.904631
1420.650674,-18.914396
1420.651846,-19.032791
1420.653017,-19.075043
1420.654189,-18.946419
1420.655361,-18.877636
1420.656533,-18.882544
1420.657705,-18.881073
1420.658877,-18.921234
1420.660049,-18.982765
1420.661221,-18.956314
1420.662392,-18.982124
1420.663564,-19.041052
1420.664736,-19.019899
1420.665908,-18.916899
1420.667080,-18.826191
1420.668252,-18.827824
1420.669424,-18.906839
1420.670596,-18.913286
1420.671767,-18.878555
1420.672939,-18.845695
1420.674111,-18.909903
1420.675283,-18.931295
1420.676455,-18.913387
1420.677627,-18.959707
1420.678799,-18.937012
1420.679971,-18.911512
1420.681142,-18.899843
1420.682314,-18.906559
1420.683486,-18.946524
1420.684658,-18.924318
1420.685830,-18.920696
1420.687002,-18.938927
1420.688174,-18.993481
1420.689346,-19.008808
1420.690517,-18.985685
1420.691689,-18.963736
1420.692861,-18.934496
1420.694033,-18.972038
1420.695205,-19.007885
1420.696377,-18.938330
1420.697549,-18.967930
1420.698721,-18.995165
1420.699892,-18.937265
1420.701064,-18.916683
1420.702236,-18.995102
1420.703408,-18.962877
1420.704580,-18.894316
1420.705752,-18.959831
1420.706924,-19.036943
1420.708096,-19.098145
1420.709267,-19.168221
1420.710439,-19.162504
1420.711611,-19.114515
1420.712783,-18.975685
1420.713955,-18.906023
1420.715127,-18.924183
1420.716299,-18.897560
1420.717471,-18.944597
1420.718642,-19.114439
1420.719814,-19.127806
1420.720986,-19.019205
1420.722158,-18.958435
1420.723330,-19.022144
1420.724502,-19.117014
1420.725674,-19.043438
1420.726846,-18.995453
1420.728017,-19.004272
1420.729189,-18.995390
1420.730361,-18.997894
1420.731533,-19.042751
1420.732705,-19.012371
1420.733877,-18.952124
1420.735049,-18.954460
1420.736221,-18.946377
1420.737392,-18.970732
1420.738564,-19.043819
1420.739736,-19.003784
1420.740908,-18.933434
1420.742080,-18.895096
1420.743252,-18.577703
1420.744424,-18.153549
1420.745596,-18.560951
1420.746767,-18.943970
1420.747939,-19.022581
1420.749111,-18.988766
1420.750283,-18.999208
1420.751455,-19.049339
1420.752627,-19.063700
1420.753799,-19.050568
1420.754971,-18.994425
1420.756142,-18.995016
1420.757314,-19.069180
1420.758486,-19.078020
1420.759658,-19.047970
1420.760830,-19.061796
1420.762002,-19.152800
1420.763174,-19.171991
1420.764346,-19.071913
1420.765517,-19.017780
1420.766689,-18.999201
1420.767861,-18.983711
1420.769033,-19.079597
1420.770205,-19.079952
1420.771377,-19.075720
1420.772549,-19.088665
1420.773721,-19.059174
1420.774892,-19.089745
1420.776064,-19.090128
1420.777236,-19.063723
1420.778408,-18.941971
1420.779580,-18.889534
1420.780752,-18.983437
1420.781924,-19.006126
1420.783096,-19.051277
1420.784267,-19.094908
1420.785439,-18.999395
1420.786611,-18.968435
1420.787783,-19.026363
1420.788955,-19.003239
1420.790127,-19.029123
1420.791299,-19.118450
1420.792471,-19.137873
1420.793642,-19.144463
1420.794814,-19.151855
1420.795986,-19.112381
1420.797158,-19.070154
1420.798330,-19.034861
1420.799502,nan
1420.800674,nan
1420.801846,nan
1420.803017,nan
1420.804189,nan
1420.805361,nan
1420.806533,nan
1420.807705,nan
1420.808877,nan
1420.810049,nan
1420.811221,nan
1420.812392,nan
1420.813564,nan
1420.814736,nan
1420.815908,nan
1420.817080,nan
1420.818252,nan
1420.819424,nan
1420.820596,nan
1420.821767,nan
1420.822939,nan
1420.824111,nan
1420.825283,nan
1420.826455,nan
1420.827627,nan
1420.828799,nan
1420.829971,nan
1420.831142,nan
1420.832314,nan
1420.833486,nan
1420.834658,nan
1420.835830,nan
1420.837002,nan
1420.838174,nan
1420.839346,nan
1420.840517,nan
1420.841689,nan
1420.842861,nan
1420.844033,nan
1420.845205,nan
1420.846377,nan
1420.847549,nan
1420.848721,nan
1420.849892,nan
1420.851064,nan
1420.852236,nan
1420.853408,nan
1420.854580,nan
1420.855752,nan
1420.856924,nan
1420.858096,nan
1420.859267,nan
1420.860439,nan
1420.861611,nan
1420.862783,nan
1420.863955,nan
1420.865127,nan
1420.866299,nan
1420.867471,nan
1420.868642,nan
1420.869814,nan
1420.870986,nan
1420.872158,nan
1420.873330,nan
1420.874502,nan
1420.875674,nan
1420.876846,nan
1420.878017,nan
1420.879189,nan
1420.880361,nan
1420.881533,nan
1420.882705,nan
1420.883877,nan
1420.885049,nan
1420.886221,nan
1420.887392,nan
1420.888564,nan
1420.889736,nan
1420.890908,nan
1420.892080,nan
1420.893252,nan
1420.894424,nan
1420.895596,nan
1420.896767,nan
1420.897939,nan
1420.899111,-19.014605
1420.900283,-19.042738
1420.901455,-19.045462
1420.902627,-19.005697
1420.903799,-19.071188
1420.904971,-19.057882
1420.906142,-18.936619
1420.907314,-19.011280
1420.908486,-19.104378
1420.909658,-19.106365
1420.910830,-19.049084
1420.912002,-18.966499
1420.913174,-18.992290
1420.914346,-19.026459
1420.915517,-19.064301
1420.916689,-19.118139
1420.917861,-19.161461
1420.919033,-19.106777
1420.920205,-18.926025
1420.921377,-18.837313
1420.922549,-19.014978
1420.923721,-19.170689
1420.924892,-19.087507
1420.926064,-18.961340
1420.927236,-18.929119
1420.928408,-19.030397
1420.929580,-19.082363
1420.930752,-19.053551
1420.931924,-19.021505
1420.933096,-19.050882
1420.934267,-19.060587
1420.935439,-19.091356
1420.936611,-19.012608
1420.937783,-18.924820
1420.938955,-18.902657
1420.940127,-18.963385
1420.941299,-18.982502
1420.942471,-19.025652
1420.943642,-19.038837
1420.944814,-19.046200
1420.945986,-19.120852
1420.947158,-19.174314
1420.948330,-19.091763
1420.949502,-18.999760
1420.950674,-18.887754
1420.951846,-18.917925
1420.953017,-18.947529
1420.954189,-18.925903
1420.955361,-19.023382
1420.956533,-19.025581
1420.957705,-18.944450
1420.958877,-18.945095
1420.960049,-19.000967
1420.961221,-18.995424
1420.962392,-19.037785
1420.963564,-19.074110
1420.964736,-19.041740
1420.965908,-18.943008
1420.967080,-18.942707
1420.968252,-18.966202
1420.969424,-18.932989
1420.970596,-18.940331
1420.971767,-18.912498
1420.972939,-18.937937
1420.974111,-18.873302
1420.975283,-18.902622
1420.976455,-19.015505
1420.977627,-19.080477
1420.978799,-19.002556
1420.979971,-18.915585
1420.981142,-18.883696
1420.982314,-18.818541
1420.983486,-18.807289
1420.984658,-18.842224
1420.985830,-18.941977
1420.987002,-19.100306
1420.988174,-19.100895
1420.989346,-19.066122
1420.990517,-18.950214
1420.991689,-18.866537
1420.992861,-18.879549
1420.994033,-18.941137
1420.995205,-18.962667
1420.996377,-18.985470
1420.997549,-18.957020
1420.998721,-18.888538
1420.999892,-18.921391
1421.001064,-18.955074
1421.002236,-18.923771
1421.003408,-18.824438
1421.004580,-18.838060
1421.005752,-18.856077
1421.006924,-18.932138
1421.008096,-19.022079
1421.009267,-18.950926
1421.010439,-18.862656
1421.011611,-18.871777
1421.012783,-18.910061
1421.013955,-18.911415
1421.015127,-18.863060
1421.016299,-18.823792
1421.017471,-18.851963
1421.018642,-18.826511
1421.019814,-18.824987
1421.020986,-18.816513
1421.022158,-18.787479
1421.023330,-18.849733
1421.024502,-18.949389
1421.025674,-18.938210
1421.026846,-18.889164
1421.028017,-18.942465
1421.029189,-18.976637
1421.030361,-18.910742
1421.031533,-18.873240
1421.032705,-18.918684
1421.033877,-18.956173
1421.035049,-18.956650
1421.036221,-18.943176
1421.037392,-18.885674
1421.038564,-18.802299
1421.039736,-18.823837
1421.040908,-18.834141
1421.042080,-18.849657
1421.043252,-18.915552
1421.044424,-18.877687
1421.045596,-18.827484
1421.046767,-18.905991
1421.047939,-18.937481
1421.049111,-18.916182
1421.050283,-18.877548
1421.051455,-18.902220
1421.052627,-18.942112
1421.053799,-18.899191
1421.054971,-18.815411
1421.056142,-18.794891
1421.057314,-18.884907
1421.058486,-18.836132
1421.059658,-18.791460
1421.060830,-18.829023
1421.062002,-18.881666
1421.063174,-18.920881
1421.064346,-18.863829
1421.065517,-18.767635
1421.066689,-18.783472
1421.067861,-18.777100
1421.069033,-18.811518
1421.070205,-18.815981
1421.071377,-18.796875
1421.072549,-18.836201
1421.073721,-18.807066
1421.074892,-18.746580
1421.076064,-18.770420
1421.077236,-18.746302
1421.078408,-18.720594
1421.079580,-18.789484
1421.080752,-18.727968
1421.081924,-18.630390
1421.083096,-18.632490
1421.084267,-18.723152
1421.085439,-18.836254
1421.086611,-18.864998
1421.087783,-18.857845
1421.088955,-18.816294
1421.090127,-18.763302
1421.091299,-18.830528
1421.092471,-18.842644
1421.093642,-18.778364
1421.094814,-18.830883
1421.095986,-18.875607
1421.097158,-18.855555
1421.098330,-18.835239
1421.099502,-18.806669
1421.100674,-18.781603
1421.101846,-18.813841
1421.103017,-18.841267
1421.104189,-18.821367
1421.105361,-18.850155
1421.106533,-18.796137
1421.107705,-18.718290
1421.108877,-18.715212
1421.110049,-18.750469
1421.111221,-18.800289
1421.112392,-18.772942
1421.113564,-18.797081
1421.114736,-18.813778
1421.115908,-18.813778
1421.117080,-18.806252
1421.118252,-18.796505
1421.119424,-18.810898
1421.120596,-18.886951
1421.121767,-18.862913
1421.122939,-18.817675
1421.124111,-18.829266
1421.125283,-18.887817
1421.126455,-18.866726
1421.127627,-18.835066
1421.128799,-18.734968
1421.129971,-18.737274
1421.131142,-18.750893
1421.132314,-18.775360
1421.133486,-18.826422
1421.134658,-18.798241
1421.135830,-18.753094
1421.137002,-18.766874
1421.138174,-18.762815
1421.139346,-18.754574
1421.140517,-18.716862
1421.141689,-18.681339
1421.142861,-18.763466
1421.144033,-18.845022
1421.145205,-18.778820
1421.146377,-18.770546
1421.147549,-18.798082
1421.148721,-18.789791
1421.149892,-18.786165
1421.151064,-18.724957
1421.152236,-18.781168
1421.153408,-18.871328
1421.154580,-18.802471
1421.155752,-18.659575
1421.156924,-18.647488
1421.158096,-18.803383
1421.159267,-18.872942
1421.160439,-18.806089
1421.161611,-18.734257
1421.162783,-18.523529
1421.163955,-18.151514
1421.165127,-18.436522
1421.166299,-18.829973
1421.167471,-18.889721
1421.168642,-18.826818
1421.169814,-18.748320
1421.170986,-18.686031
1421.172158,-18.749405
1421.173330,-18.757271
1421.174502,-18.745384
1421.175674,-18.839310
1421.176846,-18.861883
1421.178017,-18.761641
1421.179189,-18.756151
1421.180361,-18.780350
1421.181533,-18.818506
1421.182705,-18.852825
1421.183877,-18.796650
1421.185049,-18.714649
1421.186221,-18.708061
1421.187392,-18.836027
1421.188564,-18.896534
1421.189736,-18.835220
1421.190908,-18.782747
1421.192080,-18.801697
1421.193252,-18.872583
1421.194424,-18.875292
1421.195596,-18.849522
1421.196767,-18.816967
1421.197939,-18.758434
1421.199111,-18.786270
1421.200283,-18.820848
1421.201455,-18.876823
1421.202627,-18.927246
1421.203799,-18.874743
1421.204971,-18.789032
1421.206142,-18.822304
1421.207314,-18.892004
1421.208486,-18.894125
1421.209658,-18.882391
1421.210830,-18.925009
1421.212002,-18.914362
1421.213174,-18.874411
1421.214346,-18.837736
1421.215517,-18.832352
1421.216689,-18.888790
1421.217861,-18.956226
1421.219033,-18.952106
1421.220205,-18.912710
1421.221377,-18.912468
1421.222549,-18.865168
1421.223721,-18.848295
1421.224892,-18.861141
1421.226064,-18.829544
1421.227236,-18.846180
1421.228408,-18.948128
1421.229580,-18.987873
1421.230752,-18.955246
1421.231924,-18.878824
1421.233096,-18.880651
1421.234267,-18.978870
1421.235439,-19.074802
1421.236611,-19.043676
1421.237783,-18.895586
1421.238955,-18.812653
1421.240127,-18.828491
1421.241299,-18.914070
1421.242471,-18.923323
1421.243642,-18.948387
1421.244814,-18.983540
1421.245986,-19.018082
1421.247158,-18.994091
1421.248330,-18.946554
1421.249502,-18.892744
1421.250674,-18.909910
1421.251846,-18.961117
1421.253017,-18.999115
1421.254189,-18.962881
1421.255361,-18.930227
1421.256533,-18.911480
1421.257705,-18.950834
1421.258877,-18.997627
1421.260049,-18.979704
1421.261221,-19.005117
1421.262392,-19.068529
1421.263564,-19.085711
1421.264736,-19.084684
1421.265908,-19.078575
1421.267080,-19.051132
1421.268252,-19.085339
1421.269424,-19.133495
1421.270596,-19.138485
1421.271767,-19.113602
1421.272939,-19.200102
1421.274111,-19.199884
1421.275283,-19.171867
1421.276455,-19.156187
1421.277627,-19.107286
1421.278799,-19.173815
1421.279971,-19.196030
1421.281142,-19.159842
1421.282314,-19.121355
1421.283486,-19.105566
1421.284658,-19.074104
1421.285830,-19.105526
1421.287002,-19.178617
1421.288174,-19.124548
1421.289346,-19.058657
1421.290517,-19.059774
1421.291689,-19.125912
1421.292861,-19.169956
1421.294033,-19.225918
1421.295205,-19.267567
1421.296377,-19.283409
1421.297549,-19.203115
1421.298721,-19.154631
1421.299892,-19.167406
1421.301064,-19.251932
1421.302236,-19.220020
1421.303408,-19.184633
1421.304580,-19.270905
1421.305752,-19.292831
1421.306924,-19.207670
1421.308096,-19.135229
1421.309267,-19.112768
1421.310439,-19.202471
1421.311611,-19.289988
1421.312783,-19.333956
1421.313955,-19.359306
1421.315127,-19.356659
1421.316299,-19.367607
1421.317471,-19.334209
1421.318642,-19.268284
1421.319814,-19.252846
1421.320986,-19.247089
1421.322158,-19.273470
1421.323330,-19.241388
1421.324502,-19.205832
1421.325674,-19.267883
1421.326846,-19.360521
1421.328017,-19.316608
1421.329189,-19.214602
1421.330361,-19.268253
1421.331533,-19.378151
1421.332705,-19.390108
1421.333877,-19.444641
1421.335049,-19.422800
1421.336221,-19.261787
1421.337392,-19.047297
1421.338564,-19.201042
1421.339736,-19.287815
1421.340908,-19.315250
1421.342080,-19.434086
1421.343252,-19.474426
1421.344424,-19.458443
1421.345596,-19.483448
1421.346767,-19.484917
1421.347939,-19.489214
1421.349111,-19.462559
1421.350283,-19.380877
1421.351455,-19.376768
1421.352627,-19.368885
1421.353799,-19.439743
1421.354971,-19.516356
1421.356142,-19.546598
1421.357314,-19.573740
1421.358486,-19.709700
1421.359658,-19.777794
1421.360830,-19.721066
1421.362002,-19.667145
1421.363174,-19.592970
1421.364346,-19.552139
1421.365517,-19.591997
1421.366689,-19.613960
1421.367861,-19.602507
1421.369033,-19.612553
1421.370205,-19.639664
1421.371377,-19.657463
1421.372549,-19.830090
1421.373721,-19.870163
1421.374892,-19.695417
1421.376064,-19.628183
1421.377236,-19.686964
1421.378408,-19.688311
1421.379580,-19.666550
1421.380752,-19.657547
1421.381924,-19.679548
1421.383096,-19.788826
1421.384267,-19.823784
1421.385439,-19.726465
1421.386611,-19.638006
1421.387783,-19.575319
1421.388955,-19.721481
1421.390127,-19.884499
1421.391299,-19.911184
1421.392471,-19.879206
1421.393642,-19.912998
1421.394814,-19.925705
1421.395986,-19.870970
1421.397158,-19.786255
1421.398330,-19.790928
1421.399502,-19.837824
1421.400674,-19.864513
1421.401846,-19.862860
1421.403017,-19.852484
1421.404189,-19.903204
1421.405361,-20.015636
1421.406533,-20.038273
1421.407705,-19.975578
1421.408877,-19.910219
1421.410049,-19.884302
1421.411221,-19.882027
1421.412392,-19.922997
1421.413564,-20.001251
1421.414736,-20.012695
1421.415908,-19.941189
1421.417080,-19.939959
1421.418252,-19.936302
1421.419424,-19.902847
1421.420596,-19.965683
1421.421767,-20.015669
1421.422939,-20.035343
1421.424111,-20.092525
1421.425283,-20.067551
1421.426455,-20.099733
1421.427627,-20.136230
1421.428799,-20.136810
1421.429971,-20.163593
1421.431142,-20.189028
1421.432314,-20.209396
1421.433486,-20.221491
1421.434658,-20.170698
1421.435830,-20.088148
1421.437002,-20.082472
1421.438174,-20.157429
1421.439346,-20.186842
1421.440517,-20.137957
1421.441689,-20.088623
1421.442861,-20.157892
1421.444033,-20.262962
1421.445205,-20.362112
1421.446377,-20.252464
1421.447549,-20.083389
1421.448721,-20.126480
1421.449892,-20.225822
1421.451064,-20.258049
1421.452236,-20.285952
1421.453408,-20.296131
1421.454580,-20.337070
1421.455752,-20.368425
1421.456924,-20.368626
1421.458096,-20.357504
1421.459267,-20.286949
1421.460439,-20.200060
1421.461611,-20.260616
1421.462783,-20.326157
1421.463955,-20.383322
1421.465127,-20.370163
1421.466299,-20.350515
1421.467471,-20.344059
1421.468642,-20.327217
1421.469814,-20.371225
1421.470986,-20.414528
1421.472158,-20.404493
1421.473330,-20.423130
1421.474502,-20.453417
1421.475674,-20.436874
1421.476846,-20.435160
1421.478017,-20.430687
1421.479189,-20.479904
1421.480361,-20.497433
1421.481533,-20.454576
1421.482705,-20.459839
1421.483877,-20.470201
1421.485049,-20.473999
1421.486221,-20.474150
1421.487392,-20.492937
1421.488564,-20.449947
1421.489736,-20.498678
1421.490908,-20.547647
1421.492080,-20.574436
1421.493252,-20.588650
1421.494424,-20.555117
1421.495596,-20.537367
1421.496767,-20.560217
1421.497939,-20.560064
1421.499111,-20.593493
1421.500283,-20.660526
1421.501455,-20.671867
1421.502627,-20.656569
1421.503799,-20.661432
1421.504971,-20.676819
1421.506142,-20.688017
1421.507314,-20.731173
1421.508486,-20.742693
1421.509658,-20.664942
1421.510830,-20.647030
1421.512002,-20.712526
1421.513174,-20.777683
1421.514346,-20.810493
1421.515517,-20.738527
1421.516689,-20.702744
1421.517861,-20.784985
1421.519033,-20.811586
1421.520205,-20.838272
1421.521377,-20.786282
1421.522549,-20.685816
1421.523721,-20.659580
1421.524892,-20.755922
1421.526064,-20.767725
1421.527236,-20.714796
1421.528408,-20.705185
1421.529580,-20.672243
1421.530752,-20.710527
1421.531924,-20.738771
1421.533096,-20.818481
1421.534267,-20.862122
1421.535439,-20.841110
1421.536611,-20.845757
1421.537783,-20.868120
1421.538955,-20.851343
1421.540127,-20.843069
1421.541299,-20.862144
1421.542471,-20.842201
1421.543642,-20.804585
1421.544814,-20.766031
1421.545986,-20.799252
1421.547158,-20.849529
1421.548330,-20.879971
1421.549502,-20.866699
1421.550674,-20.813438
1421.551846,-20.797146
1421.553017,-20.832739
1421.554189,-20.958424
1421.555361,-21.024904
1421.556533,-21.055319
1421.557705,-21.072948
1421.558877,-20.987703
1421.560049,-20.987091
1421.561221,-21.014477
1421.562392,-21.003780
1421.563564,-20.931988
1421.564736,-20.886393
1421.565908,-20.897110
1421.567080,-20.891428
1421.568252,-20.903959
1421.569424,-20.898403
1421.570596,-20.915956
1421.571767,-20.904800
1421.572939,-20.887032
1421.574111,-20.910812
1421.575283,-20.944681
1421.576455,-20.967997
1421.577627,-21.020269
1421.578799,-21.123468
1421.579971,-21.160353
1421.581142,-21.150898
1421.582314,-21.105087
1421.583486,-21.052187
1421.584658,-21.035908
1421.585830,-21.033592
1421.587002,-21.027012
1421.588174,-21.081400
1421.589346,-21.117765
1421.590517,-21.093689
1421.591689,-21.047432
1421.592861,-21.024778
1421.594033,-21.013929
1421.595205,-21.100492
1421.596377,-21.116051
1421.597549,-21.044933
1421.598721,-21.030277
1421.599892,-21.031378
1421.601064,nan
1421.602236,nan
1421.603408,nan
1421.604580,nan
