1419.205752,-21.643942,-21.608002,-0.609124
1419.206924,-21.671495,-21.630470,-0.694506
1419.208096,-21.621025,-21.594269,-0.454669
1419.209267,-21.561968,-21.545185,-0.286564
1419.210439,-21.633759,-21.587198,-0.787329
1419.211611,-21.678684,-21.624706,-0.911540
1419.212783,-21.635416,-21.645288,0.164615
1419.213955,-21.645372,-21.622580,-0.387911
1419.215127,-21.699879,-21.622303,-1.305274
1419.216299,-21.686935,-21.664951,-0.374282
1419.217471,-21.654564,-21.653000,-0.029305
1419.218642,-21.628067,-21.646433,0.308963
1419.219814,-21.655418,-21.656139,0.009402
1419.220986,-21.668055,-21.662052,-0.104426
1419.222158,-21.609879,-21.701054,1.558012
1419.223330,-21.587215,-21.716431,2.218972
1419.224502,-21.595934,-21.740808,2.492740
1419.225674,-21.659958,-21.739683,1.360193
1419.226846,-21.717911,-21.725422,0.124536
1419.228017,-21.747435,-21.697645,-0.841427
1419.229189,-21.703247,-21.685833,-0.297219
1419.230361,-21.689304,-21.723934,0.586160
1419.231533,-21.687298,-21.750881,1.082206
1419.232705,-21.661005,-21.683046,0.371511
1419.233877,-21.733955,-21.681700,-0.882717
1419.235049,-21.755669,-21.769554,0.232777
1419.236221,-21.775471,-21.798182,0.382912
1419.237392,-21.822302,-21.760822,-1.036935
1419.238564,-21.771160,-21.744040,-0.460804
1419.239736,-21.715179,-21.727964,0.214079
1419.240908,-21.651058,-21.679125,0.474174
1419.242080,-21.627510,-21.683788,0.956741
1419.243252,-21.697334,-21.758326,1.037663
1419.244424,-21.721886,-21.796055,1.264397
1419.245596,-21.721075,-21.744421,0.393726
1419.246767,-21.734528,-21.737598,0.049227
1419.247939,-21.710051,-21.768410,0.992453
1419.249111,-21.730820,-21.744652,0.231873
1419.250283,-21.782093,-21.725712,-0.951733
1419.251455,-21.834143,-21.777473,-0.956553
1419.252627,-21.910172,-21.805019,-1.762693
1419.253799,-21.864004,-21.791008,-1.229031
1419.254971,-21.775257,-21.753752,-0.366214
1419.256142,-21.774254,-21.706352,-1.144119
1419.257314,-21.778486,-21.732637,-0.775406
1419.258486,-21.773546,-21.764175,-0.161383
1419.259658,-21.739807,-21.747683,0.130719
1419.260830,-21.760885,-21.735855,-0.425605
1419.262002,-21.779270,-21.706541,-1.224581
1419.263174,-21.820095,-21.702427,-1.969344
1419.264346,-21.794214,-21.742477,-0.874035
1419.265517,-21.711416,-21.811985,1.720689
1419.266689,-21.632366,-21.817158,3.195086
1419.267861,-21.683968,-21.739271,0.940017
1419.269033,-21.738588,-21.710978,-0.469057
1419.270205,-21.718351,-21.725388,0.116476
1419.271377,-21.726368,-21.715298,-0.190106
1419.272549,-21.729046,-21.715300,-0.235307
1419.273721,-21.730749,-21.744440,0.229470
1419.274892,-21.798613,-21.797525,-0.021228
1419.276064,-21.793282,-21.811972,0.314479
1419.277236,-21.750435,-21.808155,0.981482
1419.278408,-21.737406,-21.827738,1.543427
1419.279580,-21.674900,-21.794697,2.054778
1419.280752,-21.669750,-21.697613,0.470692
1419.281924,-21.714680,-21.694841,-0.338110
1419.283096,-21.756392,-21.721306,-0.594768
1419.284267,-21.815292,-21.706360,-1.825172
1419.285439,-21.818579,-21.697771,-2.021083
1419.286611,-21.722340,-21.722340,-0.002815
1419.287783,-21.631283,-21.707430,1.298486
1419.288955,-21.586477,-21.672302,1.465513
1419.290127,-21.564457,-21.669771,1.803005
1419.291299,-21.655371,-21.651878,-0.061952
1419.292471,-21.710070,-21.636112,-1.245041
1419.293642,-21.651684,-21.674520,0.385052
1419.294814,-21.603703,-21.682005,1.335654
1419.295986,-21.616131,-21.667116,0.865962
1419.297158,-21.673714,-21.649910,-0.404943
1419.298330,-21.657742,-21.628674,-0.493582
1419.299502,-21.604610,-21.617626,0.217999
1419.300674,-21.606331,-21.603580,-0.049393
1419.301846,-21.639069,-21.607742,-0.531570
1419.303017,-21.559019,-21.612785,0.913645
1419.304189,-21.533329,-21.619076,1.464163
1419.305361,-21.612585,-21.620481,0.131069
1419.306533,-21.607719,-21.601068,-0.115397
1419.307705,-21.578991,-21.616037,0.627432
1419.308877,-21.604156,-21.596985,-0.124202
1419.310049,-21.551476,-21.553158,0.025688
1419.311221,-21.472267,-21.536728,1.097291
1419.312392,-21.514814,-21.500874,-0.238591
1419.313564,-21.457016,-21.452713,-0.075673
1419.314736,-21.485554,-21.441196,-0.750398
1419.315908,-21.588921,-21.453218,-2.266054
1419.317080,-21.532602,-21.456850,-1.274925
1419.318252,-21.458851,-21.445415,-0.230058
1419.319424,-21.425713,-21.431372,0.093112
1419.320596,-21.495684,-21.428358,-1.134511
1419.321767,-21.521666,-21.432877,-1.491622
1419.322939,-21.486856,-21.430038,-0.959039
1419.324111,-21.492567,-21.388577,-1.743482
1419.325283,-21.476917,-21.383436,-1.569457
1419.326455,-21.431454,-21.356457,-1.262349
1419.327627,-21.409306,-21.298094,-1.862817
1419.328799,-21.329910,-21.290617,-0.665437
1419.329971,-21.261854,-21.318419,0.961644
1419.331142,-21.235769,-21.290493,0.930062
1419.332314,-21.251591,-21.276960,0.428201
1419.333486,-21.273268,-21.299532,0.443444
1419.334658,-21.252762,-21.326475,1.256539
1419.335830,-21.314001,-21.291435,-0.384087
1419.337002,-21.330681,-21.238976,-1.540007
1419.338174,-21.257572,-21.248264,-0.160322
1419.339346,-21.215075,-21.226761,0.195416
1419.340517,-21.201296,-21.174381,-0.457335
1419.341689,-21.205835,-21.185234,-0.350971
1419.342861,-21.251217,-21.219143,-0.544142
1419.344033,-21.238873,-21.214420,-0.415870
1419.345205,-21.175900,-21.222546,0.791626
1419.346377,-21.155533,-21.212442,0.967572
1419.347549,-21.200817,-21.153662,-0.797300
1419.348721,-21.230904,-21.109335,-2.033620
1419.349892,-21.232862,-21.072422,-2.671072
1419.351064,-21.178587,-21.081896,-1.622656
1419.352236,-21.039249,-21.113071,1.258416
1419.353408,-21.019630,-21.121738,1.747376
1419.354580,-21.083096,-21.101274,0.305779
1419.355752,-21.100998,-21.053925,-0.795928
1419.356924,-21.085634,-21.034355,-0.866369
1419.358096,-21.042370,-21.029051,-0.228093
1419.359267,-21.039801,-20.999441,-0.683333
1419.360439,-21.031746,-21.005871,-0.439835
1419.361611,-21.064758,-20.994436,-1.184471
1419.362783,-21.029682,-20.939301,-1.518051
1419.363955,-20.941393,-20.947441,0.099716
1419.365127,-20.941223,-20.990267,0.832688
1419.366299,-20.938290,-20.975307,0.626941
1419.367471,-20.912683,-20.943001,0.512552
1419.368642,-20.887836,-20.910381,0.380088
1419.369814,-20.879753,-20.881224,0.022101
1419.370986,-20.853903,-20.859316,0.088938
1419.372158,-20.846966,-20.864750,0.299061
1419.373330,-20.851456,-20.856936,0.090069
1419.374502,-20.786629,-20.834274,0.808737
1419.375674,-20.817616,-20.831232,0.228207
1419.376846,-20.810194,-20.856972,0.793880
1419.378017,-20.768963,-20.846899,1.329331
1419.379189,-20.809025,-20.818098,0.151048
1419.380361,-20.794895,-20.795925,0.014637
1419.381533,-20.741360,-20.816181,1.275632
1419.382705,-20.702904,-20.843388,2.415879
1419.383877,-20.689352,-20.829277,2.406100
1419.385049,-20.687767,-20.746630,1.001100
1419.386221,-20.722252,-20.705650,-0.283507
1419.387392,-20.732737,-20.727478,-0.091841
1419.388564,-20.756371,-20.738134,-0.311085
1419.389736,-20.706434,-20.747955,0.703925
1419.390908,-20.675219,-20.720905,0.775200
1419.392080,-20.682991,-20.687939,0.081045
1419.393252,-20.659706,-20.691776,0.542458
1419.394424,-20.630695,-20.668907,0.647349
1419.395596,-20.636156,-20.621624,-0.248576
1419.396767,-20.633076,-20.630493,-0.046552
1419.397939,-20.653257,-20.654793,0.023197
1419.399111,-20.596233,-20.619797,0.397436
1419.400283,-20.615931,-20.560020,-0.943858
1419.401455,-20.645132,-20.515839,-2.160752
1419.402627,-20.590555,-20.522686,-1.143575
1419.403799,-20.528652,-20.546532,0.300684
1419.404971,-20.468187,-20.546761,1.340320
1419.406142,-20.451000,-20.502869,0.881099
1419.407314,-20.482321,-20.482962,0.008042
1419.408486,-20.464785,-20.480864,0.270067
1419.409658,-20.443382,-20.472759,0.496512
1419.410830,-20.470821,-20.461834,-0.154902
1419.412002,-20.498917,-20.464199,-0.588585
1419.413174,-20.458967,-20.432739,-0.445776
1419.414346,-20.414646,-20.377003,-0.637737
1419.415517,-20.461824,-20.398605,-1.065982
1419.416689,-20.453896,-20.439711,-0.242713
1419.417861,-20.440861,-20.372847,-1.145996
1419.419033,-20.451057,-20.335169,-1.939994
1419.420205,-20.434916,-20.359203,-1.274259
1419.421377,-20.368126,-20.383833,0.263744
1419.422549,-20.368816,-20.380430,0.194188
1419.423721,-20.404930,-20.307524,-1.634505
1419.424892,-20.410835,-20.265163,-2.429556
1419.426064,-20.301561,-20.287968,-0.232733
1419.427236,-20.226480,-20.289927,1.079847
1419.428408,-20.214523,-20.288122,1.254566
1419.429580,-20.210943,-20.280586,1.186439
1419.430752,-20.228281,-20.248453,0.339693
1419.431924,-20.267412,-20.229660,-0.639561
1419.433096,-20.276966,-20.214092,-1.060220
1419.434267,-20.271986,-20.199360,-1.222866
1419.435439,-20.243160,-20.203457,-0.672322
1419.436611,-20.223581,-20.195976,-0.468960
1419.437783,-20.164394,-20.197903,0.567006
1419.438955,-20.149204,-20.205000,0.948453
1419.440127,-20.124548,-20.175426,0.864129
1419.441299,-20.127192,-20.185455,0.990822
1419.442471,-20.171638,-20.210836,0.664196
1419.443642,-20.146152,-20.204998,1.000811
1419.444814,-20.116024,-20.160103,0.747679
1419.445986,-20.144947,-20.098154,-0.791227
1419.447158,-20.124655,-20.068089,-0.954829
1419.448330,-20.090475,-20.037327,-0.897657
1419.449502,-20.128824,-20.012627,-1.945094
1419.450674,-20.105307,-19.985088,-2.011374
1419.451846,-20.037422,-19.968372,-1.163264
1419.453017,-19.987169,-19.978844,-0.143716
1419.454189,-19.999819,-19.959581,-0.681285
1419.455361,-20.012062,-19.924391,-1.473069
1419.456533,-19.997612,-19.911854,-1.441303
1419.457705,-20.023201,-19.936453,-1.457743
1419.458877,-20.143557,-19.945324,-3.285375
1419.460049,-20.158009,-19.913450,-4.031129
1419.461221,-20.088589,-19.916401,-2.862593
1419.462392,-20.010450,-19.914991,-1.602240
1419.463564,-19.951754,-19.943909,-0.135586
1419.464736,-19.946404,-20.003620,0.972843
1419.465908,-19.948929,-19.983385,0.583195
1419.467080,-19.939144,-19.940704,0.023618
1419.468252,-19.916607,-19.919407,0.044631
1419.469424,-19.866993,-19.867393,0.003973
1419.470596,-19.829807,-19.832270,0.038913
1419.471767,-19.799419,-19.833733,0.580749
1419.472939,-19.859386,-19.843489,-0.271628
1419.474111,-19.863293,-19.828758,-0.585506
1419.475283,-19.814810,-19.837076,0.375344
1419.476455,-19.785463,-19.829411,0.745425
1419.477627,-19.791624,-19.799795,0.135735
1419.478799,-19.759186,-19.819204,1.020947
1419.479971,-19.766457,-19.825092,0.997207
1419.481142,-19.791428,-19.793076,0.025109
1419.482314,-19.758308,-19.808601,0.854096
1419.483486,-19.728785,-19.841358,1.929102
1419.484658,-19.736612,-19.803728,1.142948
1419.485830,-19.738615,-19.756287,0.297149
1419.487002,-19.678785,-19.736040,0.973501
1419.488174,-19.650787,-19.692238,0.702715
1419.489346,-19.666597,-19.677237,0.177630
1419.490517,-19.699261,-19.685530,-0.235048
1419.491689,-19.736198,-19.708710,-0.467000
1419.492861,-19.675003,-19.710270,0.597035
1419.494033,-19.707958,-19.674158,-0.573162
1419.495205,-19.748844,-19.630135,-1.986511
1419.496377,-19.647724,-19.618599,-0.494543
1419.497549,-19.568277,-19.624809,0.961091
1419.498721,-19.603678,-19.632761,0.491504
1419.499892,-19.629438,-19.633448,0.065136
1419.501064,-19.614906,-19.648708,0.572022
1419.502236,-19.648129,-19.642357,-0.100523
1419.503408,-19.648689,-19.603439,-0.765364
1419.504580,-19.632214,-19.565550,-1.123470
1419.505752,-19.579840,-19.585636,0.095445
1419.506924,-19.532881,-19.601162,1.163006
1419.508096,-19.581581,-19.595884,0.239880
1419.509267,-19.548166,-19.605352,0.972317
1419.510439,-19.488400,-19.616409,2.197932
1419.511611,-19.555710,-19.592628,0.625248
1419.512783,-19.620012,-19.583122,-0.625082
1419.513955,-19.613319,-19.593452,-0.338592
1419.515127,-19.542654,-19.591997,0.837818
1419.516299,-19.521614,-19.576761,0.937333
1419.517471,-19.530748,-19.535540,0.078396
1419.518642,-19.522631,-19.558142,0.601201
1419.519814,-19.521912,-19.582901,1.037628
1419.520986,-19.496502,-19.565062,1.167794
1419.522158,-19.456194,-19.524506,1.163532
1419.523330,-19.478710,-19.455040,-0.402698
1419.524502,-19.504448,-19.428240,-1.282512
1419.525674,-19.503849,-19.446369,-0.970102
1419.526846,-19.502419,-19.441378,-1.029608
1419.528017,-19.481573,-19.439528,-0.711625
1419.529189,-19.436314,-19.437111,0.010691
1419.530361,-19.429634,-19.407438,-0.377852
1419.531533,-19.434694,-19.389664,-0.761689
1419.532705,-19.483320,-19.385052,-1.648783
1419.533877,-19.549824,-19.398062,-2.529250
1419.535049,-19.453363,-19.412628,-0.689638
1419.536221,-19.341982,-19.413921,1.225984
1419.537392,-19.338642,-19.418980,1.370761
1419.538564,-19.365677,-19.419483,0.914329
1419.539736,-19.307495,-19.427927,2.065837
1419.540908,-19.292271,-19.418125,2.160344
1419.542080,-19.324381,-19.378927,0.927019
1419.543252,-19.373140,-19.387945,0.248405
1419.544424,-19.357260,-19.396305,0.661592
1419.545596,-19.334143,-19.404892,1.205488
1419.546767,-19.323763,-19.395273,1.218591
1419.547939,-19.331959,-19.379004,0.798449
1419.549111,-19.360395,-19.346510,-0.237657
1419.550283,-19.370958,-19.367374,-0.063500
1419.551455,-19.374439,-19.367889,-0.113687
1419.552627,-19.347824,-19.351923,0.066653
1419.553799,-19.316399,-19.347193,0.520691
1419.554971,-19.336958,-19.396404,1.011125
1419.556142,-19.430691,-19.408428,-0.378974
1419.557314,-19.401108,-19.354080,-0.795160
1419.558486,-19.283964,-19.289711,0.094603
1419.559658,-19.306387,-19.296631,-0.167895
1419.560830,-19.312233,-19.304096,-0.140524
1419.562002,-19.248871,-19.271191,0.376256
1419.563174,-19.223181,-19.242180,0.319732
1419.564346,-19.261831,-19.255239,-0.114393
1419.565517,-19.301838,-19.285877,-0.272694
1419.566689,-19.223949,-19.294580,1.203453
1419.567861,-19.236496,-19.254173,0.297246
1419.569033,-19.303648,-19.212973,-1.522923
1419.570205,-19.281063,-19.224022,-0.962771
1419.571377,-19.283730,-19.287012,0.052814
1419.572549,-19.323345,-19.282585,-0.690055
1419.573721,-19.358089,-19.224035,-2.238990
1419.574892,-19.359047,-19.186781,-2.863870
1419.576064,-19.358454,-19.175026,-3.045363
1419.577236,-19.288074,-19.192566,-1.603060
1419.578408,-19.179190,-19.211704,0.550044
1419.579580,-19.127350,-19.217764,1.544848
1419.580752,-19.152597,-19.203249,0.860244
1419.581924,-19.139978,-19.194542,0.927317
1419.583096,-19.107090,-19.184650,1.322850
1419.584267,-19.156166,-19.229206,1.244936
1419.585439,-19.234678,-19.254974,0.341807
1419.586611,-19.198330,-19.218151,0.333721
1419.587783,-19.186718,-19.183825,-0.051814
1419.588955,-19.200806,-19.196217,-0.080514
1419.590127,-19.206190,-19.214218,0.133306
1419.591299,-19.165005,-19.202967,0.643078
1419.592471,-19.143545,-19.162785,0.323819
1419.593642,-19.154877,-19.149683,-0.090744
1419.594814,-19.166502,-19.161411,-0.088999
1419.595986,-19.163651,-19.160807,-0.050972
1419.597158,-19.209623,-19.155100,-0.920665
1419.598330,-19.247400,-19.134399,-1.892351
1419.599502,-19.173573,-19.120945,-0.888944
1419.600674,-19.118355,-19.138988,0.347551
1419.601846,-19.049572,-19.165787,1.992431
1419.603017,-19.067127,-19.237917,2.947988
1419.604189,-19.115240,-19.250982,2.332957
1419.605361,-19.141773,-19.198669,0.967344
1419.606533,-19.152142,-19.147100,-0.088162
1419.607705,-19.109152,-19.182035,1.242244
1419.608877,-19.110754,-19.212299,1.737624
1419.610049,-19.086468,-19.189096,1.756410
1419.611221,-19.084267,-19.179056,1.620560
1419.612392,-19.132162,-19.142332,0.169667
1419.613564,-19.109808,-19.101837,-0.137717
1419.614736,-19.072594,-19.085938,0.223577
1419.615908,-19.057178,-19.140430,1.421066
1419.617080,-19.103901,-19.228785,2.143409
1419.618252,-19.116959,-19.229517,1.928839
1419.619424,-19.102867,-19.173622,1.205585
1419.620596,-19.085979,-19.107073,0.355374
1419.621767,-19.102551,-19.056780,-0.774095
1419.622939,-19.155220,-19.079002,-1.282674
1419.624111,-19.110695,-19.097019,-0.234114
1419.625283,-19.056534,-19.122017,1.114866
1419.626455,-19.087288,-19.114250,0.455345
1419.627627,-19.129423,-19.079502,-0.843633
1419.628799,-19.107586,-19.110321,0.043535
1419.629971,-19.085670,-19.136572,0.864523
1419.631142,-19.104063,-19.133902,0.504387
1419.632314,-19.093554,-19.131348,0.640210
1419.633486,-19.056433,-19.095474,0.661530
1419.634658,-19.141180,-19.108751,-0.550110
1419.635830,-19.135395,-19.124903,-0.180340
1419.637002,-19.026878,-19.072414,0.772621
1419.638174,-18.943010,-19.071276,2.202396
1419.639346,-18.661528,-18.789719,2.201098
1419.640517,-18.359577,-18.397619,0.644446
1419.641689,-18.765303,-18.782681,0.292150
1419.642861,-19.083687,-19.053839,-0.506707
1419.644033,-19.102173,-19.042826,-1.001311
1419.645205,-19.090897,-19.042099,-0.824817
1419.646377,-19.126184,-19.077829,-0.817402
1419.647549,-19.192589,-19.080238,-1.881616
1419.648721,-19.206425,-19.037834,-2.804000
1419.649892,-19.130224,-19.038795,-1.535420
1419.651064,-19.005545,-19.048845,0.734366
1419.652236,-19.087128,-19.046143,-0.693835
1419.653408,-19.129274,-19.068485,-1.025402
1419.654580,-19.086458,-19.075531,-0.187689
1419.655752,-19.094809,-19.069321,-0.433314
1419.656924,-19.035118,-19.076279,0.697760
1419.658096,-19.027658,-19.057190,0.499151
1419.659267,-19.116589,-19.061852,-0.924239
1419.660439,-19.130054,-19.068708,-1.034708
1419.661611,-19.114126,-19.034019,-1.347376
1419.662783,-19.101011,-19.033468,-1.138138
1419.663955,-19.053989,-19.049366,-0.081093
1419.665127,-19.084173,-19.100325,0.271295
1419.666299,-19.129087,-19.140581,0.192145
1419.667471,-19.120535,-19.140882,0.342684
1419.668642,-19.090115,-19.112604,0.379141
1419.669814,-19.061399,-19.056000,-0.094231
1419.670986,-19.062744,-19.009193,-0.904388
1419.672158,-19.046852,-19.048033,0.017189
1419.673330,-19.010033,-19.108843,1.690204
1419.674502,-18.983730,-19.117477,2.298096
1419.675674,-19.001953,-19.107134,1.800690
1419.676846,-19.093760,-19.106956,0.221077
1419.678017,-19.122746,-19.082491,-0.681574
1419.679189,-19.097057,-19.076292,-0.353738
1419.680361,-19.104197,-19.092037,-0.208505
1419.681533,-19.036057,-19.104431,1.164611
1419.682705,-18.990709,-19.100096,1.873719
1419.683877,-19.068413,-19.056902,-0.197551
1419.685049,-19.085266,-19.009827,-1.269716
1419.686221,-19.033274,-19.009214,-0.409249
1419.687392,-19.020823,-19.036800,0.268348
1419.688564,-19.034082,-19.063354,0.494722
1419.689736,-18.994366,-19.067863,1.252829
1419.690908,-19.067635,-19.046782,-0.355216
1419.692080,-19.150192,-19.070946,-1.333071
1419.693252,-19.130213,-19.131319,0.015927
1419.694424,-19.074226,-19.112638,0.650769
1419.695596,-19.009756,-19.045187,0.599832
1419.696767,-19.057465,-19.054438,-0.054072
1419.697939,-19.096457,-19.096323,-0.005078
1419.699111,-19.072067,-19.124092,0.883783
1419.700283,-19.079617,-19.097307,0.297474
1419.701455,-19.119751,-19.085983,-0.572619
1419.702627,-19.110607,-19.106052,-0.079931
1419.703799,-19.132565,-19.070503,-1.046652
1419.704971,-19.148895,-19.081696,-1.132411
1419.706142,-19.097660,-19.116295,0.313532
1419.707314,-19.063812,-19.083521,0.331809
1419.708486,-19.036659,-19.083179,0.789469
1419.709658,-19.052824,-19.098213,0.770104
1419.710830,-19.153503,-19.083145,-1.185076
1419.712002,-19.242653,-19.119036,-2.067358
1419.713174,-19.182465,-19.110460,-1.212504
1419.714346,-19.123581,-19.054779,-1.159129
1419.715517,-19.159649,-19.073900,-1.441146
1419.716689,-19.201780,-19.101603,-1.680395
1419.717861,-19.166330,-19.077137,-1.498331
1419.719033,-19.097080,-19.079010,-0.308287
1419.720205,-19.151114,-19.100952,-0.847654
1419.721377,-19.180639,-19.080219,-1.684407
1419.722549,-19.098700,-19.039146,-1.004753
1419.723721,-18.993967,-19.051893,0.985025
1419.724892,-19.003792,-19.115908,1.921147
1419.726064,-19.086498,-19.134672,0.817787
1419.727236,-19.121620,-19.115105,-0.113104
1419.728408,-19.088400,-19.120049,0.535267
1419.729580,-19.026127,-19.114223,1.504768
1419.730752,-19.034077,-19.106142,1.228150
1419.731924,-19.066050,-19.131315,1.111130
1419.733096,-19.084856,-19.152815,1.157454
1419.734267,-19.113155,-19.141607,0.480743
1419.735439,-19.082546,-19.117619,0.593711
1419.736611,-19.015364,-19.085428,1.193701
1419.737783,-19.131636,-19.095240,-0.616785
1419.738955,-19.245550,-19.099577,-2.434493
1419.740127,-19.240721,-19.068892,-2.856757
1419.741299,-19.230865,-19.053141,-2.952689
1419.742471,-19.153595,-19.062065,-1.537099
1419.743642,-19.130274,-19.083637,-0.788609
1419.744814,-19.187895,-19.093330,-1.587414
1419.745986,-19.166397,-19.104130,-1.050090
1419.747158,-19.091402,-19.118889,0.464281
1419.748330,-19.164009,-19.124870,-0.662846
1419.749502,-19.159687,-19.123716,-0.609637
1419.750674,-19.179815,-19.113319,-1.120672
1419.751846,-19.241776,-19.116550,-2.093827
1419.753017,-19.248568,-19.124754,-2.070590
1419.754189,-19.184893,-19.112041,-1.226615
1419.755361,-19.129393,-19.120007,-0.161642
1419.756533,-19.073345,-19.160259,1.484334
1419.757705,-19.076929,-19.203251,2.168491
1419.758877,-19.128922,-19.243713,1.967673
1419.760049,-19.150846,-19.200623,0.845238
1419.761221,-18.941526,-19.018501,1.312755
1419.762392,-19.016994,-19.050312,0.563752
1419.763564,-19.209080,-19.139278,-1.175792
1419.764736,-19.184334,-19.138872,-0.768916
1419.765908,-19.169802,-19.129843,-0.676610
1419.767080,-19.229156,-19.142206,-1.461098
1419.768252,-19.242685,-19.181196,-1.037097
1419.769424,-19.192114,-19.182547,-0.164707
1419.770596,-19.136595,-19.193480,0.967143
1419.771767,-19.211731,-19.196774,-0.255759
1419.772939,-19.230280,-19.209459,-0.354672
1419.774111,-19.159613,-19.219044,1.010862
1419.775283,-19.210693,-19.216557,0.096577
1419.776455,-19.249094,-19.158722,-1.517893
1419.777627,-19.158335,-19.127377,-0.525378
1419.778799,-19.157732,-19.151863,-0.102168
1419.779971,-19.235147,-19.173050,-1.047258
1419.781142,-19.206373,-19.201477,-0.085710
1419.782314,-19.152905,-19.208912,0.952093
1419.783486,-19.123314,-19.210215,1.484106
1419.784658,-19.153767,-19.181520,0.468842
1419.785830,-19.270361,-19.177774,-1.554622
1419.787002,-19.287987,-19.223253,-1.091262
1419.788174,-19.291748,-19.240444,-0.866786
1419.789346,-19.290791,-19.208199,-1.388696
1419.790517,-19.221672,-19.176184,-0.769363
1419.791689,-19.183949,-19.195683,0.196223
1419.792861,-19.174438,-19.235508,1.039005
1419.794033,-19.209848,-19.252493,0.723140
1419.795205,-19.234150,-19.278534,0.752897
1419.796377,-19.204218,-19.272829,1.168680
1419.797549,-19.116461,-19.244560,2.199502
1419.798721,-19.137150,-19.262533,2.152126
1419.799892,-19.245026,-19.254400,0.156161
1419.801064,-19.194521,-19.245003,0.857332
1419.802236,-19.120071,-19.234312,1.958087
1419.803408,-19.163605,-19.222414,1.000188
1419.804580,-19.241163,-19.229929,-0.192877
1419.805752,-19.255093,-19.232677,-0.381548
1419.806924,-19.253138,-19.271938,0.316356
1419.808096,-19.241383,-19.329264,1.501050
1419.809267,-19.256971,-19.306126,0.834582
1419.810439,-19.242371,-19.253490,0.185795
1419.811611,-19.203093,-19.253866,0.862331
1419.812783,-19.164583,-19.267815,1.766863
1419.813955,-19.121077,-19.239408,2.029274
1419.815127,-19.175304,-19.216137,0.692147
1419.816299,-19.271374,-19.239595,-0.539174
1419.817471,-19.239386,-19.277924,0.652918
1419.818642,-19.154276,-19.284391,2.234679
1419.819814,-18.863106,-19.010767,2.541563
1419.820986,-18.457407,-18.664263,3.586093
1419.822158,-18.844053,-18.993660,2.575670
1419.823330,-19.220469,-19.233225,0.213596
1419.824502,-19.305454,-19.188858,-1.951667
1419.825674,-19.257317,-19.216526,-0.690568
1419.826846,-19.225182,-19.277241,0.884370
1419.828017,-19.223635,-19.268402,0.759466
1419.829189,-19.240810,-19.269255,0.480611
1419.830361,-19.334595,-19.299538,-0.594290
1419.831533,-19.341827,-19.279083,-1.058054
1419.832705,-19.300610,-19.270821,-0.505711
1419.833877,-19.333748,-19.323536,-0.175600
1419.835049,-19.420626,-19.340324,-1.350612
1419.836221,-19.491295,-19.303667,-3.113533
1419.837392,-19.477638,-19.276299,-3.335641
1419.838564,-19.329109,-19.314449,-0.250733
1419.839736,-19.265079,-19.329817,1.102045
1419.840908,-19.264187,-19.315294,0.868058
1419.842080,-19.277138,-19.337656,1.029533
1419.843252,-19.309404,-19.326256,0.283205
1419.844424,-19.366159,-19.292662,-1.237385
1419.845596,-19.336266,-19.270922,-1.101448
1419.846767,-19.280355,-19.317991,0.637500
1419.847939,-19.256380,-19.363173,1.828667
1419.849111,-19.254337,-19.339455,1.453288
1419.850283,-19.344284,-19.326950,-0.295864
1419.851455,-19.381056,-19.347279,-0.572781
1419.852627,-19.347519,-19.346561,-0.019031
1419.853799,-19.338663,-19.323824,-0.253759
1419.854971,-19.327324,-19.326443,-0.017742
1419.856142,-19.369509,-19.337122,-0.549404
1419.857314,-19.409678,-19.343071,-1.122514
1419.858486,-19.414751,-19.356400,-0.984674
1419.859658,-19.344027,-19.360929,0.284073
1419.860830,-19.336168,-19.345505,0.155512
1419.862002,-19.279821,-19.329840,0.849386
1419.863174,-19.292416,-19.313282,0.351506
1419.864346,-19.394077,-19.305599,-1.486461
1419.865517,-19.397146,-19.376923,-0.344604
1419.866689,-19.382708,-19.436317,0.910961
1419.867861,-19.356058,-19.426268,1.196192
1419.869033,-19.298948,-19.393208,1.611378
1419.870205,-19.260635,-19.374384,1.949528
1419.871377,-19.282536,-19.359413,1.311080
1419.872549,-19.398001,-19.362898,-0.595057
1419.873721,-19.429068,-19.381241,-0.808552
1419.874892,-19.417984,-19.407314,-0.183339
1419.876064,-19.434380,-19.423611,-0.185014
1419.877236,-19.469730,-19.409426,-1.017312
1419.878408,-19.379938,-19.362572,-0.296413
1419.879580,-19.247658,-19.236765,-0.187106
1419.880752,-19.150486,-19.173033,0.380115
1419.881924,-19.243563,-19.299660,0.953628
1419.883096,-19.366152,-19.379929,0.230935
1419.884267,-19.417904,-19.409685,-0.141909
1419.885439,-19.367254,-19.398460,0.527716
1419.886611,-19.361261,-19.382456,0.357093
1419.887783,-19.445307,-19.390575,-0.924143
1419.888955,-19.547369,-19.386463,-2.678671
1419.890127,-19.536512,-19.391521,-2.418400
1419.891299,-19.555939,-19.437731,-1.978241
1419.892471,-19.569067,-19.449617,-1.998706
1419.893642,-19.482563,-19.456961,-0.435239
1419.894814,-19.508232,-19.424824,-1.402263
1419.895986,-19.499519,-19.394814,-1.755313
1419.897158,-19.508383,-19.388115,-2.012190
1419.898330,-19.535091,-19.371206,-2.727288
1419.899502,-19.423954,-19.378057,-0.776204
1419.900674,-19.368509,-19.403969,0.600323
1419.901846,-19.406775,-19.440386,0.568769
1419.903017,-19.447296,-19.461578,0.239521
1419.904189,-19.483868,-19.467169,-0.285147
1419.905361,-19.513533,-19.464296,-0.832162
1419.906533,-19.499191,-19.462290,-0.625274
1419.907705,-19.491182,-19.450346,-0.691335
1419.908877,-19.478075,-19.422094,-0.945037
1419.910049,-19.473640,-19.444725,-0.491013
1419.911221,-19.486712,-19.457916,-0.488991
1419.912392,-19.493774,-19.422405,-1.201923
1419.913564,-19.495760,-19.419369,-1.285559
1419.914736,-19.434294,-19.444912,0.177279
1419.915908,-19.384405,-19.457657,1.248585
1419.917080,-19.414921,-19.444305,0.496643
1419.918252,-19.438383,-19.448227,0.164124
1419.919424,-19.447407,-19.430086,-0.295641
1419.920596,-19.446999,-19.404228,-0.723785
1419.921767,-19.385447,-19.447004,1.047389
1419.922939,-19.359964,-19.445320,1.457410
1419.924111,-19.407440,-19.429972,0.379860
1419.925283,-19.453638,-19.457623,0.064715
1419.926455,-19.479311,-19.526213,0.796002
1419.927627,-19.434496,-19.535709,1.731871
1419.928799,-19.465700,-19.507816,0.714098
1419.929971,-19.479156,-19.486423,0.120387
1419.931142,-19.469563,-19.484484,0.250387
1419.932314,-19.489998,-19.503496,0.226199
1419.933486,-19.491320,-19.525492,0.578337
1419.934658,-19.422293,-19.552395,2.234451
1419.935830,-19.435347,-19.546579,1.905800
1419.937002,-19.471378,-19.513323,0.711160
1419.938174,-19.471064,-19.513151,0.713607
1419.939346,-19.433687,-19.509687,1.295952
1419.940517,-19.436426,-19.501673,1.110797
1419.941689,-19.520752,-19.470556,-0.848233
1419.942861,-19.526550,-19.463253,-1.067289
1419.944033,-19.428205,-19.469398,0.698312
1419.945205,-19.404457,-19.474512,1.193534
1419.946377,-19.477257,-19.492474,0.255412
1419.947549,-19.538559,-19.507467,-0.527624
1419.948721,-19.501459,-19.517805,0.274610
1419.949892,-19.486420,-19.521891,0.600516
1419.951064,-19.483194,-19.485512,0.036449
1419.952236,-19.487865,-19.459408,-0.483308
1419.953408,-19.539207,-19.479229,-1.011861
1419.954580,-19.592489,-19.475649,-1.955693
1419.955752,-19.556484,-19.459290,-1.630997
1419.956924,-19.518635,-19.496538,-0.376181
1419.958096,-19.471838,-19.499598,0.468938
1419.959267,-19.477257,-19.470579,-0.115845
1419.960439,-19.527609,-19.510340,-0.294773
1419.961611,-19.539402,-19.553469,0.235864
1419.962783,-19.579971,-19.517086,-1.060413
1419.963955,-19.557898,-19.450129,-1.805948
1419.965127,-19.563206,-19.462126,-1.695330
1419.966299,-19.584314,-19.521791,-1.054361
1419.967471,-19.530115,-19.588110,0.986200
1419.968642,-19.499348,-19.570583,1.213864
1419.969814,-19.493635,-19.494461,0.011173
1419.970986,-19.515436,-19.482450,-0.559472
1419.972158,-19.521872,-19.548265,0.445654
1419.973330,-19.531538,-19.565704,0.578240
1419.974502,-19.589985,-19.557631,-0.548860
1419.975674,-19.584196,-19.505087,-1.330787
1419.976846,-19.475134,-19.513525,0.650410
1419.978017,-19.452976,-19.530687,1.325455
1419.979189,-19.558289,-19.530643,-0.469636
1419.980361,-19.638086,-19.559772,-1.317553
1419.981533,-19.610844,-19.542810,-1.146312
1419.982705,-19.607788,-19.521929,-1.442983
1419.983877,-19.588051,-19.556229,-0.539910
1419.985049,-19.569668,-19.598730,0.491144
1419.986221,-19.500010,-19.573305,1.249339
1419.987392,-19.506895,-19.557528,0.859910
1419.988564,-19.585182,-19.537453,-0.806921
1419.989736,-19.569534,-19.521446,-0.812929
1419.990908,-19.495243,-19.542213,0.797178
1419.992080,-19.539684,-19.556246,0.278267
1419.993252,-19.553801,-19.596987,0.732401
1419.994424,-19.526186,-19.617527,1.560880
1419.995596,-19.541000,-19.585423,0.753555
1419.996767,-19.585068,-19.556198,-0.490241
1419.997939,-19.629206,-19.541641,-1.471297
1419.999111,-19.575212,-19.475573,-1.671493
1420.000283,-19.509188,-19.432886,-1.284068
1420.001455,-19.544794,-19.523895,-0.355988
1420.002627,-19.565718,-19.559038,-0.115880
1420.003799,-19.541357,-19.575775,0.582538
1420.004971,-19.470392,-19.571579,1.731406
1420.006142,-19.457306,-19.554630,1.664464
1420.007314,-19.508221,-19.564398,0.955005
1420.008486,-19.525518,-19.583389,0.984069
1420.009658,-19.538002,-19.598011,1.020789
1420.010830,-19.546274,-19.572227,0.438146
1420.012002,-19.555983,-19.544582,-0.195679
1420.013174,-19.619295,-19.551899,-1.135687
1420.014346,-19.603151,-19.573544,-0.502664
1420.015517,-19.569796,-19.561039,-0.151004
1420.016689,-19.573738,-19.521854,-0.876490
1420.017861,-19.591074,-19.533049,-0.979223
1420.019033,-19.542738,-19.548838,0.100585
1420.020205,-19.499361,-19.562933,1.082005
1420.021377,-19.508856,-19.580843,1.226799
1420.022549,-19.485834,-19.591295,1.805557
1420.023721,-19.521107,-19.584366,1.076629
1420.024892,-19.555414,-19.588161,0.554017
1420.026064,-19.563824,-19.609659,0.777743
1420.027236,-19.605587,-19.602024,-0.063145
1420.028408,-19.606789,-19.586895,-0.339040
1420.029580,-19.551355,-19.551022,-0.008468
1420.030752,-19.560572,-19.524757,-0.607011
1420.031924,-19.582157,-19.556253,-0.440317
1420.033096,-19.572712,-19.553957,-0.319838
1420.034267,-19.585310,-19.532743,-0.887922
1420.035439,-19.626770,-19.532276,-1.586243
1420.036611,-19.660284,-19.564905,-1.600911
1420.037783,-19.636177,-19.590405,-0.774125
1420.038955,-19.540907,-19.622681,1.395545
1420.040127,-19.519276,-19.598253,1.347301
1420.041299,-19.581039,-19.569189,-0.203287
1420.042471,-19.523005,-19.569546,0.789828
1420.043642,-19.506777,-19.574205,1.148333
1420.044814,-19.541309,-19.565559,0.409126
1420.045986,-19.505638,-19.625275,2.051989
1420.047158,-19.500153,-19.641853,2.437173
1420.048330,-19.509069,-19.583237,1.264362
1420.049502,-19.596901,-19.599117,0.034738
1420.050674,-19.632410,-19.606073,-0.447605
1420.051846,-19.560894,-19.570553,0.160984
1420.053017,-19.556070,-19.547009,-0.156161
1420.054189,-19.575617,-19.543447,-0.545747
1420.055361,-19.579872,-19.546755,-0.561687
1420.056533,-19.543232,-19.562935,0.331712
1420.057705,-19.533121,-19.562958,0.504352
1420.058877,-19.539520,-19.528500,-0.189268
1420.060049,-19.523804,-19.571600,0.811324
1420.061221,-19.537470,-19.658325,2.073213
1420.062392,-19.603003,-19.642727,0.673194
1420.063564,-19.635550,-19.573971,-1.038593
1420.064736,-19.572803,-19.579102,0.103952
1420.065908,-19.590967,-19.563358,-0.469022
1420.067080,-19.643301,-19.517456,-2.104026
1420.068252,-19.691772,-19.532030,-2.659675
1420.069424,-19.670647,-19.590618,-1.346078
1420.070596,-19.623999,-19.617456,-0.113556
1420.071767,-19.546919,-19.578251,0.529864
1420.072939,-19.492008,-19.595907,1.778449
1420.074111,-19.563406,-19.599634,0.613452
1420.075283,-19.565878,-19.585125,0.323951
1420.076455,-19.483353,-19.606873,2.119642
1420.077627,-19.444399,-19.600159,2.683630
1420.078799,-19.427519,-19.585266,2.718535
1420.079971,-19.473919,-19.587719,1.950431
1420.081142,-19.522135,-19.557117,0.592185
1420.082314,-19.544809,-19.535088,-0.167316
1420.083486,-19.542873,-19.510857,-0.543182
1420.084658,-19.559879,-19.527699,-0.545940
1420.085830,-19.547806,-19.545177,-0.047324
1420.087002,-19.573099,-19.573135,-0.002201
1420.088174,-19.660995,-19.623011,-0.643468
1420.089346,-19.651804,-19.624296,-0.467320
1420.090517,-19.555599,-19.579380,0.401137
1420.091689,-19.507429,-19.552597,0.766316
1420.092861,-19.551126,-19.542063,-0.156196
1420.094033,-19.613306,-19.550779,-1.054423
1420.095205,-19.561172,-19.548660,-0.214465
1420.096377,-19.521811,-19.582388,1.030550
1420.097549,-19.521988,-19.574081,0.884958
1420.098721,-19.475639,-19.561550,1.466995
1420.099892,-19.516924,-19.575853,1.002249
1420.101064,-19.619427,-19.597281,-0.377014
1420.102236,-19.663437,-19.579779,-1.406416
1420.103408,-19.628044,-19.531843,-1.614535
1420.104580,-19.583591,-19.508930,-1.256763
1420.105752,-19.557589,-19.514488,-0.729319
1420.106924,-19.559570,-19.539202,-0.347051
1420.108096,-19.516275,-19.547728,0.531917
1420.109267,-19.466228,-19.536034,1.189228
1420.110439,-19.492716,-19.562664,1.191693
1420.111611,-19.540234,-19.593876,0.911514
1420.112783,-19.555946,-19.570358,0.241731
1420.113955,-19.539339,-19.520485,-0.321508
1420.115127,-19.516518,-19.494413,-0.376308
1420.116299,-19.498745,-19.522902,0.407539
1420.117471,-19.567574,-19.542456,-0.427083
1420.118642,-19.561733,-19.544352,-0.296671
1420.119814,-19.524845,-19.546490,0.364758
1420.120986,-19.544336,-19.586637,0.717264
1420.122158,-19.525299,-19.587887,1.065096
1420.123330,-19.483677,-19.545395,1.050143
1420.124502,-19.535290,-19.557411,0.372879
1420.125674,-19.603638,-19.538321,-1.101001
1420.126846,-19.533194,-19.535400,0.034581
1420.128017,-19.416239,-19.548965,2.280275
1420.129189,-19.479839,-19.561756,1.398019
1420.130361,-19.587788,-19.526760,-1.029388
1420.131533,-19.563086,-19.543146,-0.339811
1420.132705,-19.515663,-19.558962,0.734331
1420.133877,-19.488146,-19.535122,0.797274
1420.135049,-19.547100,-19.542835,-0.075024
1420.136221,-19.570093,-19.552807,-0.295062
1420.137392,-19.545315,-19.536322,-0.154999
1420.138564,-19.612207,-19.491962,-2.011813
1420.139736,-19.644188,-19.529060,-1.927444
1420.140908,-19.566572,-19.590961,0.411503
1420.142080,-19.534317,-19.583508,0.835205
1420.143252,-19.519415,-19.523775,0.071082
1420.144424,-19.512173,-19.468836,-0.733287
1420.145596,-19.511908,-19.472269,-0.671234
1420.146767,-19.472473,-19.477758,0.086772
1420.147939,-19.485464,-19.496830,0.189978
1420.149111,-19.515099,-19.512312,-0.050007
1420.150283,-19.534031,-19.518944,-0.257947
1420.151455,-19.493664,-19.513985,0.342228
1420.152627,-19.465891,-19.507429,0.704214
1420.153799,-19.503700,-19.517241,0.226909
1420.154971,-19.504265,-19.507006,0.043631
1420.156142,-19.517244,-19.516823,-0.009954
1420.157314,-19.513718,-19.550819,0.628379
1420.158486,-19.502810,-19.534136,0.529768
1420.159658,-19.542097,-19.533205,-0.153293
1420.160830,-19.528801,-19.538988,0.169956
1420.162002,-19.572021,-19.538265,-0.572426
1420.163174,-19.584763,-19.509180,-1.272097
1420.164346,-19.502775,-19.485075,-0.302043
1420.165517,-19.495504,-19.507805,0.205852
1420.166689,-19.519268,-19.515562,-0.065565
1420.167861,-19.482527,-19.470146,-0.212241
1420.169033,-19.454756,-19.433481,-0.362324
1420.170205,-19.487720,-19.472692,-0.256947
1420.171377,-19.511889,-19.506775,-0.089389
1420.172549,-19.517019,-19.491117,-0.440282
1420.173721,-19.522375,-19.509050,-0.228190
1420.174892,-19.512236,-19.519878,0.126763
1420.176064,-19.503582,-19.493181,-0.178792
1420.177236,-19.474182,-19.479700,0.090718
1420.178408,-19.470737,-19.470972,0.001158
1420.179580,-19.529230,-19.471231,-0.978776
1420.180752,-19.599987,-19.467207,-2.218060
1420.181924,-19.500658,-19.465836,-0.590347
1420.183096,-19.409836,-19.466211,0.958408
1420.184267,-19.435823,-19.460505,0.416467
1420.185439,-19.416533,-19.441469,0.420825
1420.186611,-19.393608,-19.445240,0.877047
1420.187783,-19.350471,-19.457104,1.825886
1420.188955,-19.381737,-19.487110,1.804031
1420.190127,-19.486469,-19.502871,0.275548
1420.191299,-19.574612,-19.490379,-1.415953
1420.192471,-19.570690,-19.466911,-1.739983
1420.193642,-19.485537,-19.460207,-0.430648
1420.194814,-19.416527,-19.445055,0.482041
1420.195986,-19.414495,-19.439356,0.419527
1420.197158,-19.403217,-19.439329,0.611470
1420.198330,-19.400373,-19.416245,0.266533
1420.199502,-19.391222,-19.412849,0.364469
1420.200674,-19.434696,-19.457701,0.387911
1420.201846,-19.431965,-19.461845,0.505106
1420.203017,-19.456123,-19.460848,0.077265
1420.204189,-19.494406,-19.485020,-0.161642
1420.205361,-19.473570,-19.498562,0.421764
1420.206533,-19.490324,-19.452904,-0.633988
1420.207705,-19.557524,-19.435894,-2.034628
1420.208877,-19.529608,-19.474903,-0.923695
1420.210049,-19.532578,-19.503677,-0.490754
1420.211221,-19.432384,-19.505896,1.253057
1420.212392,-19.412062,-19.453173,0.696909
1420.213564,-19.485863,-19.451183,-0.587940
1420.214736,-19.470261,-19.425461,-0.757817
1420.215908,-19.416197,-19.369286,-0.793209
1420.217080,-19.422623,-19.410275,-0.211693
1420.218252,-19.475681,-19.451658,-0.408639
1420.219424,-19.495150,-19.476889,-0.311506
1420.220596,-19.420683,-19.463192,0.720816
1420.221767,-19.368582,-19.433865,1.111420
1420.222939,-19.451977,-19.436493,-0.264643
1420.224111,-19.465986,-19.443205,-0.387718
1420.225283,-19.384014,-19.408508,0.413283
1420.226455,-19.406668,-19.392292,-0.245936
1420.227627,-19.477776,-19.385372,-1.551588
1420.228799,-19.440386,-19.418257,-0.376725
1420.229971,-19.484295,-19.430105,-0.915079
1420.231142,-19.484652,-19.415701,-1.161611
1420.232314,-19.410141,-19.410088,-0.003719
1420.233486,-19.501369,-19.396580,-1.756699
1420.234658,-19.602196,-19.365391,-3.906865
1420.235830,-19.547613,-19.370352,-2.945151
1420.237002,-19.450401,-19.401867,-0.820405
1420.238174,-19.362041,-19.413813,0.879433
1420.239346,-19.376711,-19.435863,1.006082
1420.240517,-19.405825,-19.432632,0.452714
1420.241689,-19.435465,-19.410503,-0.424448
1420.242861,-19.444994,-19.403355,-0.704811
1420.244033,-19.438688,-19.391396,-0.799603
1420.245205,-19.453527,-19.399733,-0.908475
1420.246377,-19.448307,-19.429522,-0.320351
1420.247549,-19.380259,-19.437450,0.972413
1420.248721,-19.369383,-19.413227,0.743662
1420.249892,-19.408171,-19.413578,0.088841
1420.251064,-19.468300,-19.459150,-0.157643
1420.252236,-19.480892,-19.465229,-0.267668
1420.253408,-19.472181,-19.435705,-0.618131
1420.254580,-19.522850,-19.380442,-2.376076
1420.255752,-19.497162,-19.379438,-1.970256
1420.256924,-19.465260,-19.429911,-0.599192
1420.258096,-19.502735,-19.494320,-0.145229
1420.259267,-19.452007,-19.495562,0.738707
1420.260439,-19.374084,-19.448488,1.268440
1420.261611,-19.381184,-19.402817,0.364565
1420.262783,-19.420532,-19.388693,-0.540200
1420.263955,-19.425758,-19.388252,-0.635430
1420.265127,-19.420753,-19.381721,-0.661052
1420.266299,-19.381920,-19.373697,-0.141975
1420.267471,-19.365778,-19.345951,-0.337917
1420.268642,-19.432467,-19.327822,-1.754300
1420.269814,-19.450014,-19.336952,-1.893359
1420.270986,-19.353556,-19.365927,0.207045
1420.272158,-19.406225,-19.374611,-0.536416
1420.273330,-19.494307,-19.354748,-2.329348
1420.274502,-19.431545,-19.326950,-1.753480
1420.275674,-19.386923,-19.338060,-0.825904
1420.276846,-19.436981,-19.366177,-1.192513
1420.278017,-19.519974,-19.393328,-2.117208
1420.279189,-19.445341,-19.419315,-0.442369
1420.280361,-19.411648,-19.419975,0.138384
1420.281533,-19.495447,-19.390965,-1.751621
1420.282705,-19.447018,-19.406355,-0.688424
1420.283877,-19.380508,-19.388342,0.129999
1420.285049,-19.268538,-19.356049,1.494648
1420.286221,-19.242014,-19.369566,2.189952
1420.287392,-19.298719,-19.370420,1.221879
1420.288564,-19.268217,-19.400608,2.274408
1420.289736,-19.319456,-19.383156,1.084206
1420.290908,-19.398096,-19.332096,-1.112398
1420.292080,-19.352621,-19.343754,-0.152872
1420.293252,-19.344904,-19.404465,1.013089
1420.294424,-19.451603,-19.396675,-0.927427
1420.295596,-19.467136,-19.361437,-1.771744
1420.296767,-19.409164,-19.388533,-0.351489
1420.297939,-19.381033,-19.401031,0.336738
1420.299111,-19.374454,-19.370201,-0.074831
1420.300283,-19.394680,-19.349522,-0.763829
1420.301455,-19.371361,-19.338350,-0.559889
1420.302627,-19.347460,-19.369371,0.369301
1420.303799,-19.404861,-19.380524,-0.413941
1420.304971,-19.392721,-19.382521,-0.175407
1420.306142,-19.346535,-19.383123,0.619609
1420.307314,-19.312460,-19.369682,0.972940
1420.308486,-19.370853,-19.341696,-0.495091
1420.309658,-19.424347,-19.333946,-1.518367
1420.310830,-19.297239,-19.336084,0.658171
1420.312002,-19.246050,-19.396244,2.585966
1420.313174,-19.334480,-19.402756,1.162900
1420.314346,-19.462307,-19.354637,-1.804307
1420.315517,-19.405596,-19.332647,-1.228233
1420.316689,-19.343271,-19.343651,0.003613
1420.317861,-19.324186,-19.395975,1.223388
1420.319033,-19.308428,-19.389198,1.378233
1420.320205,-19.309265,-19.353622,0.752441
1420.321377,-19.350508,-19.338066,-0.213272
1420.322549,-19.318792,-19.323275,0.073152
1420.323721,-19.310452,-19.341383,0.523032
1420.324892,-19.383938,-19.352871,-0.527207
1420.326064,-19.421070,-19.381893,-0.663486
1420.327236,-19.369476,-19.424595,0.936842
1420.328408,-19.323360,-19.421350,1.675996
1420.329580,-19.365847,-19.357609,-0.142229
1420.330752,-19.408743,-19.355156,-0.904997
1420.331924,-19.403376,-19.397678,-0.099265
1420.333096,-19.381878,-19.381170,-0.014800
1420.334267,-19.358841,-19.343506,-0.262130
1420.335439,-19.377644,-19.307011,-1.189654
1420.336611,-19.418039,-19.312174,-1.774485
1420.337783,-19.382832,-19.329765,-0.896284
1420.338955,-19.333626,-19.352619,0.319636
1420.340127,-19.346664,-19.347044,0.003613
1420.341299,-19.308149,-19.354010,0.778173
1420.342471,-19.292053,-19.343533,0.874425
1420.343642,-19.358149,-19.322742,-0.600152
1420.344814,-19.379995,-19.313677,-1.117712
1420.345986,-19.438614,-19.300898,-2.299118
1420.347158,-19.368971,-19.315456,-0.903783
1420.348330,-19.337383,-19.343239,0.096445
1420.349502,-19.356052,-19.314087,-0.710283
1420.350674,-19.384432,-19.315210,-1.166128
1420.351846,-19.417940,-19.341681,-1.283371
1420.353017,-19.400517,-19.342916,-0.972111
1420.354189,-19.330427,-19.334856,0.072248
1420.355361,-19.310425,-19.319317,0.147969
1420.356533,-19.295986,-19.327108,0.526286
1420.357705,-19.302507,-19.317900,0.258394
1420.358877,-19.339882,-19.301712,-0.646577
1420.360049,-19.331070,-19.303171,-0.473902
1420.361221,-19.298836,-19.322323,0.396129
1420.362392,-19.312513,-19.318043,0.090911
1420.363564,-19.322533,-19.292875,-0.503497
1420.364736,-19.338921,-19.324017,-0.254855
1420.365908,-19.329906,-19.351084,0.356804
1420.367080,-19.369816,-19.357193,-0.216333
1420.368252,-19.410524,-19.371223,-0.665564
1420.369424,-19.408087,-19.350416,-0.973290
1420.370596,-19.387573,-19.325481,-1.047161
1420.371767,-19.388788,-19.350861,-0.642508
1420.372939,-19.400763,-19.370705,-0.510237
1420.374111,-19.459942,-19.338465,-2.032116
1420.375283,-19.424564,-19.363539,-1.029353
1420.376455,-19.357800,-19.400208,0.719088
1420.377627,-19.326700,-19.378422,0.878582
1420.378799,-19.322701,-19.332369,0.161151
1420.379971,-19.332493,-19.278894,-0.905186
1420.381142,-19.354429,-19.332899,-0.366630
1420.382314,-19.350624,-19.405922,0.939911
1420.383486,-19.350611,-19.375961,0.427877
1420.384658,-19.343998,-19.349697,0.093788
1420.385830,-19.394978,-19.370710,-0.412753
1420.387002,-19.423037,-19.351139,-1.210728
1420.388174,-19.340023,-19.328249,-0.201998
1420.389346,-19.256132,-19.316599,1.028647
1420.390517,-19.271868,-19.296841,0.421439
1420.391689,-19.320580,-19.285120,-0.601051
1420.392861,-19.369152,-19.314720,-0.919135
1420.394033,-19.390541,-19.342840,-0.806443
1420.395205,-19.382494,-19.340422,-0.712077
1420.396377,-19.363268,-19.345510,-0.303012
1420.397549,-19.355421,-19.352711,-0.048714
1420.398721,-19.282372,-19.341648,1.008213
1420.399892,-19.269367,-19.356438,1.487035
1420.401064,-19.323133,-19.386356,1.076006
1420.402236,-19.343229,-19.338594,-0.081286
1420.403408,-19.103701,-19.093925,-0.168220
1420.404580,-17.351154,-17.339401,-0.201643
1420.405752,-15.845312,-15.810793,-0.585248
1420.406924,-17.404732,-17.340408,-1.084417
1420.408096,-19.165518,-19.156803,-0.150294
1420.409267,-19.397635,-19.364660,-0.559279
1420.410439,-19.399012,-19.351360,-0.805610
1420.411611,-19.367813,-19.376808,0.149715
1420.412783,-19.389513,-19.384230,-0.092262
1420.413955,-19.383936,-19.385017,0.015506
1420.415127,-19.336988,-19.344423,0.123238
1420.416299,-19.385582,-19.277697,-1.807873
1420.417471,-19.381466,-19.277298,-1.746416
1420.418642,-19.335491,-19.327312,-0.141230
1420.419814,-19.360983,-19.336340,-0.419080
1420.420986,-19.358429,-19.361429,0.048025
1420.422158,-19.331802,-19.375856,0.747258
1420.423330,-19.363028,-19.369101,0.100128
1420.424502,-19.407036,-19.389366,-0.301530
1420.425674,-19.371189,-19.414103,0.727736
1420.426846,-19.350342,-19.390963,0.688525
1420.428017,-19.326704,-19.383772,0.970291
1420.429189,-19.266563,-19.406527,2.406766
1420.430361,-19.279305,-19.409620,2.238178
1420.431533,-19.250698,-19.355600,1.795858
1420.432705,-19.288971,-19.341854,0.898499
1420.433877,-19.450399,-19.314430,-2.270439
1420.435049,-19.458115,-19.286638,-2.851012
1420.436221,-19.492825,-19.330538,-2.701206
1420.437392,-19.503456,-19.360132,-2.391086
1420.438564,-19.411707,-19.343033,-1.156998
1420.439736,-19.373648,-19.351126,-0.383346
1420.440908,-19.363091,-19.362324,-0.015804
1420.442080,-19.393513,-19.366089,-0.465908
1420.443252,-19.506966,-19.368032,-2.319083
1420.444424,-19.475681,-19.384951,-1.523839
1420.445596,-19.327122,-19.409096,1.399010
1420.446767,-19.295639,-19.440474,2.492038
1420.447939,-19.401352,-19.416723,0.258034
1420.449111,-19.451887,-19.392723,-0.998255
1420.450283,-19.433989,-19.394232,-0.673216
1420.451455,-19.431843,-19.382069,-0.841173
1420.452627,-19.333845,-19.368099,0.579740
1420.453799,-19.273088,-19.385893,1.933119
1420.454971,-19.246464,-19.403435,2.704898
1420.456142,-19.323250,-19.426399,1.765443
1420.457314,-19.468016,-19.407484,-1.021101
1420.458486,-19.367851,-19.421120,0.905103
1420.459658,-19.286976,-19.442642,2.681990
1420.460830,-19.315659,-19.396887,1.386135
1420.462002,-19.311625,-19.379726,1.159919
1420.463174,-19.328007,-19.375196,0.800931
1420.464346,-19.364349,-19.357292,-0.122264
1420.465517,-19.415926,-19.348448,-1.137055
1420.466689,-19.427616,-19.345577,-1.379505
1420.467861,-19.422379,-19.353767,-1.155950
1420.469033,-19.426823,-19.388329,-0.652019
1420.470205,-19.441540,-19.390144,-0.868316
1420.471377,-19.366318,-19.381802,0.259946
1420.472549,-19.326637,-19.381887,0.939096
1420.473721,-19.296707,-19.353369,0.963319
1420.474892,-19.333370,-19.367756,0.581985
1420.476064,-19.372833,-19.413406,0.687709
1420.477236,-19.347206,-19.415367,1.160936
1420.478408,-19.372467,-19.402491,0.507544
1420.479580,-19.441202,-19.388910,-0.883322
1420.480752,-19.459019,-19.388401,-1.189399
1420.481924,-19.401915,-19.416988,0.252974
1420.483096,-19.363695,-19.426149,1.062798
1420.484267,-19.396732,-19.425926,0.493389
1420.485439,-19.381878,-19.442614,1.033269
1420.486611,-19.347843,-19.447552,1.705780
1420.487783,-19.340052,-19.413294,1.248418
1420.488955,-19.360325,-19.408199,0.812657
1420.490127,-19.443649,-19.428549,-0.258170
1420.491299,-19.474331,-19.414639,-1.007082
1420.492471,-19.495991,-19.396017,-1.677018
1420.493642,-19.470448,-19.406208,-1.083018
1420.494814,-19.460239,-19.460312,-0.001587
1420.495986,-19.453190,-19.485590,0.548089
1420.497158,-19.446270,-19.454330,0.133858
1420.498330,-19.371717,-19.449585,1.328147
1420.499502,-19.350140,-19.478075,2.196635
1420.500674,-19.463696,-19.455431,-0.142681
1420.501846,-19.505924,-19.426226,-1.340587
1420.503017,-19.524755,-19.399513,-2.094107
1420.504189,-19.556835,-19.408508,-2.473038
1420.505361,-19.530006,-19.425608,-1.750235
1420.506533,-19.497450,-19.417316,-1.347823
1420.507705,-19.506662,-19.407360,-1.665902
1420.508877,-19.493563,-19.407957,-1.438769
1420.510049,-19.494131,-19.394701,-1.668015
1420.511221,-19.465361,-19.391039,-1.251106
1420.512392,-19.444864,-19.407623,-0.630975
1420.513564,-19.472641,-19.452436,-0.344284
1420.514736,-19.526541,-19.502676,-0.405973
1420.515908,-19.627401,-19.529877,-1.636465
1420.517080,-19.618839,-19.557537,-1.033975
1420.518252,-19.553154,-19.529381,-0.404430
1420.519424,-19.482609,-19.482113,-0.011217
1420.520596,-19.499603,-19.491522,-0.139585
1420.521767,-19.573925,-19.477518,-1.617947
1420.522939,-19.585987,-19.452261,-2.233605
1420.524111,-19.550251,-19.429461,-2.020802
1420.525283,-19.492123,-19.426168,-1.111635
1420.526455,-19.467388,-19.418133,-0.832482
1420.527627,-19.436049,-19.441336,0.086807
1420.528799,-19.377764,-19.436447,0.998022
1420.529971,-19.358494,-19.420893,1.061851
1420.531142,-19.448507,-19.478680,0.510079
1420.532314,-19.519215,-19.503315,-0.271663
1420.533486,-19.483284,-19.479671,-0.063987
1420.534658,-19.459805,-19.509447,0.842949
1420.535830,-19.503788,-19.549004,0.767131
1420.537002,-19.521130,-19.513676,-0.128978
1420.538174,-19.509542,-19.489439,-0.342578
1420.539346,-19.528082,-19.464470,-1.072542
1420.540517,-19.447382,-19.489140,0.707968
1420.541689,-19.468790,-19.521698,0.898920
1420.542861,-19.543236,-19.526167,-0.291392
1420.544033,-19.537861,-19.552668,0.248440
1420.545205,-19.525831,-19.538174,0.206563
1420.546377,-19.476305,-19.523960,0.808903
1420.547549,-19.471775,-19.534462,1.066797
1420.548721,-19.521561,-19.522655,0.015734
1420.549892,-19.477940,-19.547226,1.180300
1420.551064,-19.495674,-19.589258,1.599696
1420.552236,-19.559931,-19.563267,0.053717
1420.553408,-19.565687,-19.543743,-0.373607
1420.554580,-19.512089,-19.546289,0.578828
1420.555752,-19.531826,-19.555843,0.405162
1420.556924,-19.525780,-19.559965,0.578565
1420.558096,-19.442337,-19.544657,1.751051
1420.559267,-19.446602,-19.508398,1.051494
1420.560439,-19.545448,-19.524324,-0.359781
1420.561611,-19.567047,-19.541088,-0.441247
1420.562783,-19.492329,-19.529655,0.632220
1420.563955,-19.482595,-19.510576,0.472709
1420.565127,-19.526276,-19.490059,-0.613772
1420.566299,-19.556639,-19.518906,-0.639241
1420.567471,-19.518223,-19.582327,1.091152
1420.568642,-19.522678,-19.574627,0.882476
1420.569814,-19.454510,-19.535530,1.382548
1420.570986,-19.396612,-19.557297,2.770148
1420.572158,-19.490471,-19.549168,0.998250
1420.573330,-19.620268,-19.550877,-1.168956
1420.574502,-19.566326,-19.588894,0.380474
1420.575674,-19.505611,-19.595406,1.534122
1420.576846,-19.611586,-19.541979,-1.172548
1420.578017,-19.604681,-19.500488,-1.746828
1420.579189,-19.581312,-19.514767,-1.121497
1420.580361,-19.626205,-19.543123,-1.396843
1420.581533,-19.652388,-19.581251,-1.198047
1420.582705,-19.576797,-19.612381,0.602446
1420.583877,-19.544954,-19.601658,0.964038
1420.585049,-19.533203,-19.610344,1.315614
1420.586221,-19.522408,-19.608335,1.467294
1420.587392,-19.567841,-19.561489,-0.110328
1420.588564,-19.643076,-19.598831,-0.748512
1420.589736,-19.591373,-19.610268,0.317952
1420.590908,-19.545309,-19.586145,0.692208
1420.592080,-19.524832,-19.589737,1.104930
1420.593252,-19.549650,-19.598616,0.831346
1420.594424,-19.615444,-19.606815,-0.148842
1420.595596,-19.622761,-19.597820,-0.424092
1420.596767,-19.594557,-19.612150,0.295816
1420.597939,-19.548641,-19.609684,1.038549
1420.599111,-19.542694,-19.593033,0.854876
1420.600283,-19.562828,-19.626307,1.080400
1420.601455,-19.592621,-19.646322,0.912531
1420.602627,-19.598534,-19.640938,0.719027
1420.603799,-19.653069,-19.654564,0.022522
1420.604971,-19.651592,-19.671467,0.334633
1420.606142,-19.557625,-19.642450,1.448245
1420.607314,-19.561565,-19.636124,1.271097
1420.608486,-19.679049,-19.672503,-0.113621
1420.609658,-19.765915,-19.662844,-1.728275
1420.610830,-19.727636,-19.668068,-1.005012
1420.612002,-19.720581,-19.669134,-0.869180
1420.613174,-19.722788,-19.630548,-1.548865
1420.614346,-19.739765,-19.640507,-1.665174
1420.615517,-19.706352,-19.651833,-0.920600
1420.616689,-19.654842,-19.641396,-0.230251
1420.617861,-19.648506,-19.654850,0.104724
1420.619033,-19.717922,-19.690578,-0.464562
1420.620205,-19.746006,-19.672482,-1.237828
1420.621377,-19.712156,-19.629057,-1.397128
1420.622549,-19.636885,-19.614761,-0.376628
1420.623721,-19.610977,-19.621923,0.182848
1420.624892,-19.651978,-19.615219,-0.622871
1420.626064,-19.652050,-19.654648,0.041202
1420.627236,-19.641211,-19.682257,0.695795
1420.628408,-19.644024,-19.666883,0.385447
1420.629580,-19.616899,-19.645723,0.487084
1420.630752,-19.598646,-19.652817,0.920573
1420.631924,-19.578484,-19.655403,1.311800
1420.633096,-19.523090,-19.681808,2.735593
1420.634267,-19.597015,-19.694126,1.660763
1420.635439,-19.657530,-19.687376,0.504519
1420.636611,-19.685108,-19.706112,0.353848
1420.637783,-19.715506,-19.737619,0.372748
1420.638955,-19.688719,-19.676453,-0.210312
1420.640127,-19.702909,-19.650747,-0.881151
1420.641299,-19.727905,-19.722038,-0.102137
1420.642471,-19.744226,-19.723888,-0.346534
1420.643642,-19.734455,-19.711853,-0.384697
1420.644814,-19.671007,-19.719078,0.816025
1420.645986,-19.722445,-19.705612,-0.287401
1420.647158,-19.773481,-19.698959,-1.254443
1420.648330,-19.778568,-19.713169,-1.102373
1420.649502,-19.730627,-19.713614,-0.290458
1420.650674,-19.694740,-19.723398,0.484251
1420.651846,-19.734385,-19.730967,-0.060694
1420.653017,-19.764902,-19.721888,-0.727880
1420.654189,-19.706232,-19.721777,0.260990
1420.655361,-19.701303,-19.742783,0.703206
1420.656533,-19.695475,-19.757139,1.049231
1420.657705,-19.664404,-19.754175,1.533727
1420.658877,-19.686874,-19.733822,0.796783
1420.660049,-19.731678,-19.703056,-0.486071
1420.661221,-19.750668,-19.714472,-0.613422
1420.662392,-19.713379,-19.705332,-0.139006
1420.663564,-19.689894,-19.700922,0.184243
1420.664736,-19.686357,-19.737514,0.868900
1420.665908,-19.767750,-19.772226,0.073055
1420.667080,-19.709747,-19.772465,1.067324
1420.668252,-19.728144,-19.760714,0.550992
1420.669424,-19.850388,-19.779472,-1.194359
1420.670596,-19.812567,-19.768456,-0.746276
1420.671767,-19.779888,-19.759766,-0.342899
1420.672939,-19.744795,-19.773251,0.480804
1420.674111,-19.762415,-19.770264,0.130263
1420.675283,-19.871624,-19.727982,-2.396304
1420.676455,-19.923553,-19.728271,-3.237604
1420.677627,-19.894197,-19.751549,-2.380018
1420.678799,-19.830925,-19.772833,-0.980337
1420.679971,-19.834251,-19.744104,-1.514157
1420.681142,-19.742945,-19.733723,-0.158871
1420.682314,-19.677063,-19.774378,1.664297
1420.683486,-19.746111,-19.783203,0.628212
1420.684658,-19.804047,-19.810131,0.100330
1420.685830,-19.768793,-19.833109,1.094792
1420.687002,-19.762186,-19.797749,0.602086
1420.688174,-19.788660,-19.773127,-0.265480
1420.689346,-19.767120,-19.755653,-0.196810
1420.690517,-19.739819,-19.741966,0.033572
1420.691689,-19.777100,-19.784378,0.120580
1420.692861,-19.822142,-19.756987,-1.098300
1420.694033,-19.829624,-19.743580,-1.446052
1420.695205,-19.805107,-19.809872,0.077940
1420.696377,-19.791388,-19.831749,0.684087
1420.697549,-19.774830,-19.861334,1.477248
1420.698721,-19.812525,-19.849762,0.630694
1420.699892,-19.846590,-19.823868,-0.386723
1420.701064,-19.812094,-19.812355,0.001614
1420.702236,-19.739847,-19.790737,0.864330
1420.703408,-19.778072,-19.799520,0.361417
1420.704580,-19.806248,-19.812313,0.100006
1420.705752,-19.831327,-19.794823,-0.618609
1420.706924,-19.848431,-19.779783,-1.156555
1420.708096,-19.770847,-19.770081,-0.015804
1420.709267,-19.769669,-19.783861,0.237995
1420.710439,-19.784119,-19.783546,-0.012506
1420.711611,-19.809731,-19.802841,-0.119427
1420.712783,-19.896307,-19.808863,-1.469302
1420.713955,-19.880236,-19.804850,-1.268830
1420.715127,-19.817522,-19.813927,-0.063693
1420.716299,-19.719851,-19.831444,1.912062
1420.717471,-19.680403,-19.840925,2.767298
1420.718642,-19.745771,-19.837469,1.567054
1420.719814,-19.791836,-19.840345,0.823541
1420.720986,-19.848822,-19.831709,-0.292133
1420.722158,-19.837025,-19.818527,-0.315496
1420.723330,-19.782755,-19.815981,0.562191
1420.724502,-19.746038,-19.827421,1.388801
1420.725674,-19.745457,-19.886074,2.418211
1420.726846,-19.818182,-19.911209,1.590058
1420.728017,-19.817148,-19.882328,1.109648
1420.729189,-19.814081,-19.829035,0.250931
1420.730361,-19.907692,-19.813398,-1.582923
1420.731533,-19.893402,-19.833637,-1.008292
1420.732705,-19.818279,-19.875362,0.970554
1420.733877,-19.811062,-19.899132,1.504312
1420.735049,-19.808760,-19.878347,1.185492
1420.736221,-19.853249,-19.831837,-0.364640
1420.737392,-19.936626,-19.821953,-1.919955
1420.738564,-19.936361,-19.862371,-1.245581
1420.739736,-19.867489,-19.850109,-0.296641
1420.740908,-19.777563,-19.809799,0.545291
1420.742080,-19.756681,-19.828735,1.227957
1420.743252,-19.800682,-19.847174,0.788978
1420.744424,-19.776152,-19.877335,1.731336
1420.745596,-19.780104,-19.924732,2.488434
1420.746767,-19.895153,-19.888639,-0.113073
1420.747939,-19.935183,-19.871370,-1.075888
1420.749111,-19.922127,-19.843567,-1.321648
1420.750283,-19.905489,-19.812027,-1.569137
1420.751455,-19.913914,-19.828915,-1.428692
1420.752627,-19.930187,-19.901123,-0.493517
1420.753799,-19.903639,-19.953747,0.850921
1420.754971,-19.799135,-19.925549,2.170087
1420.756142,-19.829861,-19.882824,0.899867
1420.757314,-19.957607,-19.852907,-1.755217
1420.758486,-20.004295,-19.855864,-2.474752
1420.759658,-20.004824,-19.870075,-2.250395
1420.760830,-19.909546,-19.882252,-0.463724
1420.762002,-19.877127,-19.900190,0.388920
1420.763174,-19.805338,-19.909241,1.778510
1420.764346,-19.756723,-19.900972,2.481786
1420.765517,-19.836866,-19.886829,0.848439
1420.766689,-19.852438,-19.888813,0.615961
1420.767861,-19.736790,-19.873112,2.343096
1420.769033,-19.711254,-19.895590,3.187035
1420.770205,-19.773571,-19.907516,2.301560
1420.771377,-19.858931,-19.875713,0.282030
1420.772549,-19.986122,-19.915840,-1.183804
1420.773721,-20.003922,-19.924511,-1.335799
1420.774892,-19.934658,-19.919519,-0.258815
1420.776064,-19.949556,-19.914635,-0.592014
1420.777236,-19.954662,-19.885624,-1.163071
1420.778408,-19.921524,-19.884045,-0.634983
1420.779580,-19.864895,-19.882040,0.288195
1420.780752,-19.829401,-19.896969,1.150728
1420.781924,-19.827978,-19.923803,1.638495
1420.783096,-19.841980,-19.931973,1.537551
1420.784267,-19.873087,-19.938143,1.107517
1420.785439,-19.833260,-19.891088,0.983350
1420.786611,-19.839546,-19.877531,0.643464
1420.787783,-19.898788,-19.876600,-0.377725
1420.788955,-19.910622,-19.903320,-0.126395
1420.790127,-19.898029,-19.887302,-0.184304
1420.791299,-19.955574,-19.861080,-1.586243
1420.792471,-19.913137,-19.853710,-1.002653
1420.793642,-19.872080,-19.861195,-0.186979
1420.794814,-19.891689,-19.905697,0.234855
1420.795986,-19.879065,-19.923504,0.753844
1420.797158,-19.875950,-19.900154,0.408346
1420.798330,-19.841505,-19.879997,0.652137
1420.799502,-19.818150,-19.861177,0.729692
1420.800674,-19.816721,-19.874947,0.990164
1420.801846,-19.825903,-19.864613,0.655856
1420.803017,-19.924385,-19.868231,-0.947940
1420.804189,-19.993727,-19.859159,-2.247418
1420.805361,-19.936054,-19.852518,-1.404386
1420.806533,-19.923370,-19.888899,-0.584450
1420.807705,-19.944225,-19.899845,-0.750784
1420.808877,-19.926157,-19.894814,-0.531860
1420.810049,-19.873444,-19.935545,1.056738
1420.811221,-19.843060,-19.928534,1.459453
1420.812392,-19.814922,-19.907873,1.588734
1420.813564,-19.820070,-19.906605,1.477774
1420.814736,-19.797651,-19.855120,0.977167
1420.815908,-19.811136,-19.837936,0.452582
1420.817080,-19.853689,-19.863844,0.169404
1420.818252,-19.893221,-19.916990,0.400944
1420.819424,-19.929781,-19.949707,0.335510
1420.820596,-19.926088,-19.956152,0.508228
1420.821767,-19.905197,-19.941505,0.614820
1420.822939,-19.936502,-19.911844,-0.419339
1420.824111,-19.972477,-19.933342,-0.662780
1420.825283,-20.009865,-19.930563,-1.333992
1420.826455,-19.999939,-19.880072,-2.005590
1420.827627,-19.963257,-19.849443,-1.905760
1420.828799,-19.902609,-19.871542,-0.527207
1420.829971,-19.900455,-19.935413,0.591755
1420.831142,-19.845646,-19.911119,1.114700
1420.832314,-19.793871,-19.873114,1.351870
1420.833486,-19.888899,-19.909594,0.348586
1420.834658,-19.913904,-19.930834,0.284529
1420.835830,-19.921364,-19.920914,-0.010441
1420.837002,-19.930819,-19.904108,-0.453902
1420.838174,-19.905352,-19.870382,-0.592812
1420.839346,-19.965864,-19.896517,-1.168224
1420.840517,-20.023235,-19.937119,-1.447258
1420.841689,-19.931593,-19.923920,-0.132683
1420.842861,-19.816582,-19.907148,1.547488
1420.844033,-19.813135,-19.908031,1.622411
1420.845205,-19.829948,-19.884056,0.919494
1420.846377,-19.874716,-19.895260,0.346025
1420.847549,-19.954084,-19.909161,-0.759896
1420.848721,-19.966171,-19.910353,-0.942327
1420.849892,-19.886377,-19.914286,0.471473
1420.851064,-19.855764,-19.892828,0.627721
1420.852236,-19.932362,-19.869377,-1.062066
1420.853408,-19.975079,-19.872362,-1.722408
1420.854580,-19.969261,-19.853569,-1.936758
1420.855752,-19.883522,-19.874311,-0.158678
1420.856924,-19.842197,-19.885061,0.726894
1420.858096,-19.889454,-19.873791,-0.267668
1420.859267,-19.910879,-19.911306,0.004420
1420.860439,-19.872702,-19.907928,0.596351
1420.861611,-19.872839,-19.890173,0.291405
1420.862783,-19.861191,-19.878410,0.289458
1420.863955,-19.892662,-19.853525,-0.662811
1420.865127,-19.912601,-19.842548,-1.179989
1420.866299,-19.908010,-19.853971,-0.912557
1420.867471,-19.868563,-19.895943,0.462466
1420.868642,-19.911648,-19.895657,-0.273207
1420.869814,-19.940552,-19.866539,-1.245962
1420.870986,-19.886505,-19.834236,-0.882941
1420.872158,-19.809071,-19.867868,0.999987
1420.873330,-19.809227,-19.920076,1.899134
1420.874502,-19.904675,-19.940643,0.609023
1420.875674,-19.956326,-19.881628,-1.257363
1420.876846,-19.955931,-19.859983,-1.610330
1420.878017,-19.921484,-19.890724,-0.522041
1420.879189,-19.869598,-19.906176,0.619416
1420.880361,-19.882778,-19.909462,0.450600
1420.881533,-19.926178,-19.902390,-0.404688
1420.882705,-19.944925,-19.889704,-0.932343
1420.883877,-19.958487,-19.888536,-1.178270
1420.885049,-19.951498,-19.915264,-0.614062
1420.886221,-19.913200,-19.912151,-0.020583
1420.887392,-19.943262,-19.855045,-1.482124
1420.888564,-19.952961,-19.858250,-1.589847
1420.889736,-19.890942,-19.899498,0.142269
1420.890908,-19.846794,-19.883278,0.617820
1420.892080,-19.830408,-19.878345,0.813736
1420.893252,-19.842558,-19.872395,0.504352
1420.894424,-19.869846,-19.855408,-0.246997
1420.895596,-19.831076,-19.858955,0.470982
1420.896767,-19.811695,-19.868315,0.962600
1420.897939,-19.854357,-19.876139,0.367100
1420.899111,-19.892128,-19.844378,-0.807272
1420.900283,-19.855177,-19.852554,-0.047227
1420.901455,-19.785984,-19.879873,1.604976
1420.902627,-19.814007,-19.857519,0.737988
1420.903799,-19.831980,-19.868792,0.623424
1420.904971,-19.825867,-19.897152,1.214714
1420.906142,-19.873705,-19.866980,-0.116651
1420.907314,-19.856260,-19.843941,-0.211211
1420.908486,-19.838909,-19.856733,0.299745
1420.909658,-19.811398,-19.867474,0.953268
1420.910830,-19.793203,-19.885004,1.568834
1420.912002,-19.873772,-19.888649,0.249641
1420.913174,-19.976460,-19.880329,-1.613364
1420.914346,-19.980862,-19.871269,-1.836073
1420.915517,-19.973959,-19.879883,-1.579319
1420.916689,-19.899918,-19.862196,-0.639048
1420.917861,-19.787424,-19.812227,0.418554
1420.919033,-19.693140,-19.800339,1.835718
1420.920205,-19.723892,-19.792063,1.161103
1420.921377,-19.838953,-19.810846,-0.477401
1420.922549,-19.853249,-19.857811,0.074511
1420.923721,-19.800430,-19.879942,1.356510
1420.924892,-19.831976,-19.872505,0.686963
1420.926064,-19.771730,-19.830086,0.992392
1420.927236,-19.766060,-19.809135,0.730516
1420.928408,-19.857437,-19.798594,-0.992900
1420.929580,-19.886883,-19.818951,-1.144628
1420.930752,-19.800991,-19.853880,0.898595
1420.931924,-19.806881,-19.798098,-0.151456
1420.933096,-19.809624,-19.793259,-0.279517
1420.934267,-19.759619,-19.834412,1.275140
1420.935439,-19.711817,-19.801090,1.525115
1420.936611,-19.669178,-19.807045,2.370107
1420.937783,-19.705275,-19.810547,1.802277
1420.938955,-19.771801,-19.837971,1.126680
1420.940127,-19.819902,-19.839628,0.332098
1420.941299,-19.854057,-19.810177,-0.742404
1420.942471,-19.886118,-19.830019,-0.947015
1420.943642,-19.827583,-19.845678,0.304349
1420.944814,-19.812180,-19.826963,0.248045
1420.945986,-19.886835,-19.794828,-1.545006
1420.947158,-19.889109,-19.792747,-1.617188
1420.948330,-19.796350,-19.814884,0.311813
1420.949502,-19.758532,-19.805298,0.793678
1420.950674,-19.775078,-19.790474,0.258455
1420.951846,-19.725227,-19.763206,0.643367
1420.953017,-19.727257,-19.776150,0.830109
1420.954189,-19.830944,-19.757959,-1.228839
1420.955361,-19.852093,-19.740425,-1.870342
1420.956533,-19.847649,-19.787453,-1.015492
1420.957705,-19.920319,-19.794603,-2.101891
1420.958877,-19.908661,-19.800404,-1.814016
1420.960049,-19.910847,-19.807158,-1.738497
1420.961221,-19.904488,-19.804333,-1.680017
1420.962392,-19.879196,-19.795023,-1.414971
1420.963564,-19.807518,-19.790312,-0.293711
1420.964736,-19.700882,-19.796322,1.631821
1420.965908,-19.656132,-19.824915,2.912645
1420.967080,-19.703342,-19.836040,2.279775
1420.968252,-19.698248,-19.782507,1.438458
1420.969424,-19.660103,-19.750860,1.550785
1420.970596,-19.621527,-19.757885,2.343727
1420.971767,-19.631842,-19.732235,1.717646
1420.972939,-19.782923,-19.735655,-0.799186
1420.974111,-19.890726,-19.755253,-2.262296
1420.975283,-19.844788,-19.737911,-1.791196
1420.976455,-19.809261,-19.725304,-1.411393
1420.977627,-19.826160,-19.742107,-1.412976
1420.978799,-19.812538,-19.751661,-1.026871
1420.979971,-19.793711,-19.757982,-0.605568
1420.981142,-19.741306,-19.771421,0.509106
1420.982314,-19.750231,-19.763615,0.224252
1420.983486,-19.789848,-19.754642,-0.596789
1420.984658,-19.756973,-19.772631,0.262902
1420.985830,-19.784389,-19.776762,-0.131911
1420.987002,-19.773090,-19.736147,-0.625980
1420.988174,-19.701057,-19.724836,0.401101
1420.989346,-19.672731,-19.730915,0.989445
1420.990517,-19.679281,-19.755552,1.300618
1420.991689,-19.728601,-19.738831,0.170667
1420.992861,-19.766151,-19.730364,-0.606563
1420.994033,-19.780045,-19.713690,-1.118317
1420.995205,-19.788313,-19.717182,-1.197950
1420.996377,-19.753372,-19.712852,-0.686025
1420.997549,-19.710482,-19.768473,0.986139
1420.998721,-19.670582,-19.831284,2.770455
1420.999892,-19.736221,-19.813492,1.317851
1421.001064,-19.807255,-19.752747,-0.920411
1421.002236,-19.738138,-19.748028,0.164905
1421.003408,-19.715763,-19.743057,0.461001
1421.004580,-19.679506,-19.725679,0.783523
1421.005752,-19.670883,-19.701458,0.516946
1421.006924,-19.708570,-19.685577,-0.391288
1421.008096,-19.631790,-19.698040,1.128057
1421.009267,-19.610558,-19.696171,1.461856
1421.010439,-19.628468,-19.668980,0.686665
1421.011611,-19.683657,-19.686420,0.044017
1421.012783,-19.700796,-19.701363,0.006779
1421.013955,-19.663298,-19.704021,0.690287
1421.015127,-19.637735,-19.734230,1.650089
1421.016299,-19.681429,-19.693844,0.207790
1421.017471,-19.711048,-19.646748,-1.084035
1421.018642,-19.685266,-19.653551,-0.538113
1421.019814,-19.710705,-19.639610,-1.197345
1421.020986,-19.732836,-19.646145,-1.456792
1421.022158,-19.692444,-19.716808,0.411073
1421.023330,-19.678493,-19.702360,0.402601
1421.024502,-19.677744,-19.654041,-0.403241
1421.025674,-19.654825,-19.680031,0.425403
1421.026846,-19.650105,-19.700357,0.853412
1421.028017,-19.643930,-19.703642,1.015676
1421.029189,-19.675161,-19.714193,0.661364
1421.030361,-19.605400,-19.676649,1.214092
1421.031533,-19.525621,-19.622444,1.655772
1421.032705,-19.592869,-19.641329,0.822690
1421.033877,-19.680305,-19.674553,-0.100199
1421.035049,-19.669548,-19.683861,0.240038
1421.036221,-19.658888,-19.641827,-0.291264
1421.037392,-19.713266,-19.596588,-1.953018
1421.038564,-19.758934,-19.608109,-2.513929
1421.039736,-19.715643,-19.627268,-1.484751
1421.040908,-19.625553,-19.613850,-0.200805
1421.042080,-19.554066,-19.629768,1.290821
1421.043252,-19.558260,-19.677393,2.043219
1421.044424,-19.510462,-19.682755,2.974474
1421.045596,-19.469509,-19.644678,3.025192
1421.046767,-19.589745,-19.632807,0.730279
1421.047939,-19.749411,-19.633051,-1.947765
1421.049111,-19.733150,-19.651934,-1.365837
1421.050283,-19.749502,-19.662205,-1.466864
1421.051455,-19.809280,-19.655363,-2.564497
1421.052627,-19.767475,-19.628925,-2.312795
1421.053799,-19.718599,-19.599384,-1.994843
1421.054971,-19.657280,-19.624134,-0.562165
1421.056142,-19.627048,-19.648026,0.353392
1421.057314,-19.662384,-19.638884,-0.399834
1421.058486,-19.671114,-19.629271,-0.708235
1421.059658,-19.593336,-19.663422,1.194061
1421.060830,-19.516037,-19.683325,2.886317
1421.062002,-19.493536,-19.637655,2.479515
1421.063174,-19.535467,-19.575613,0.680403
1421.064346,-19.592497,-19.585199,-0.126329
1421.065517,-19.582235,-19.606159,0.403575
1421.066689,-19.563627,-19.587868,0.408968
1421.067861,-19.570747,-19.598679,0.471859
1421.069033,-19.582590,-19.612482,0.505299
1421.070205,-19.617649,-19.604961,-0.217429
1421.071377,-19.636496,-19.611000,-0.433441
1421.072549,-19.618517,-19.598091,-0.348016
1421.073721,-19.568363,-19.556015,-0.211693
1421.074892,-19.478363,-19.583467,1.799366
1421.076064,-19.434641,-19.626198,3.314772
1421.077236,-19.528704,-19.623236,1.616105
1421.078408,-19.671980,-19.549072,-2.055672
1421.079580,-19.631824,-19.531626,-1.680741
1421.080752,-19.596319,-19.555319,-0.694089
1421.081924,-19.650049,-19.578583,-1.203546
1421.083096,-19.529619,-19.610912,1.387249
1421.084267,-19.457500,-19.640598,3.165154
1421.085439,-19.596432,-19.632418,0.609313
1421.086611,-19.699482,-19.593079,-1.783378
1421.087783,-19.660357,-19.592150,-1.149206
1421.088955,-19.591440,-19.614801,0.393989
1421.090127,-19.533665,-19.606480,1.241060
1421.091299,-19.540941,-19.550934,0.166650
1421.092471,-19.641665,-19.551949,-1.507005
1421.093642,-19.629267,-19.621365,-0.136555
1421.094814,-19.585945,-19.627542,0.705223
1421.095986,-19.566011,-19.567911,0.029371
1421.097158,-19.537643,-19.536091,-0.029112
1421.098330,-19.578918,-19.537560,-0.700106
1421.099502,-19.670069,-19.552654,-1.965160
1421.100674,-19.693729,-19.514999,-2.969032
1421.101846,-19.696060,-19.485340,-3.487180
1421.103017,-19.665527,-19.522251,-2.390301
1421.104189,-19.581409,-19.548458,-0.558898
1421.105361,-19.531630,-19.521637,-0.171894
1421.106533,-19.533361,-19.492559,-0.690761
1421.107705,-19.626085,-19.508989,-1.959907
1421.108877,-19.620323,-19.528267,-1.545830
1421.110049,-19.552591,-19.493248,-1.001250
1421.111221,-19.546736,-19.525206,-0.366630
1421.112392,-19.519976,-19.558691,0.655952
1421.113564,-19.495649,-19.562773,1.143080
1421.114736,-19.590240,-19.594957,0.077133
1421.115908,-19.596329,-19.595665,-0.014059
1421.117080,-19.489801,-19.541267,0.874197
1421.118252,-19.420469,-19.538067,2.016496
1421.119424,-19.420017,-19.544670,2.139392
1421.120596,-19.447601,-19.537354,1.533394
1421.121767,-19.568090,-19.522308,-0.774288
1421.122939,-19.562565,-19.492514,-1.179958
1421.124111,-19.581287,-19.506878,-1.252571
1421.125283,-19.649160,-19.549301,-1.675124
1421.126455,-19.644247,-19.583055,-1.032125
1421.127627,-19.631630,-19.565046,-1.122133
1421.128799,-19.582151,-19.566162,-0.273176
1421.129971,-19.497555,-19.577368,1.361710
1421.131142,-19.421722,-19.540274,2.033098
1421.132314,-19.419622,-19.536385,2.001955
1421.133486,-19.428867,-19.537226,1.855854
1421.134658,-19.521431,-19.525059,0.058663
1421.135830,-19.623219,-19.539886,-1.400996
1421.137002,-19.589607,-19.588459,-0.022263
1421.138174,-19.561371,-19.609478,0.816647
1421.139346,-19.547230,-19.597744,0.857884
1421.140517,-19.527252,-19.570704,0.736944
1421.141689,-19.543631,-19.580233,0.619837
1421.142861,-19.508781,-19.567860,1.004801
1421.144033,-19.500599,-19.563431,1.069288
1421.145205,-19.551670,-19.579060,0.462624
1421.146377,-19.541286,-19.571568,0.511938
1421.147549,-19.534510,-19.559881,0.428236
1421.148721,-19.593019,-19.528324,-1.090626
1421.149892,-19.553486,-19.528500,-0.424864
1421.151064,-19.499596,-19.531895,0.546370
1421.152236,-19.524052,-19.528219,0.067819
1421.153408,-19.501478,-19.549234,0.810631
1421.154580,-19.445219,-19.561001,1.984897
1421.155752,-19.506037,-19.554560,0.823769
1421.156924,-19.528736,-19.523405,-0.093069
1421.158096,-19.542995,-19.519339,-0.402470
1421.159267,-19.566603,-19.549881,-0.285533
1421.160439,-19.552601,-19.594040,0.702522
1421.161611,-19.594345,-19.602406,0.133858
1421.162783,-19.676825,-19.605648,-1.198713
1421.163955,-19.631678,-19.638618,0.114853
1421.165127,-19.537857,-19.654011,1.991370
1421.166299,-19.529823,-19.595243,1.113788
1421.167471,-19.586737,-19.526220,-1.020846
1421.168642,-19.613522,-19.553898,-1.005933
1421.169814,-19.576788,-19.627605,0.863085
1421.170986,-19.543072,-19.622259,1.350914
1421.172158,-19.556940,-19.614452,0.977921
1421.173330,-19.573725,-19.581598,0.130684
1421.174502,-19.617050,-19.542507,-1.254794
1421.175674,-19.729166,-19.532331,-3.262743
1421.176846,-19.749289,-19.522219,-3.750529
1421.178017,-19.622620,-19.555155,-1.136831
1421.179189,-19.496433,-19.599367,1.761707
1421.180361,-19.484642,-19.604933,2.063381
1421.181533,-19.597256,-19.596296,-0.019066
1421.182705,-19.638199,-19.587799,-0.851649
1421.183877,-19.619066,-19.567303,-0.874482
1421.185049,-19.572857,-19.553690,-0.326788
1421.186221,-19.539513,-19.552156,0.211684
1421.187392,-19.462595,-19.540092,1.321771
1421.188564,-19.441277,-19.530197,1.519020
1421.189736,-19.528753,-19.558125,0.496415
1421.190908,-19.574005,-19.594696,0.348525
1421.192080,-19.600735,-19.628866,0.475279
1421.193252,-19.611477,-19.625191,0.229865
1421.194424,-19.559464,-19.606262,0.794240
1421.195596,-19.494690,-19.584084,1.527194
1421.196767,-19.522474,-19.625437,1.762198
1421.197939,-19.537996,-19.667608,2.225892
1421.199111,-19.519442,-19.644503,2.146504
1421.200283,-19.547756,-19.589495,0.707643
1421.201455,-19.578243,-19.572479,-0.100392
1421.202627,-19.552113,-19.565096,0.217446
1421.203799,-19.523483,-19.598255,1.274781
1421.204971,-19.588339,-19.629259,0.693646
1421.206142,-19.651472,-19.614197,-0.631554
1421.207314,-19.718512,-19.590685,-2.136629
1421.208486,-19.769550,-19.614815,-2.577876
1421.209658,-19.688583,-19.643400,-0.764246
1421.210830,-19.600704,-19.617489,0.282065
1421.212002,-19.573301,-19.545509,-0.472104
1421.213174,-19.620419,-19.531628,-1.491653
1421.214346,-19.662245,-19.578621,-1.405846
1421.215517,-19.644583,-19.574184,-1.185742
1421.216689,-19.578112,-19.586596,0.141041
1421.217861,-19.579649,-19.642786,1.074533
1421.219033,-19.584051,-19.663874,1.361877
1421.220205,-19.514151,-19.615133,1.727863
1421.221377,-19.595882,-19.594057,-0.033730
1421.222549,-19.740738,-19.617651,-2.058628
1421.223721,-19.696577,-19.633219,-1.068310
1421.224892,-19.535709,-19.630550,1.621455
1421.226064,-19.479740,-19.650488,2.947252
1421.227236,-19.478609,-19.640495,2.791275
1421.228408,-19.562323,-19.642923,1.375304
1421.229580,-19.721346,-19.679047,-0.715883
1421.230752,-19.756044,-19.681858,-1.248852
1421.231924,-19.681393,-19.666264,-0.258653
1421.233096,-19.640343,-19.664001,0.399058
1421.234267,-19.666943,-19.615149,-0.874991
1421.235439,-19.618929,-19.596155,-0.387591
1421.236611,-19.662212,-19.642527,-0.335536
1421.237783,-19.708790,-19.637600,-1.198937
1421.238955,-19.594172,-19.622471,0.478138
1421.240127,-19.519732,-19.660152,2.414774
1421.241299,-19.610844,-19.635111,0.409416
1421.242471,-19.669340,-19.600416,-1.161164
1421.243642,-19.685944,-19.638554,-0.801234
1421.244814,-19.678207,-19.638264,-0.676356
1421.245986,-19.719517,-19.637745,-1.375063
1421.247158,-19.712336,-19.676720,-0.603678
1421.248330,-19.627995,-19.700396,1.233930
1421.249502,-19.573505,-19.700363,2.177840
1421.250674,-19.557287,-19.710474,2.638464
1421.251846,-19.572033,-19.738482,2.871539
1421.253017,-19.632547,-19.735907,1.769082
1421.254189,-19.666988,-19.718464,0.874363
1421.255361,-19.671894,-19.734621,1.067482
1421.256533,-19.709621,-19.740038,0.514245
1421.257705,-19.725389,-19.742344,0.284950
1421.258877,-19.680866,-19.755253,1.268142
1421.260049,-19.682327,-19.770742,1.510276
1421.261221,-19.774336,-19.762493,-0.203155
1421.262392,-19.759396,-19.774632,0.255737
1421.263564,-19.784218,-19.783573,-0.013734
1421.264736,-19.820187,-19.742159,-1.312795
1421.265908,-19.788448,-19.710085,-1.318381
1421.267080,-19.775059,-19.725170,-0.843089
1421.268252,-19.746128,-19.733549,-0.215591
1421.269424,-19.789221,-19.704063,-1.431323
1421.270596,-19.791138,-19.685057,-1.778050
1421.271767,-19.734596,-19.715216,-0.330388
1421.272939,-19.744970,-19.736639,-0.143812
1421.274111,-19.777988,-19.743416,-0.586147
1421.275283,-19.744123,-19.755806,0.195354
1421.276455,-19.749506,-19.746445,-0.054655
1421.277627,-19.832691,-19.737225,-1.602367
1421.278799,-19.855190,-19.710785,-2.408806
1421.279971,-19.870388,-19.734831,-2.263673
1421.281142,-19.835852,-19.747717,-1.480765
1421.282314,-19.803720,-19.758141,-0.770898
1421.283486,-19.820908,-19.780613,-0.682245
1421.284658,-19.850620,-19.790047,-1.021802
1421.285830,-19.921076,-19.760059,-2.680478
1421.287002,-19.907969,-19.790220,-1.970664
1421.288174,-19.847198,-19.827789,-0.330870
1421.289346,-19.888050,-19.841249,-0.791359
1421.290517,-19.934900,-19.872339,-1.054997
1421.291689,-19.861160,-19.893690,0.550308
1421.292861,-19.816988,-19.881809,1.103483
1421.294033,-19.869389,-19.856005,-0.229190
1421.295205,-19.845520,-19.823654,-0.372292
1421.296377,-19.780342,-19.824165,0.743303
1421.297549,-19.681988,-19.849770,2.895008
1421.298721,-19.765022,-19.851374,1.474608
1421.299892,-19.855240,-19.835262,-0.340456
1421.301064,-19.829605,-19.837809,0.136279
1421.302236,-19.817736,-19.893860,1.298092
1421.303408,-19.843021,-19.947113,1.781790
1421.304580,-19.872797,-19.922878,0.850465
1421.305752,-19.860359,-19.894354,0.575311
1421.306924,-19.905788,-19.909317,0.056979
1421.308096,-19.932735,-19.908104,-0.418892
1421.309267,-19.881908,-19.910128,0.476770
1421.310439,-19.887735,-19.888641,0.012533
1421.311611,-19.918829,-19.910860,-0.137682
1421.312783,-19.927330,-19.939384,0.201669
1421.313955,-19.957129,-19.898264,-0.993247
1421.315127,-19.964348,-19.927582,-0.622999
1421.316299,-19.977327,-20.003780,0.446662
1421.317471,-19.929317,-19.997746,1.165531
1421.318642,-19.910435,-19.972773,1.060799
1421.319814,-19.932623,-19.960514,0.471175
1421.320986,-19.913187,-19.954268,0.696383
1421.322158,-19.977802,-19.952196,-0.435305
1421.323330,-19.976179,-19.978779,0.041237
1421.324502,-19.926682,-20.007706,1.382609
1421.325674,-19.883192,-20.013233,2.233381
1421.326846,-19.890768,-19.975435,1.445509
1421.328017,-19.949482,-19.982349,0.556069
1421.329189,-20.053497,-20.017546,-0.609317
1421.330361,-20.097010,-20.002249,-1.590672
1421.331533,-20.043793,-19.943659,-1.679671
1421.332705,-20.009373,-19.955738,-0.905796
1421.333877,-20.009514,-19.984707,-0.421847
1421.335049,-20.042925,-20.015221,-0.470631
1421.336221,-20.092072,-20.075287,-0.286599
1421.337392,-20.063946,-20.070782,0.113073
1421.338564,-19.969963,-20.027130,0.971992
1421.339736,-19.953957,-20.027740,1.257758
1421.340908,-20.017601,-20.065060,0.805536
1421.342080,-20.121006,-20.094851,-0.444553
1421.343252,-20.147175,-20.118933,-0.479682
1421.344424,-20.177586,-20.113789,-1.075633
1421.345596,-20.193645,-20.074854,-1.987862
1421.346767,-20.128355,-20.059158,-1.165711
1421.347939,-20.098562,-20.090965,-0.131394
1421.349111,-20.119150,-20.121918,0.044079
1421.350283,-20.119076,-20.131657,0.210614
1421.351455,-20.154467,-20.114908,-0.669888
1421.352627,-20.192106,-20.130363,-1.041333
1421.353799,-20.167313,-20.158752,-0.147680
1421.354971,-20.131350,-20.148809,0.293545
1421.356142,-20.055904,-20.149014,1.591479
1421.357314,-20.086815,-20.198872,1.920121
1421.358486,-20.157614,-20.199535,0.710774
1421.359658,-20.216461,-20.194302,-0.377242
1421.360830,-20.236034,-20.192354,-0.739045
1421.362002,-20.254292,-20.181267,-1.229505
1421.363174,-20.331917,-20.192297,-2.330348
1421.364346,-20.280121,-20.209328,-1.192324
1421.365517,-20.200794,-20.220295,0.328266
1421.366689,-20.218525,-20.239859,0.359461
1421.367861,-20.224842,-20.252033,0.459247
1421.369033,-20.167034,-20.247766,1.377575
1421.370205,-20.156216,-20.239737,1.425715
1421.371377,-20.256142,-20.240959,-0.259556
1421.372549,-20.270826,-20.230507,-0.682662
1421.373721,-20.244761,-20.260166,0.258622
1421.374892,-20.222006,-20.294090,1.228475
1421.376064,-20.222679,-20.329365,1.826807
1421.377236,-20.301525,-20.344112,0.722158
1421.378408,-20.396917,-20.332218,-1.090692
1421.379580,-20.373850,-20.321159,-0.889996
1421.380752,-20.309221,-20.297529,-0.200612
1421.381924,-20.246946,-20.306095,1.006012
1421.383096,-20.202797,-20.341722,2.388621
1421.384267,-20.270681,-20.335308,1.100141
1421.385439,-20.292959,-20.310791,0.299877
1421.386611,-20.296867,-20.296227,-0.013673
1421.387783,-20.357285,-20.291149,-1.114656
1421.388955,-20.297878,-20.324043,0.441760
1421.390127,-20.253679,-20.384296,2.243441
1421.391299,-20.320642,-20.400330,1.359535
1421.392471,-20.397549,-20.364910,-0.553636
1421.393642,-20.476177,-20.348436,-2.135222
1421.394814,-20.498926,-20.373098,-2.103746
1421.395986,-20.409985,-20.408722,-0.024201
1421.397158,-20.370867,-20.402397,0.533250
1421.398330,-20.375088,-20.357849,-0.294255
1421.399502,-20.358143,-20.357449,-0.014576
1421.400674,-20.323708,-20.397263,1.253811
1421.401846,-20.398457,-20.420057,0.364013
1421.403017,-20.451904,-20.399065,-0.892487
1421.404189,-20.499275,-20.357830,-2.360285
1421.405361,-20.534992,-20.377520,-2.622604
1421.406533,-20.509705,-20.407616,-1.712024
1421.407705,-20.431919,-20.431129,-0.016190
1421.408877,-20.423744,-20.490648,1.139309
1421.410049,-20.433578,-20.513800,1.368753
1421.411221,-20.458366,-20.476429,0.303797
1421.412392,-20.486908,-20.500027,0.219753
1421.413564,-20.536682,-20.523335,-0.228576
1421.414736,-20.536396,-20.539780,0.054524
1421.415908,-20.504045,-20.572994,1.174495
1421.417080,-20.488291,-20.542282,0.917504
1421.418252,-20.455902,-20.526863,1.209128
1421.419424,-20.529070,-20.550922,0.368301
1421.420596,-20.610712,-20.575661,-0.594193
1421.421767,-20.609568,-20.585403,-0.411016
1421.422939,-20.589293,-20.600300,0.183883
1421.424111,-20.625847,-20.611603,-0.243713
1421.425283,-20.715731,-20.568630,-2.452954
1421.426455,-20.721447,-20.562943,-2.639460
1421.427627,-20.645144,-20.580288,-1.093301
1421.428799,-20.608557,-20.619066,0.175429
1421.429971,-20.634571,-20.659628,0.422869
1421.431142,-20.634789,-20.634666,-0.004885
1421.432314,-20.573906,-20.632095,0.989541
1421.433486,-20.644903,-20.643673,-0.023653
1421.434658,-20.686255,-20.673637,-0.216236
1421.435830,-20.628124,-20.690166,1.055721
1421.437002,-20.586672,-20.658596,1.225721
1421.438174,-20.632782,-20.655443,0.382070
1421.439346,-20.639713,-20.649540,0.163835
1421.440517,-20.619268,-20.662594,0.734787
1421.441689,-20.723854,-20.714500,-0.161094
1421.442861,-20.747459,-20.704134,-0.733094
1421.444033,-20.666809,-20.707590,0.691270
1421.445205,-20.651379,-20.723309,1.225817
1421.446377,-20.650425,-20.732309,1.397457
1421.447549,-20.668554,-20.733940,1.113191
1421.448721,-20.725317,-20.756645,0.529803
1421.449892,-20.774818,-20.771637,-0.056690
1421.451064,-20.769587,-20.742985,-0.452069
1421.452236,-20.742796,-20.755865,0.218911
1421.453408,-20.750706,-20.798979,0.819489
1421.454580,-20.764725,-20.782537,0.299552
1421.455752,-20.753374,-20.749851,-0.062470
1421.456924,-20.734510,-20.786440,0.882143
1421.458096,-20.771969,-20.829365,0.975921
1421.459267,-20.864677,-20.846462,-0.310734
1421.460439,-20.887070,-20.853561,-0.568260
1421.461611,-20.853592,-20.863972,0.173227
1421.462783,-20.854923,-20.859720,0.078493
1421.463955,-20.812359,-20.818329,0.098383
1421.465127,-20.822392,-20.833755,0.189943
1421.466299,-20.804823,-20.885674,1.379619
1421.467471,-20.780096,-20.935228,2.672615
1421.468642,-20.891228,-20.934765,0.738409
1421.469814,-21.014664,-20.909134,-1.768938
1421.470986,-21.032560,-20.886806,-2.430902
1421.472158,-20.933937,-20.877899,-0.945993
1421.473330,-20.943964,-20.898258,-0.773007
1421.474502,-21.022375,-20.894028,-2.145198
1421.475674,-21.076181,-20.878620,-3.274508
1421.476846,-21.006683,-20.880028,-2.117366
1421.478017,-20.929981,-20.880363,-0.838551
1421.479189,-20.894016,-20.922356,0.478822
1421.480361,-20.949621,-20.966949,0.291308
1421.481533,-20.993752,-20.967789,-0.441312
1421.482705,-21.023724,-20.931139,-1.554592
1421.483877,-21.002333,-20.942955,-1.001824
1421.485049,-20.982662,-20.991207,0.142076
1421.486221,-20.988506,-21.002253,0.230417
1421.487392,-20.999128,-20.962147,-0.626621
1421.488564,-21.102325,-20.936193,-2.763930
1421.489736,-21.080305,-20.955038,-2.094515
1421.490908,-21.018612,-20.961876,-0.957666
1421.492080,-21.030598,-20.956802,-1.242340
1421.493252,-21.038324,-20.983463,-0.926313
1421.494424,-21.092585,-21.051945,-0.688042
1421.495596,-21.094702,-21.069796,-0.423518
1421.496767,-21.066668,-21.036558,-0.511101
1421.497939,-21.021481,-21.056425,0.591527
1421.499111,-21.004398,-21.101414,1.659114
1421.500283,-21.099255,-21.082016,-0.294255
1421.501455,-21.184212,-21.076275,-1.808723
1421.502627,-21.152773,-21.097340,-0.935881
1421.503799,-21.054363,-21.100216,0.778041
1421.504971,-20.999252,-21.092834,1.599661
1421.506142,-21.086201,-21.108953,0.383623
1421.507314,-21.203650,-21.138748,-1.094064
1421.508486,-21.139862,-21.117762,-0.376243
1421.509658,-21.025776,-21.106464,1.376821
1421.510830,-21.058653,-21.154980,1.647186
1421.512002,-21.138170,-21.192808,0.928589
1421.513174,-21.198759,-21.188686,-0.173249
1421.514346,-21.202339,-21.186428,-0.271856
1421.515517,-21.196394,-21.168383,-0.475797
1421.516689,-21.165590,-21.129349,-0.614189
1421.517861,-21.189997,-21.122948,-1.129898
1421.519033,-21.286152,-21.149124,-2.287817
1421.520205,-21.198654,-21.171000,-0.469793
1421.521377,-21.113674,-21.191658,1.330155
1421.522549,-21.163685,-21.236517,1.241358
1421.523721,-21.217693,-21.272305,0.928133
1421.524892,-21.265715,-21.215086,-0.855481
1421.526064,-21.203369,-21.214893,0.192662
1421.527236,-21.188854,-21.256578,1.153420
1421.528408,-21.226006,-21.271936,0.779374
1421.529580,-21.240271,-21.256620,0.274671
1421.530752,-21.227970,-21.258732,0.520138
1421.531924,-21.209547,-21.257191,0.808710
1421.533096,-21.318586,-21.262012,-0.954956
1421.534267,-21.339361,-21.258034,-1.367674
1421.535439,-21.282825,-21.268778,-0.240398
1421.536611,-21.319092,-21.272533,-0.787298
1421.537783,-21.426460,-21.257751,-2.805930
1421.538955,-21.405197,-21.276093,-2.157647
1421.540127,-21.310619,-21.285870,-0.420882
1421.541299,-21.306372,-21.294458,-0.204348
1421.542471,-21.334448,-21.315794,-0.318132
1421.543642,-21.313061,-21.354582,0.703925
1421.544814,-21.290895,-21.330240,0.666713
1421.545986,-21.317150,-21.300753,-0.280065
1421.547158,-21.387794,-21.339325,-0.819322
1421.548330,-21.404331,-21.376881,-0.466360
1421.549502,-21.336784,-21.369110,0.546826
1421.550674,-21.313192,-21.361660,0.822821
1421.551846,-21.374607,-21.391647,0.286415
1421.553017,-21.393501,-21.369036,-0.416094
1421.554189,-21.342392,-21.350212,0.129780
1421.555361,-21.293924,-21.319832,0.437366
1421.556533,-21.365320,-21.374037,0.144988
1421.557705,-21.395140,-21.469519,1.268010
1421.558877,-21.402142,-21.480919,1.343845
1421.560049,-21.342236,-21.455502,1.941143
1421.561221,-21.309738,-21.398699,1.519713
1421.562392,-21.357992,-21.408718,0.861515
1421.563564,-21.334213,-21.427824,1.600152
1421.564736,-21.346493,-21.411873,1.113095
1421.565908,-21.496540,-21.455002,-0.703114
1421.567080,-21.563742,-21.490576,-1.231856
1421.568252,-21.527365,-21.487320,-0.678053
1421.569424,-21.537739,-21.497505,-0.681223
1421.570596,-21.510490,-21.516319,0.095989
1421.571767,-21.477989,-21.498507,0.345569
1421.572939,-21.450962,-21.463818,0.215280
1421.574111,-21.450796,-21.434977,-0.270308
1421.575283,-21.534061,-21.428804,-1.764425
1421.576455,-21.535254,-21.467342,-1.144277
1421.577627,-21.514435,-21.527254,0.214666
1421.578799,-21.526899,-21.541986,0.253202
1421.579971,-21.527874,-21.489981,-0.641933
1421.581142,-21.491531,-21.470436,-0.359299
1421.582314,-21.393747,-21.489599,1.638960
1421.583486,-21.464928,-21.489775,0.419299
1421.584658,-21.555561,-21.479477,-1.280451
1421.585830,-21.529507,-21.505093,-0.415226
1421.587002,-21.501595,-21.557711,0.953952
1421.588174,-21.516058,-21.555910,0.675387
1421.589346,-21.561516,-21.570145,0.143505
1421.590517,-21.522102,-21.574572,0.891404
1421.591689,-21.469128,-21.561861,1.584971
1421.592861,-21.470755,-21.555363,1.444491
1421.594033,-21.527308,-21.569969,0.723430
1421.595205,-21.572092,-21.587559,0.259657
1421.596377,-21.513262,-21.545942,0.552877
1421.597549,-21.484568,-21.532032,0.805641
1421.598721,-21.508915,-21.549006,0.679456
1421.599892,-21.606956,-21.565409,-0.703276
1421.601064,-21.609924,-21.574364,-0.602748
1421.602236,-21.639929,-21.587254,-0.889737
1421.603408,-21.734127,-21.620613,-1.900818
1421.604580,-21.721752,-21.633869,-1.476586
