1419.205752,-21.675411,-28.062170,28.546318
1419.206924,-21.626062,-28.082745,30.377089
1419.208096,-21.590967,-28.087822,31.442322
1419.209267,-21.599400,-28.084724,31.135580
1419.210439,-21.588272,-28.084929,31.437033
1419.211611,-21.579350,-28.094728,31.936836
1419.212783,-21.634144,-28.110601,30.900225
1419.213955,-21.716007,-28.124760,29.118990
1419.215127,-21.699429,-28.135021,29.821804
1419.216299,-21.652485,-28.147886,31.403601
1419.217471,-21.669214,-28.154886,31.144800
1419.218642,-21.676092,-28.149757,30.826206
1419.219814,-21.668921,-28.153767,31.122850
1419.220986,-21.646711,-28.167334,32.077198
1419.222158,-21.664944,-28.175514,31.808264
1419.223330,-21.736336,-28.178101,29.984030
1419.224502,-21.721077,-28.183157,30.519638
1419.225674,-21.627949,-28.190134,33.195812
1419.226846,-21.621986,-28.201397,33.662552
1419.228017,-21.644323,-28.209028,33.263973
1419.229189,-21.648806,-28.206032,33.061775
1419.230361,-21.646574,-28.206860,33.144447
1419.231533,-21.653307,-28.209499,33.033871
1419.232705,-21.685013,-28.213690,32.293137
1419.233877,-21.774715,-28.224638,30.198807
1419.235049,-21.816738,-28.233183,29.319975
1419.236221,-21.789585,-28.233946,30.052328
1419.237392,-21.740864,-28.236008,31.396742
1419.238564,-21.700228,-28.246643,32.770115
1419.239736,-21.653328,-28.250105,34.135006
1419.240908,-21.675285,-28.246681,33.445156
1419.242080,-21.773119,-28.247753,30.851889
1419.243252,-21.803265,-28.253220,30.199673
1419.244424,-21.791569,-28.265631,30.836725
1419.245596,-21.768841,-28.276718,31.736309
1419.246767,-21.755798,-28.278225,32.125534
1419.247939,-21.727749,-28.276333,32.828571
1419.249111,-21.725136,-28.277691,32.935665
1419.250283,-21.743452,-28.278854,32.473755
1419.251455,-21.783789,-28.279049,31.399832
1419.252627,-21.823574,-28.281151,30.400694
1419.253799,-21.804361,-28.282738,30.951109
1419.254971,-21.787437,-28.282652,31.398632
1419.256142,-21.793697,-28.282578,31.230066
1419.257314,-21.802811,-28.284359,31.035286
1419.258486,-21.773174,-28.284922,31.839718
1419.259658,-21.765079,-28.292133,32.249584
1419.260830,-21.699383,-28.291210,34.000156
1419.262002,-21.667421,-28.280905,34.591282
1419.263174,-21.741203,-28.276007,32.457661
1419.264346,-21.788786,-28.266630,30.936995
1419.265517,-21.789410,-28.258461,30.704012
1419.266689,-21.756838,-28.263838,31.712875
1419.267861,-21.707920,-28.267252,33.118679
1419.269033,-21.685066,-28.262123,33.598671
1419.270205,-21.704815,-28.250374,32.747051
1419.271377,-21.719255,-28.241428,32.118725
1419.272549,-21.705173,-28.239887,32.455238
1419.273721,-21.701651,-28.237949,32.497852
1419.274892,-21.696814,-28.232336,32.476978
1419.276064,-21.718599,-28.229647,31.821005
1419.277236,-21.708740,-28.226622,32.003796
1419.278408,-21.672440,-28.221924,32.852833
1419.279580,-21.713634,-28.213768,31.529676
1419.280752,-21.765511,-28.205952,29.949215
1419.281924,-21.764593,-28.194141,29.663151
1419.283096,-21.773996,-28.184265,29.158577
1419.284267,-21.760948,-28.177189,29.314648
1419.285439,-21.745129,-28.164272,29.390570
1419.286611,-21.768047,-28.151756,28.467133
1419.287783,-21.788958,-28.145634,27.767704
1419.288955,-21.739361,-28.138912,28.879063
1419.290127,-21.666224,-28.132780,30.638014
1419.291299,-21.657192,-28.119623,30.528919
1419.292471,-21.653511,-28.096125,30.006363
1419.293642,-21.631771,-28.084248,30.266129
1419.294814,-21.626261,-28.073063,30.116608
1419.295986,-21.656708,-28.054050,28.821543
1419.297158,-21.645657,-28.034912,28.611177
1419.298330,-21.603987,-28.022709,29.379545
1419.299502,-21.613373,-28.018173,29.015879
1419.300674,-21.604092,-27.995298,28.661913
1419.301846,-21.581955,-27.976158,28.739836
1419.303017,-21.547014,-27.968445,29.450424
1419.304189,-21.596575,-27.958549,27.904446
1419.305361,-21.628597,-27.943207,26.687923
1419.306533,-21.582722,-27.929607,27.515467
1419.307705,-21.558474,-27.913540,27.726191
1419.308877,-21.558237,-27.886095,27.026861
1419.310049,-21.547434,-27.861975,26.686169
1419.311221,-21.505859,-27.844856,27.312628
1419.312392,-21.472149,-27.831856,27.845913
1419.313564,-21.459476,-27.823032,27.945293
1419.314736,-21.474497,-27.806496,27.133001
1419.315908,-21.528845,-27.779613,25.069088
1419.317080,-21.497820,-27.753450,25.191517
1419.318252,-21.402636,-27.727402,26.947676
1419.319424,-21.341398,-27.710335,28.084383
1419.320596,-21.375618,-27.692528,26.746691
1419.321767,-21.418427,-27.677519,25.278786
1419.322939,-21.461828,-27.662655,23.819159
1419.324111,-21.520554,-27.642021,21.862326
1419.325283,-21.463112,-27.617235,22.663235
1419.326455,-21.426733,-27.593552,22.976217
1419.327627,-21.420393,-27.579458,22.784960
1419.328799,-21.408901,-27.553123,22.419760
1419.329971,-21.362061,-27.530878,23.025566
1419.331142,-21.348751,-27.514618,22.952723
1419.332314,-21.344297,-27.491655,22.496805
1419.333486,-21.306561,-27.464840,22.765579
1419.334658,-21.325218,-27.443773,21.791199
1419.335830,-21.333519,-27.421291,21.042234
1419.337002,-21.289940,-27.390316,21.348259
1419.338174,-21.250206,-27.377407,22.002527
1419.339346,-21.243919,-27.366753,21.895720
1419.340517,-21.252949,-27.340820,21.044645
1419.341689,-21.225430,-27.312620,21.028133
1419.342861,-21.189535,-27.288033,21.302580
1419.344033,-21.268776,-27.267639,18.908604
1419.345205,-21.245571,-27.245567,18.935522
1419.346377,-21.176357,-27.221727,20.019232
1419.347549,-21.150455,-27.201290,20.150511
1419.348721,-21.113195,-27.180040,20.536091
1419.349892,-21.096106,-27.155621,20.359381
1419.351064,-21.147650,-27.127693,18.462549
1419.352236,-21.164999,-27.104342,17.504452
1419.353408,-21.165266,-27.089642,17.154385
1419.354580,-21.163174,-27.063850,16.602543
1419.355752,-21.109999,-27.032366,17.107494
1419.356924,-21.076048,-27.009317,17.362259
1419.358096,-21.051632,-26.986607,17.402161
1419.359267,-20.973907,-26.961517,18.641645
1419.360439,-20.932436,-26.935938,19.018852
1419.361611,-20.947472,-26.914976,18.166426
1419.362783,-20.977936,-26.895157,16.987474
1419.363955,-20.991228,-26.872099,16.143656
1419.365127,-20.999180,-26.851254,15.480167
1419.366299,-20.988350,-26.821367,15.043525
1419.367471,-20.984037,-26.800495,14.665645
1419.368642,-20.988569,-26.781282,14.126310
1419.369814,-20.891201,-26.757257,15.801789
1419.370986,-20.790226,-26.725445,17.407883
1419.372158,-20.794394,-26.696779,16.642235
1419.373330,-20.813061,-26.675533,15.719254
1419.374502,-20.778084,-26.653502,16.017677
1419.375674,-20.768467,-26.629749,15.691860
1419.376846,-20.755625,-26.608654,15.502123
1419.378017,-20.722235,-26.587484,15.783200
1419.379189,-20.779905,-26.570513,14.078623
1419.380361,-20.834349,-26.551229,12.423470
1419.381533,-20.819775,-26.528378,12.239380
1419.382705,-20.780865,-26.503428,12.550033
1419.383877,-20.759733,-26.473083,12.344914
1419.385049,-20.779226,-26.450636,11.416564
1419.386221,-20.784008,-26.429565,10.848798
1419.387392,-20.713873,-26.406769,11.891038
1419.388564,-20.636911,-26.385405,13.129720
1419.389736,-20.668211,-26.376589,12.234386
1419.390908,-20.685072,-26.361279,11.522290
1419.392080,-20.700497,-26.328699,10.469527
1419.393252,-20.705881,-26.300797,9.746307
1419.394424,-20.653822,-26.279480,10.414047
1419.395596,-20.585476,-26.256617,11.410645
1419.396767,-20.596674,-26.235579,10.703226
1419.397939,-20.670074,-26.216486,8.702356
1419.399111,-20.641832,-26.195307,8.853657
1419.400283,-20.573162,-26.173599,9.865894
1419.401455,-20.563225,-26.145844,9.480543
1419.402627,-20.563219,-26.124155,9.013744
1419.403799,-20.587307,-26.111206,8.221778
1419.404971,-20.572596,-26.089855,8.080519
1419.406142,-20.540787,-26.063217,8.190516
1419.407314,-20.531967,-26.039688,7.877941
1419.408486,-20.481337,-26.023493,8.611331
1419.409658,-20.430906,-25.999586,9.180191
1419.410830,-20.417807,-25.980417,9.049723
1419.412002,-20.454882,-25.958254,7.785735
1419.413174,-20.478498,-25.936710,6.833668
1419.414346,-20.451757,-25.918560,7.014019
1419.415517,-20.469784,-25.897099,6.187965
1419.416689,-20.476828,-25.875954,5.602865
1419.417861,-20.410025,-25.849112,6.433448
1419.419033,-20.337433,-25.830395,7.565396
1419.420205,-20.296024,-25.811554,8.043738
1419.421377,-20.278318,-25.792171,8.008113
1419.422549,-20.255775,-25.782766,8.287633
1419.423721,-20.255306,-25.765976,7.940527
1419.424892,-20.294811,-25.741306,6.588259
1419.426064,-20.316402,-25.717318,5.639887
1419.427236,-20.327400,-25.697231,4.998818
1419.428408,-20.334959,-25.682213,4.536049
1419.429580,-20.290344,-25.668278,5.165475
1419.430752,-20.207085,-25.644247,6.393269
1419.431924,-20.180473,-25.618078,6.402501
1419.433096,-20.213926,-25.605249,5.441572
1419.434267,-20.207872,-25.588150,5.213750
1419.435439,-20.147343,-25.561234,5.908864
1419.436611,-20.143145,-25.545931,5.678627
1419.437783,-20.138948,-25.537737,5.595882
1419.438955,-20.141460,-25.516073,5.097136
1419.440127,-20.172619,-25.494225,4.013252
1419.441299,-20.172039,-25.479059,3.717319
1419.442471,-20.129913,-25.465992,4.307875
1419.443642,-20.092049,-25.446537,4.684074
1419.444814,-20.076571,-25.428408,4.629799
1419.445986,-20.083553,-25.410969,4.131405
1419.447158,-20.111456,-25.392307,3.188860
1419.448330,-20.061228,-25.372070,3.794779
1419.449502,-19.999468,-25.354757,4.700481
1419.450674,-19.971497,-25.335730,4.883854
1419.451846,-19.984644,-25.314011,4.171127
1419.453017,-20.006672,-25.297302,3.385976
1419.454189,-20.062073,-25.280994,1.950858
1419.455361,-20.072216,-25.270250,1.537260
1419.456533,-19.975449,-25.257921,3.221507
1419.457705,-19.902580,-25.239241,4.319740
1419.458877,-19.894674,-25.221851,4.126554
1419.460049,-19.907351,-25.195005,3.325954
1419.461221,-19.961618,-25.175648,1.853808
1419.462392,-19.980633,-25.162039,1.209434
1419.463564,-19.963324,-25.143736,1.189888
1419.464736,-19.944723,-25.133049,1.345706
1419.465908,-19.905128,-25.119644,1.863448
1419.467080,-19.876009,-25.100574,2.062943
1419.468252,-19.819218,-25.086426,2.914611
1419.469424,-19.807032,-25.068266,2.794789
1419.470596,-19.858120,-25.053341,1.481706
1419.471767,-19.897490,-25.041225,0.471377
1419.472939,-19.891636,-25.030907,0.384320
1419.474111,-19.837158,-25.017300,1.184549
1419.475283,-19.849173,-25.003786,0.683837
1419.476455,-19.835619,-24.991129,0.701368
1419.477627,-19.807281,-24.971416,0.870256
1419.478799,-19.816465,-24.955826,0.386062
1419.479971,-19.825386,-24.940634,-0.082540
1419.481142,-19.829624,-24.924259,-0.481079
1419.482314,-19.824755,-24.904394,-0.769820
1419.483486,-19.800089,-24.892963,-0.515024
1419.484658,-19.763670,-24.885786,0.050672
1419.485830,-19.736027,-24.872334,0.326578
1419.487002,-19.710123,-24.858339,0.558831
1419.488174,-19.680508,-24.840122,0.781703
1419.489346,-19.691820,-24.827328,0.311011
1419.490517,-19.743216,-24.817532,-0.872079
1419.491689,-19.705688,-24.804220,-0.405880
1419.492861,-19.611067,-24.786674,1.095415
1419.494033,-19.607235,-24.769258,0.828878
1419.495205,-19.644827,-24.755333,-0.174394
1419.496377,-19.633530,-24.739929,-0.253844
1419.497549,-19.599421,-24.720940,0.039080
1419.498721,-19.604206,-24.709599,-0.273328
1419.499892,-19.630926,-24.707535,-0.828056
1419.501064,-19.689207,-24.696798,-2.143302
1419.502236,-19.647079,-24.683867,-1.589477
1419.503408,-19.607140,-24.673641,-1.021977
1419.504580,-19.591501,-24.655687,-1.066340
1419.505752,-19.531385,-24.634991,-0.307872
1419.506924,-19.578714,-24.628338,-1.344797
1419.508096,-19.602476,-24.622381,-1.910172
1419.509267,-19.583090,-24.605270,-1.867014
1419.510439,-19.576065,-24.594086,-1.945884
1419.511611,-19.533922,-24.581619,-1.381566
1419.512783,-19.520432,-24.563469,-1.470422
1419.513955,-19.478140,-24.550192,-0.915540
1419.515127,-19.478483,-24.544096,-1.039001
1419.516299,-19.517609,-24.543278,-1.800812
1419.517471,-19.567387,-24.534546,-2.904149
1419.518642,-19.601181,-24.518658,-3.829428
1419.519814,-19.558479,-24.499834,-3.386050
1419.520986,-19.519485,-24.476624,-3.091637
1419.522158,-19.560993,-24.460909,-4.153954
1419.523330,-19.540396,-24.454763,-3.886972
1419.524502,-19.516590,-24.448452,-3.562613
1419.525674,-19.512966,-24.443794,-3.581813
1419.526846,-19.532215,-24.435579,-4.090330
1419.528017,-19.543205,-24.422722,-4.529289
1419.529189,-19.544056,-24.410389,-4.770922
1419.530361,-19.534153,-24.396713,-4.839936
1419.531533,-19.546240,-24.389956,-5.183761
1419.532705,-19.509878,-24.385109,-4.607918
1419.533877,-19.433256,-24.376888,-3.343634
1419.535049,-19.387318,-24.363029,-2.743802
1419.536221,-19.334795,-24.344604,-2.101349
1419.537392,-19.360966,-24.340170,-2.678231
1419.538564,-19.398792,-24.336864,-3.447142
1419.539736,-19.380711,-24.319324,-3.437069
1419.540908,-19.363451,-24.306261,-3.358947
1419.542080,-19.336309,-24.295963,-3.044605
1419.543252,-19.321033,-24.283398,-2.993914
1419.544424,-19.369642,-24.274460,-4.063498
1419.545596,-19.397308,-24.271019,-4.635794
1419.546767,-19.371782,-24.263533,-4.304408
1419.547939,-19.391758,-24.249752,-4.923385
1419.549111,-19.380800,-24.238464,-4.929410
1419.550283,-19.357290,-24.233923,-4.582211
1419.551455,-19.368587,-24.224146,-4.967865
1419.552627,-19.373617,-24.215853,-5.210703
1419.553799,-19.315645,-24.207193,-4.308128
1419.554971,-19.250250,-24.192221,-3.374581
1419.556142,-19.271015,-24.183867,-3.915027
1419.557314,-19.301365,-24.175184,-4.633798
1419.558486,-19.301462,-24.164820,-4.825358
1419.559658,-19.289059,-24.159258,-4.700135
1419.560830,-19.235260,-24.160862,-3.678826
1419.562002,-19.202316,-24.152119,-3.228601
1419.563174,-19.241489,-24.132477,-4.318448
1419.564346,-19.224512,-24.126785,-4.110469
1419.565517,-19.230833,-24.125967,-4.242094
1419.566689,-19.192579,-24.117123,-3.698458
1419.567861,-19.220116,-24.113340,-4.277255
1419.569033,-19.297842,-24.116444,-5.639658
1419.570205,-19.338083,-24.101425,-6.633555
1419.571377,-19.297268,-24.085491,-6.187606
1419.572549,-19.256859,-24.080685,-5.545036
1419.573721,-19.252098,-24.077112,-5.523501
1419.574892,-19.240988,-24.064304,-5.554263
1419.576064,-19.188988,-24.055119,-4.774618
1419.577236,-19.149830,-24.042511,-4.287266
1419.578408,-19.158791,-24.037094,-4.551554
1419.579580,-19.188961,-24.030895,-5.216185
1419.580752,-19.210241,-24.022894,-5.747269
1419.581924,-19.219467,-24.022121,-5.927780
1419.583096,-19.172316,-24.021202,-5.089565
1419.584267,-19.139236,-24.014458,-4.608097
1419.585439,-19.140934,-24.010866,-4.705029
1419.586611,-19.184948,-23.996452,-5.768014
1419.587783,-19.202974,-23.981169,-6.367661
1419.588955,-19.178564,-23.977461,-5.995514
1419.590127,-19.170185,-23.972942,-5.925927
1419.591299,-19.163191,-23.973286,-5.793486
1419.592471,-19.099583,-23.968985,-4.714737
1419.593642,-19.121061,-23.961048,-5.251618
1419.594814,-19.202446,-23.951691,-6.885088
1419.595986,-19.199234,-23.946472,-6.920825
1419.597158,-19.186241,-23.948061,-6.660751
1419.598330,-19.193188,-23.946287,-6.816390
1419.599502,-19.139978,-23.944025,-5.902667
1419.600674,-19.171738,-23.937737,-6.586059
1419.601846,-19.176218,-23.924271,-6.906321
1419.603017,-19.130428,-23.910885,-6.327085
1419.604189,-19.127159,-23.903625,-6.398639
1419.605361,-19.139561,-23.900068,-6.684190
1419.606533,-19.111183,-23.889647,-6.362840
1419.607705,-19.111822,-23.885769,-6.443799
1419.608877,-19.089931,-23.893002,-5.920285
1419.610049,-19.055340,-23.896835,-5.224169
1419.611221,-19.090544,-23.887978,-6.021871
1419.612392,-19.137606,-23.875582,-7.085566
1419.613564,-19.130821,-23.873230,-7.006770
1419.614736,-19.134157,-23.869745,-7.127982
1419.615908,-19.113985,-23.863554,-6.879310
1419.617080,-19.069231,-23.859644,-6.148242
1419.618252,-19.029989,-23.856546,-5.495526
1419.619424,-19.056629,-23.848856,-6.115608
1419.620596,-19.146749,-23.838079,-7.909926
1419.621767,-19.195732,-23.825483,-8.984714
1419.622939,-19.208704,-23.825565,-9.207771
1419.624111,-19.185331,-23.829241,-8.738946
1419.625283,-19.145405,-23.821060,-8.184954
1419.626455,-19.138918,-23.818148,-8.122324
1419.627627,-19.123308,-23.819412,-7.825964
1419.628799,-19.069441,-23.810492,-7.030920
1419.629971,-19.054201,-23.808737,-6.790781
1419.631142,-19.065220,-23.809385,-6.975513
1419.632314,-19.002493,-23.808655,-5.864501
1419.633486,-19.028011,-23.805082,-6.387806
1419.634658,-19.060654,-23.799480,-7.070450
1419.635830,-19.081610,-23.796595,-7.492990
1419.637002,-19.098370,-23.792135,-7.867102
1419.638174,-19.033939,-23.788977,-6.781827
1419.639346,-18.675234,-23.784029,-0.207504
1419.640517,-18.361300,-23.778118,5.969666
1419.641689,-18.779955,-23.777554,-2.332002
1419.642861,-19.045713,-23.777830,-7.189605
1419.644033,-19.040651,-23.773190,-7.182127
1419.645205,-19.031366,-23.776188,-6.963847
1419.646377,-19.032782,-23.772400,-7.056386
1419.647549,-19.041416,-23.763163,-7.373391
1419.648721,-19.055613,-23.761963,-7.645447
1419.649892,-19.052023,-23.768919,-7.459200
1419.651064,-19.037802,-23.764009,-7.294379
1419.652236,-19.034767,-23.758427,-7.339521
1419.653408,-19.087904,-23.750793,-8.408216
1419.654580,-19.114897,-23.744574,-8.985998
1419.655752,-19.116337,-23.745289,-8.998562
1419.656924,-19.081635,-23.744650,-8.406021
1419.658096,-19.055721,-23.741573,-8.006160
1419.659267,-19.096897,-23.741718,-8.723089
1419.660439,-19.125950,-23.740643,-9.245232
1419.661611,-19.075283,-23.737135,-8.426333
1419.662783,-19.002588,-23.736620,-7.155617
1419.663955,-18.990705,-23.733124,-7.006597
1419.665127,-19.051115,-23.722898,-8.252744
1419.666299,-19.048370,-23.722515,-8.211409
1419.667471,-19.063484,-23.726410,-8.407585
1419.668642,-19.122705,-23.726873,-9.426781
1419.669814,-19.186316,-23.730001,-10.461580
1419.670986,-19.141296,-23.726225,-9.757518
1419.672158,-19.037666,-23.720005,-8.067807
1419.673330,-19.017784,-23.722504,-7.674206
1419.674502,-19.048956,-23.721964,-8.231307
1419.675674,-19.081772,-23.718805,-8.858403
1419.676846,-19.061874,-23.718056,-8.525269
1419.678017,-19.083502,-23.715601,-8.944009
1419.679189,-19.093859,-23.711872,-9.187860
1419.680361,-19.103964,-23.716721,-9.278657
1419.681533,-19.086777,-23.719578,-8.931841
1419.682705,-19.065069,-23.711056,-8.702820
1419.683877,-19.086185,-23.708801,-9.108268
1419.685049,-19.086143,-23.705410,-9.166201
1419.686221,-19.062111,-23.704500,-8.765369
1419.687392,-19.058489,-23.708256,-8.637033
1419.688564,-19.080692,-23.709059,-9.008708
1419.689736,-19.133978,-23.706326,-9.972993
1419.690908,-19.114475,-23.701733,-9.717554
1419.692080,-19.091291,-23.695763,-9.421553
1419.693252,-19.089417,-23.698265,-9.346094
1419.694424,-19.092783,-23.703033,-9.321907
1419.695596,-19.086786,-23.701180,-9.250403
1419.696767,-19.039585,-23.700798,-8.437488
1419.697939,-19.035484,-23.698500,-8.406021
1419.699111,-19.114882,-23.698658,-9.777267
1419.700283,-19.122227,-23.707674,-9.748612
1419.701455,-19.061035,-23.708143,-8.683311
1419.702627,-19.021046,-23.703819,-8.060182
1419.703799,-19.055126,-23.705944,-8.618734
1419.704971,-19.092205,-23.709393,-9.202135
1419.706142,-19.111465,-23.705975,-9.593005
1419.707314,-19.088480,-23.703966,-9.231525
1419.708486,-19.080750,-23.699827,-9.169464
1419.709658,-19.097025,-23.695505,-9.524709
1419.710830,-19.082644,-23.694542,-9.293475
1419.712002,-19.106871,-23.695326,-9.696995
1419.713174,-19.169106,-23.697456,-10.721665
1419.714346,-19.176971,-23.699604,-10.818413
1419.715517,-19.140589,-23.695086,-10.277670
1419.716689,-19.157310,-23.694880,-10.565434
1419.717861,-19.158121,-23.702034,-10.457718
1419.719033,-19.138548,-23.706261,-10.052221
1419.720205,-19.125711,-23.709038,-9.784992
1419.721377,-19.109795,-23.706131,-9.561582
1419.722549,-19.128052,-23.703690,-9.916703
1419.723721,-19.111214,-23.698891,-9.710355
1419.724892,-19.076681,-23.693298,-9.211986
1419.726064,-19.070284,-23.694515,-9.080311
1419.727236,-19.056219,-23.697899,-8.777698
1419.728408,-19.054058,-23.702251,-8.664420
1419.729580,-19.076220,-23.706039,-8.983521
1419.730752,-19.091351,-23.710667,-9.165342
1419.731924,-19.090822,-23.707466,-9.211528
1419.733096,-19.108150,-23.701435,-9.614046
1419.734267,-19.136393,-23.704290,-10.049057
1419.735439,-19.153227,-23.710438,-10.231428
1419.736611,-19.156603,-23.711670,-10.267956
1419.737783,-19.162083,-23.711792,-10.359166
1419.738955,-19.145506,-23.709080,-10.122897
1419.740127,-19.119852,-23.714291,-9.594210
1419.741299,-19.130842,-23.721272,-9.663100
1419.742471,-19.138128,-23.722591,-9.765495
1419.743642,-19.142225,-23.719027,-9.896787
1419.744814,-19.119608,-23.712854,-9.614701
1419.745986,-19.079412,-23.716564,-8.856351
1419.747158,-19.055840,-23.724499,-8.307389
1419.748330,-19.104591,-23.727808,-9.097874
1419.749502,-19.152370,-23.724403,-9.978375
1419.750674,-19.219320,-23.720020,-11.188322
1419.751846,-19.225891,-23.728029,-11.164123
1419.753017,-19.133595,-23.738405,-9.415701
1419.754189,-19.053379,-23.728390,-8.196243
1419.755361,-19.041906,-23.733917,-7.897956
1419.756533,-19.059265,-23.742018,-8.060553
1419.757705,-19.091793,-23.735722,-8.738612
1419.758877,-19.155106,-23.734224,-9.857095
1419.760049,-19.118193,-23.737486,-9.165737
1419.761221,-18.947344,-23.731552,-6.259740
1419.762392,-19.013828,-23.739567,-7.302697
1419.763564,-19.126051,-23.753696,-9.021197
1419.764736,-19.187510,-23.752781,-10.093921
1419.765908,-19.207520,-23.742809,-10.604094
1419.767080,-19.142620,-23.737320,-9.589724
1419.768252,-19.134203,-23.741873,-9.366426
1419.769424,-19.130692,-23.750801,-9.151624
1419.770596,-19.133720,-23.764378,-8.969011
1419.771767,-19.156073,-23.770252,-9.254086
1419.772939,-19.213245,-23.763691,-10.346634
1419.774111,-19.275887,-23.755089,-11.549079
1419.775283,-19.232008,-23.754379,-10.822831
1419.776455,-19.145626,-23.757236,-9.298444
1419.777627,-19.110023,-23.756622,-8.692172
1419.778799,-19.141331,-23.762234,-9.137898
1419.779971,-19.181406,-23.766006,-9.763141
1419.781142,-19.203987,-23.768311,-10.110105
1419.782314,-19.164631,-23.774708,-9.324904
1419.783486,-19.173201,-23.780872,-9.366388
1419.784658,-19.277067,-23.773947,-11.252564
1419.785830,-19.262655,-23.774939,-10.993196
1419.787002,-19.187012,-23.780012,-9.618935
1419.788174,-19.223261,-23.779587,-10.246507
1419.789346,-19.259083,-23.779263,-10.859878
1419.790517,-19.282951,-23.784309,-11.177248
1419.791689,-19.292782,-23.789486,-11.255512
1419.792861,-19.202208,-23.796787,-9.591787
1419.794033,-19.189524,-23.795700,-9.392169
1419.795205,-19.206251,-23.792667,-9.731990
1419.796377,-19.188866,-23.793718,-9.414978
1419.797549,-19.206316,-23.804321,-9.532871
1419.798721,-19.233929,-23.806652,-9.966566
1419.799892,-19.219421,-23.805161,-9.743608
1419.801064,-19.236897,-23.809723,-9.964805
1419.802236,-19.287722,-23.810560,-10.814934
1419.803408,-19.271534,-23.809849,-10.552778
1419.804580,-19.256048,-23.809807,-10.290239
1419.805752,-19.279808,-23.810453,-10.682809
1419.806924,-19.236971,-23.811949,-9.927999
1419.808096,-19.195000,-23.819687,-9.072426
1419.809267,-19.217785,-23.825371,-9.367865
1419.810439,-19.262154,-23.827740,-10.088545
1419.811611,-19.262877,-23.831747,-10.032434
1419.812783,-19.219671,-23.830317,-9.315104
1419.813955,-19.244438,-23.832331,-9.706654
1419.815127,-19.283268,-23.840939,-10.223587
1419.816299,-19.230040,-23.845282,-9.235745
1419.817471,-19.205879,-23.847069,-8.786220
1419.818642,-19.231365,-23.838497,-9.375694
1419.819814,-19.021641,-23.813068,-6.129988
1419.820986,-18.588215,-23.791895,1.648857
1419.822158,-18.854549,-23.827831,-2.789388
1419.823330,-19.224419,-23.854311,-8.982266
1419.824502,-19.318035,-23.853985,-10.592896
1419.825674,-19.291576,-23.845358,-10.289850
1419.826846,-19.269012,-23.851688,-9.796140
1419.828017,-19.332813,-23.855751,-10.813253
1419.829189,-19.393538,-23.859655,-11.767786
1419.830361,-19.351479,-23.866947,-10.939446
1419.831533,-19.265560,-23.865261,-9.503698
1419.832705,-19.238413,-23.861858,-9.093912
1419.833877,-19.265781,-23.855286,-9.678988
1419.835049,-19.275183,-23.857672,-9.799341
1419.836221,-19.294209,-23.871328,-9.891330
1419.837392,-19.277514,-23.879791,-9.459334
1419.838564,-19.285191,-23.876570,-9.646786
1419.839736,-19.326870,-23.872450,-10.429391
1419.840908,-19.323498,-23.876198,-10.308265
1419.842080,-19.308743,-23.893501,-9.760422
1419.843252,-19.324394,-23.901428,-9.892800
1419.844424,-19.353222,-23.901825,-10.377989
1419.845596,-19.343107,-23.899652,-10.242768
1419.846767,-19.328625,-23.890263,-10.155932
1419.847939,-19.348963,-23.887550,-10.548150
1419.849111,-19.376705,-23.893221,-10.921766
1419.850283,-19.370615,-23.898003,-10.737974
1419.851455,-19.341421,-23.908875,-10.056652
1419.852627,-19.351561,-23.912800,-10.162736
1419.853799,-19.341154,-23.914473,-9.956388
1419.854971,-19.374031,-23.915627,-10.497082
1419.856142,-19.389715,-23.917330,-10.734130
1419.857314,-19.347797,-23.915924,-10.045145
1419.858486,-19.277348,-23.918613,-8.784897
1419.859658,-19.279406,-23.922962,-8.745082
1419.860830,-19.350044,-23.921413,-9.989727
1419.862002,-19.358862,-23.920113,-10.162539
1419.863174,-19.329121,-23.925007,-9.569324
1419.864346,-19.374653,-23.927368,-10.308005
1419.865517,-19.432121,-23.940012,-11.067252
1419.866689,-19.378895,-23.945572,-10.069913
1419.867861,-19.342770,-23.935804,-9.618341
1419.869033,-19.353579,-23.942263,-9.693065
1419.870205,-19.377047,-23.945198,-10.044725
1419.871377,-19.416140,-23.944714,-10.717884
1419.872549,-19.411404,-23.951006,-10.530928
1419.873721,-19.373390,-23.957817,-9.766119
1419.874892,-19.394510,-23.960480,-10.082001
1419.876064,-19.403265,-23.961657,-10.211302
1419.877236,-19.397842,-23.961584,-10.120035
1419.878408,-19.381369,-23.954941,-9.952044
1419.879580,-19.269615,-23.873337,-9.434468
1419.880752,-19.088310,-23.764843,-8.169585
1419.881924,-19.208389,-23.871990,-8.395794
1419.883096,-19.349953,-23.968288,-9.182286
1419.884267,-19.387138,-23.982826,-9.572736
1419.885439,-19.377090,-23.977976,-9.483305
1419.886611,-19.403830,-23.972424,-10.037162
1419.887783,-19.459038,-23.976171,-10.911329
1419.888955,-19.481972,-23.981045,-11.215685
1419.890127,-19.442354,-23.988411,-10.421284
1419.891299,-19.388639,-23.995247,-9.384735
1419.892471,-19.392235,-23.995352,-9.444880
1419.893642,-19.392803,-23.998718,-9.396674
1419.894814,-19.447578,-24.006632,-10.200011
1419.895986,-19.468531,-24.007322,-10.544683
1419.897158,-19.457365,-23.998823,-10.499417
1419.898330,-19.433767,-23.995224,-10.159029
1419.899502,-19.498489,-23.993675,-11.281028
1419.900674,-19.523987,-23.995478,-11.678053
1419.901846,-19.455822,-23.998003,-10.487145
1419.903017,-19.460562,-24.002300,-10.494654
1419.904189,-19.498785,-24.008694,-11.033239
1419.905361,-19.486643,-24.011551,-10.779933
1419.906533,-19.533937,-24.005671,-11.674011
1419.907705,-19.522522,-24.008245,-11.439837
1419.908877,-19.502192,-24.020000,-10.899928
1419.910049,-19.531954,-24.021320,-11.378739
1419.911221,-19.534744,-24.024145,-11.378159
1419.912392,-19.483290,-24.024210,-10.508551
1419.913564,-19.496016,-24.018709,-10.817381
1419.914736,-19.521479,-24.027763,-11.094313
1419.915908,-19.496513,-24.034477,-10.558736
1419.917080,-19.495203,-24.028954,-10.630190
1419.918252,-19.531483,-24.032354,-11.185436
1419.919424,-19.513056,-24.043148,-10.692177
1419.920596,-19.477875,-24.047173,-10.025136
1419.921767,-19.459152,-24.049648,-9.661957
1419.922939,-19.402315,-24.045990,-8.743024
1419.924111,-19.418358,-24.039507,-9.133647
1419.925283,-19.482794,-24.033501,-10.342197
1419.926455,-19.458839,-24.033682,-9.930310
1419.927627,-19.435505,-24.042698,-9.374644
1419.928799,-19.426823,-24.036594,-9.330170
1419.929971,-19.444143,-24.042725,-9.522965
1419.931142,-19.463734,-24.055389,-9.642034
1419.932314,-19.451538,-24.051384,-9.501202
1419.933486,-19.463705,-24.053143,-9.680131
1419.934658,-19.483149,-24.057041,-9.946563
1419.935830,-19.484432,-24.054031,-10.019988
1419.937002,-19.536968,-24.061510,-10.786125
1419.938174,-19.539892,-24.060722,-10.848885
1419.939346,-19.504375,-24.051733,-10.399167
1419.940517,-19.471476,-24.053705,-9.803790
1419.941689,-19.467262,-24.066502,-9.511645
1419.942861,-19.500053,-24.075048,-9.927703
1419.944033,-19.515968,-24.071863,-10.253854
1419.945205,-19.468287,-24.063833,-9.575165
1419.946377,-19.403803,-24.059704,-8.530163
1419.947549,-19.451508,-24.061668,-9.323459
1419.948721,-19.501427,-24.070242,-10.033385
1419.949892,-19.528553,-24.072716,-10.453473
1419.951064,-19.532345,-24.072058,-10.529049
1419.952236,-19.526932,-24.070559,-10.462582
1419.953408,-19.563984,-24.071350,-11.076089
1419.954580,-19.550858,-24.079826,-10.711198
1419.955752,-19.547237,-24.082111,-10.611144
1419.956924,-19.551685,-24.077053,-10.772153
1419.958096,-19.522552,-24.075890,-10.297421
1419.959267,-19.459831,-24.078054,-9.184233
1419.960439,-19.445274,-24.084843,-8.814385
1419.961611,-19.509230,-24.091566,-9.801961
1419.962783,-19.577734,-24.090595,-10.983444
1419.963955,-19.633451,-24.084221,-12.023491
1419.965127,-19.645407,-24.086040,-12.191859
1419.966299,-19.558304,-24.090923,-10.649359
1419.967471,-19.534962,-24.086800,-10.322942
1419.968642,-19.558718,-24.086163,-10.737003
1419.969814,-19.570028,-24.084265,-10.960240
1419.970986,-19.580856,-24.083136,-11.161750
1419.972158,-19.552807,-24.085218,-10.652881
1419.973330,-19.575693,-24.089840,-10.961755
1419.974502,-19.575304,-24.095802,-10.854496
1419.975674,-19.521336,-24.089106,-10.051245
1419.976846,-19.519161,-24.090767,-9.985685
1419.978017,-19.552460,-24.100693,-10.384280
1419.979189,-19.519117,-24.105463,-9.733201
1419.980361,-19.546562,-24.099367,-10.306479
1419.981533,-19.605688,-24.093445,-11.405738
1419.982705,-19.592369,-24.094679,-11.161231
1419.983877,-19.539005,-24.099710,-10.171845
1419.985049,-19.469328,-24.105762,-8.868797
1419.986221,-19.536161,-24.108585,-9.971689
1419.987392,-19.584591,-24.112610,-10.727289
1419.988564,-19.535305,-24.108192,-9.963760
1419.989736,-19.512121,-24.106218,-9.600080
1419.990908,-19.525225,-24.112209,-9.722239
1419.992080,-19.557247,-24.103739,-10.413893
1419.993252,-19.585608,-24.093586,-11.065769
1419.994424,-19.589701,-24.106264,-10.920963
1419.995596,-19.544712,-24.114725,-10.012913
1419.996767,-19.566078,-24.105907,-10.527078
1419.997939,-19.584564,-24.097298,-10.985601
1419.999111,-19.525816,-24.102888,-9.892145
1420.000283,-19.469061,-24.106819,-8.845821
1420.001455,-19.521055,-24.110029,-9.688090
1420.002627,-19.570953,-24.106142,-10.605805
1420.003799,-19.522589,-24.100880,-9.871277
1420.004971,-19.509081,-24.098719,-9.676695
1420.006142,-19.538036,-24.098381,-10.177994
1420.007314,-19.521078,-24.099520,-9.868694
1420.008486,-19.515802,-24.105833,-9.669947
1420.009658,-19.549284,-24.105377,-10.250474
1420.010830,-19.574841,-24.106285,-10.669270
1420.012002,-19.574295,-24.116051,-10.494369
1420.013174,-19.564266,-24.118235,-10.286668
1420.014346,-19.625994,-24.108620,-11.491745
1420.015517,-19.637062,-24.100168,-11.818032
1420.016689,-19.599430,-24.098127,-11.222007
1420.017861,-19.592426,-24.098684,-11.094757
1420.019033,-19.573299,-24.101788,-10.719342
1420.020205,-19.582920,-24.108210,-10.773476
1420.021377,-19.617647,-24.099388,-11.506576
1420.022549,-19.601959,-24.086155,-11.465445
1420.023721,-19.525417,-24.090393,-10.098969
1420.024892,-19.447393,-24.109018,-8.430295
1420.026064,-19.498064,-24.122784,-9.071863
1420.027236,-19.584005,-24.120720,-10.579926
1420.028408,-19.607218,-24.115170,-11.066220
1420.029580,-19.568375,-24.104538,-10.589281
1420.030752,-19.573214,-24.088684,-10.939409
1420.031924,-19.574894,-24.087742,-10.983667
1420.033096,-19.543926,-24.098948,-10.268735
1420.034267,-19.589632,-24.104977,-10.941541
1420.035439,-19.620239,-24.108114,-11.403754
1420.036611,-19.591743,-24.106064,-10.958825
1420.037783,-19.531521,-24.107601,-9.909127
1420.038955,-19.550426,-24.103775,-10.297222
1420.040127,-19.643341,-24.100227,-11.921695
1420.041299,-19.657871,-24.096481,-12.225427
1420.042471,-19.631693,-24.099194,-11.744699
1420.043642,-19.644148,-24.100580,-11.929252
1420.044814,-19.638721,-24.088451,-12.040781
1420.045986,-19.585718,-24.079391,-11.306432
1420.047158,-19.549335,-24.079079,-10.698091
1420.048330,-19.577625,-24.088947,-11.009405
1420.049502,-19.637909,-24.089226,-12.014388
1420.050674,-19.635773,-24.081837,-12.101706
1420.051846,-19.568478,-24.081673,-10.977809
1420.053017,-19.562548,-24.090668,-10.725572
1420.054189,-19.609554,-24.098776,-11.381167
1420.055361,-19.604090,-24.099392,-11.279069
1420.056533,-19.647247,-24.090038,-12.156054
1420.057705,-19.638878,-24.086239,-12.080157
1420.058877,-19.591959,-24.089365,-11.243715
1420.060049,-19.602806,-24.085196,-11.495712
1420.061221,-19.544273,-24.080057,-10.595714
1420.062392,-19.522608,-24.076069,-10.295306
1420.063564,-19.576044,-24.074869,-11.219856
1420.064736,-19.533588,-24.075708,-10.488177
1420.065908,-19.512531,-24.070976,-10.210387
1420.067080,-19.564936,-24.069880,-11.116893
1420.068252,-19.552330,-24.080006,-10.733098
1420.069424,-19.483543,-24.080410,-9.552461
1420.070596,-19.539471,-24.082977,-10.464626
1420.071767,-19.648937,-24.079086,-12.365610
1420.072939,-19.620607,-24.071697,-12.018164
1420.074111,-19.572615,-24.069172,-11.257984
1420.075283,-19.545151,-24.073860,-10.715597
1420.076455,-19.547207,-24.073286,-10.760115
1420.077627,-19.587767,-24.071621,-11.471167
1420.078799,-19.516066,-24.068207,-10.317781
1420.079971,-19.506411,-24.065620,-10.197349
1420.081142,-19.550449,-24.066483,-10.929911
1420.082314,-19.589184,-24.066940,-11.573278
1420.083486,-19.600698,-24.063452,-11.823915
1420.084658,-19.555235,-24.059673,-11.125401
1420.085830,-19.532644,-24.062605,-10.694402
1420.087002,-19.557245,-24.063587,-11.093349
1420.088174,-19.542196,-24.056204,-10.964103
1420.089346,-19.548994,-24.054428,-11.108637
1420.090517,-19.605093,-24.059458,-11.963673
1420.091689,-19.589478,-24.060703,-11.682489
1420.092861,-19.509605,-24.054924,-10.433834
1420.094033,-19.505089,-24.048515,-10.465981
1420.095205,-19.514191,-24.045891,-10.664944
1420.096377,-19.489559,-24.045223,-10.257784
1420.097549,-19.535313,-24.045565,-11.027450
1420.098721,-19.587069,-24.048632,-11.843758
1420.099892,-19.596771,-24.036171,-12.212332
1420.101064,-19.619646,-24.024725,-12.779375
1420.102236,-19.566252,-24.031471,-11.782778
1420.103408,-19.530743,-24.033575,-11.152437
1420.104580,-19.523941,-24.033375,-11.041243
1420.105752,-19.537815,-24.037071,-11.212607
1420.106924,-19.505764,-24.038160,-10.653147
1420.108096,-19.519238,-24.030485,-11.010666
1420.109267,-19.514359,-24.017363,-11.149551
1420.110439,-19.492908,-24.018406,-10.769959
1420.111611,-19.523346,-24.025749,-11.159661
1420.112783,-19.515465,-24.025080,-11.038190
1420.113955,-19.507591,-24.010393,-11.152950
1420.115127,-19.513948,-24.007889,-11.301946
1420.116299,-19.525068,-24.017057,-11.334716
1420.117471,-19.551886,-24.017223,-11.780807
1420.118642,-19.553133,-24.008570,-11.945832
1420.119814,-19.492908,-24.003275,-11.025521
1420.120986,-19.511845,-24.004211,-11.328376
1420.122158,-19.566566,-24.002638,-12.267515
1420.123330,-19.546494,-24.003651,-11.917177
1420.124502,-19.542948,-24.004929,-11.836800
1420.125674,-19.493561,-23.997875,-11.127490
1420.126846,-19.483158,-23.991795,-11.054683
1420.128017,-19.532906,-23.994633,-11.841026
1420.129189,-19.577280,-23.987829,-12.689296
1420.130361,-19.539309,-23.977497,-12.232415
1420.131533,-19.474892,-23.978546,-11.138601
1420.132705,-19.497667,-23.986900,-11.380976
1420.133877,-19.497641,-23.988943,-11.346247
1420.135049,-19.483027,-23.990177,-11.079722
1420.136221,-19.460114,-23.987293,-10.741490
1420.137392,-19.486385,-23.983532,-11.248073
1420.138564,-19.532356,-23.980143,-12.073088
1420.139736,-19.526932,-23.980379,-11.978942
1420.140908,-19.538738,-23.982971,-12.132115
1420.142080,-19.541988,-23.980791,-12.222238
1420.143252,-19.560944,-23.973885,-12.649876
1420.144424,-19.573862,-23.969543,-12.933858
1420.145596,-19.538448,-23.966196,-12.405344
1420.146767,-19.493639,-23.958738,-11.784786
1420.147939,-19.492649,-23.954582,-11.837597
1420.149111,-19.522875,-23.954344,-12.343765
1420.150283,-19.537319,-23.955896,-12.556892
1420.151455,-19.493111,-23.960243,-11.750848
1420.152627,-19.441679,-23.959856,-10.893711
1420.153799,-19.408421,-23.954163,-10.426635
1420.154971,-19.413797,-23.949287,-10.600695
1420.156142,-19.443119,-23.944742,-11.172787
1420.157314,-19.492470,-23.941105,-12.058980
1420.158486,-19.532568,-23.942837,-12.693918
1420.159658,-19.536152,-23.947346,-12.678673
1420.160830,-19.487944,-23.943039,-11.951517
1420.162002,-19.470201,-23.937286,-11.751645
1420.163174,-19.530954,-23.943369,-12.658552
1420.164346,-19.561190,-23.944969,-13.129033
1420.165517,-19.572027,-23.938049,-13.419238
1420.166689,-19.548897,-23.934311,-13.102258
1420.167861,-19.432451,-23.930367,-11.235150
1420.169033,-19.434698,-23.921833,-11.416169
1420.170205,-19.503609,-23.916836,-12.645155
1420.171377,-19.498117,-23.920250,-12.498180
1420.172549,-19.469364,-23.916908,-12.077110
1420.173721,-19.442507,-23.915939,-11.645604
1420.174892,-19.448090,-23.914194,-11.768008
1420.176064,-19.504581,-23.903622,-12.878681
1420.177236,-19.525639,-23.904724,-13.205858
1420.178408,-19.493219,-23.906406,-12.645823
1420.179580,-19.450819,-23.905296,-11.961800
1420.180752,-19.428963,-23.904371,-11.612561
1420.181924,-19.454815,-23.897993,-12.149628
1420.183096,-19.462286,-23.900356,-12.234381
1420.184267,-19.417690,-23.896923,-11.548573
1420.185439,-19.374868,-23.883823,-11.049319
1420.186611,-19.391058,-23.889320,-11.229318
1420.187783,-19.438486,-23.890102,-12.009407
1420.188955,-19.480856,-23.884068,-12.810100
1420.190127,-19.480640,-23.881969,-12.841053
1420.191299,-19.466373,-23.879892,-12.640347
1420.192471,-19.435564,-23.870300,-12.289644
1420.193642,-19.459188,-23.870916,-12.669873
1420.194814,-19.502079,-23.881437,-13.201396
1420.195986,-19.514067,-23.875839,-13.488511
1420.197158,-19.539951,-23.861845,-14.135296
1420.198330,-19.511566,-23.856771,-13.757928
1420.199502,-19.481394,-23.858021,-13.246068
1420.200674,-19.467720,-23.854027,-13.087637
1420.201846,-19.449394,-23.852274,-12.815557
1420.203017,-19.463333,-23.848331,-13.109067
1420.204189,-19.437075,-23.851265,-12.629273
1420.205361,-19.420790,-23.857126,-12.263122
1420.206533,-19.456886,-23.851748,-12.947330
1420.207705,-19.433559,-23.845884,-12.660029
1420.208877,-19.469744,-23.846676,-13.241081
1420.210049,-19.485594,-23.847610,-13.484531
1420.211221,-19.459494,-23.841049,-13.165443
1420.212392,-19.447037,-23.834677,-13.065785
1420.213564,-19.406603,-23.833235,-12.423802
1420.214736,-19.396084,-23.832127,-12.267991
1420.215908,-19.443996,-23.831825,-13.062690
1420.217080,-19.451620,-23.835222,-13.131938
1420.218252,-19.477247,-23.837206,-13.518056
1420.219424,-19.511906,-23.828032,-14.228354
1420.220596,-19.457832,-23.823719,-13.421445
1420.221767,-19.414097,-23.819572,-12.772849
1420.222939,-19.454876,-23.815136,-13.513149
1420.224111,-19.443495,-23.814785,-13.333268
1420.225283,-19.442423,-23.820105,-13.228821
1420.226455,-19.457834,-23.822453,-13.442127
1420.227627,-19.472736,-23.814070,-13.820749
1420.228799,-19.465387,-23.804295,-13.860083
1420.229971,-19.445940,-23.804491,-13.540982
1420.231142,-19.408079,-23.804140,-12.927623
1420.232314,-19.345583,-23.797791,-11.999569
1420.233486,-19.346344,-23.797825,-12.011662
1420.234658,-19.374214,-23.797932,-12.471985
1420.235830,-19.380278,-23.789270,-12.714934
1420.237002,-19.419613,-23.789753,-13.352041
1420.238174,-19.445126,-23.789732,-13.767654
1420.239346,-19.445078,-23.785748,-13.831514
1420.240517,-19.420322,-23.782169,-13.487300
1420.241689,-19.394169,-23.772688,-13.215127
1420.242861,-19.356945,-23.769505,-12.656160
1420.244033,-19.337688,-23.774136,-12.261292
1420.245205,-19.368324,-23.775173,-12.750238
1420.246377,-19.392881,-23.770226,-13.234340
1420.247549,-19.392731,-23.771593,-13.209510
1420.248721,-19.373154,-23.779453,-12.759285
1420.249892,-19.372974,-23.778900,-12.765434
1420.251064,-19.445173,-23.775511,-13.998844
1420.252236,-19.485146,-23.780329,-14.565202
1420.253408,-19.450996,-23.774635,-14.107117
1420.254580,-19.420519,-23.766216,-13.749944
1420.255752,-19.402328,-23.763275,-13.501965
1420.256924,-19.431179,-23.759100,-14.037924
1420.258096,-19.436235,-23.751001,-14.250278
1420.259267,-19.407154,-23.753241,-13.743629
1420.260439,-19.389936,-23.750582,-13.506871
1420.261611,-19.373123,-23.746208,-13.303952
1420.262783,-19.346428,-23.752203,-12.767919
1420.263955,-19.355858,-23.751337,-12.937177
1420.265127,-19.439575,-23.749273,-14.331911
1420.266299,-19.443819,-23.753616,-14.330317
1420.267471,-19.412024,-23.751102,-13.857302
1420.268642,-19.421173,-23.747192,-14.068662
1420.269814,-19.436689,-23.743391,-14.380136
1420.270986,-19.413071,-23.738636,-14.075996
1420.272158,-19.398500,-23.738461,-13.843015
1420.273330,-19.371498,-23.728800,-13.561319
1420.274502,-19.371288,-23.723976,-13.636376
1420.275674,-19.361198,-23.723297,-13.483197
1420.276846,-19.337360,-23.719906,-13.149240
1420.278017,-19.347965,-23.718500,-13.345596
1420.279189,-19.408421,-23.716312,-14.360986
1420.280361,-19.405418,-23.715801,-14.320887
1420.281533,-19.391186,-23.716709,-14.076676
1420.282705,-19.421543,-23.717537,-14.552194
1420.283877,-19.378277,-23.716143,-13.876965
1420.285049,-19.346037,-23.716225,-13.351263
1420.286221,-19.325438,-23.721256,-12.931602
1420.287392,-19.339699,-23.716396,-13.244913
1420.288564,-19.361059,-23.709988,-13.697479
1420.289736,-19.382269,-23.705837,-14.108253
1420.290908,-19.399706,-23.707466,-14.363106
1420.292080,-19.403509,-23.704422,-14.473207
1420.293252,-19.377575,-23.697098,-14.173559
1420.294424,-19.369633,-23.691881,-14.129574
1420.295596,-19.363401,-23.689497,-14.067426
1420.296767,-19.353191,-23.697281,-13.776040
1420.297939,-19.340683,-23.699120,-13.542849
1420.299111,-19.300291,-23.698868,-12.886300
1420.300283,-19.302473,-23.698437,-12.929223
1420.301455,-19.315636,-23.701832,-13.089447
1420.302627,-19.326971,-23.701931,-13.273314
1420.303799,-19.305077,-23.691227,-13.090201
1420.304971,-19.301868,-23.686335,-13.117786
1420.306142,-19.355610,-23.682259,-14.058490
1420.307314,-19.321497,-23.682423,-13.502310
1420.308486,-19.319098,-23.686134,-13.402683
1420.309658,-19.363544,-23.686153,-14.123746
1420.310830,-19.342020,-23.684282,-13.805690
1420.312002,-19.330261,-23.679119,-13.698623
1420.313174,-19.316895,-23.677132,-13.513526
1420.314346,-19.350498,-23.678587,-14.035212
1420.315517,-19.392859,-23.677568,-14.733046
1420.316689,-19.371662,-23.681400,-14.331268
1420.317861,-19.299618,-23.677523,-13.225175
1420.319033,-19.288689,-23.670071,-13.168286
1420.320205,-19.295612,-23.678040,-13.151175
1420.321377,-19.325445,-23.683769,-13.544678
1420.322549,-19.377567,-23.682594,-14.407073
1420.323721,-19.358791,-23.675909,-14.212361
1420.324892,-19.325850,-23.670235,-13.771239
1420.326064,-19.383116,-23.677378,-14.579984
1420.327236,-19.380730,-23.675291,-14.575175
1420.328408,-19.324829,-23.666912,-13.808595
1420.329580,-19.354797,-23.664757,-14.327703
1420.330752,-19.424282,-23.668285,-15.381584
1420.331924,-19.418655,-23.669844,-15.267553
1420.333096,-19.380081,-23.667192,-14.694602
1420.334267,-19.342958,-23.668423,-14.077628
1420.335439,-19.312550,-23.662155,-13.686474
1420.336611,-19.339563,-23.656599,-14.213683
1420.337783,-19.395979,-23.659798,-15.066643
1420.338955,-19.395149,-23.663227,-14.998760
1420.340127,-19.365051,-23.654186,-14.662178
1420.341299,-19.370743,-23.647020,-14.867896
1420.342471,-19.397177,-23.648602,-15.263802
1420.343642,-19.417088,-23.658295,-15.425911
1420.344814,-19.376463,-23.661076,-14.734602
1420.345986,-19.349796,-23.655766,-14.391921
1420.347158,-19.349384,-23.651119,-14.459994
1420.348330,-19.314226,-23.649765,-13.914660
1420.349502,-19.294052,-23.648317,-13.610724
1420.350674,-19.294430,-23.654032,-13.523865
1420.351846,-19.300394,-23.656809,-13.575754
1420.353017,-19.338215,-23.655869,-14.203715
1420.354189,-19.352852,-23.655331,-14.448044
1420.355361,-19.315481,-23.651686,-13.903877
1420.356533,-19.342821,-23.640587,-14.523749
1420.357705,-19.390779,-23.640738,-15.287093
1420.358877,-19.357449,-23.648169,-14.636780
1420.360049,-19.331106,-23.653961,-14.119779
1420.361221,-19.388783,-23.649218,-15.120522
1420.362392,-19.407694,-23.647852,-15.442533
1420.363564,-19.356976,-23.647789,-14.635278
1420.364736,-19.362108,-23.641502,-14.818082
1420.365908,-19.346699,-23.630314,-14.750570
1420.367080,-19.370180,-23.633801,-15.069807
1420.368252,-19.427052,-23.641050,-15.855737
1420.369424,-19.405405,-23.647108,-15.418050
1420.370596,-19.372734,-23.643780,-14.951425
1420.371767,-19.351793,-23.642719,-14.633480
1420.372939,-19.327066,-23.647545,-14.158141
1420.374111,-19.366074,-23.641018,-14.889184
1420.375283,-19.400648,-23.636667,-15.508074
1420.376455,-19.366272,-23.643276,-14.856278
1420.377627,-19.285995,-23.646141,-13.515016
1420.378799,-19.213936,-23.639021,-12.449380
1420.379971,-19.223431,-23.644356,-12.518122
1420.381142,-19.311161,-23.648989,-13.877583
1420.382314,-19.370195,-23.645544,-14.882727
1420.383486,-19.404013,-23.644291,-15.440630
1420.384658,-19.367470,-23.649384,-14.777791
1420.385830,-19.346371,-23.651749,-14.401431
1420.387002,-19.364763,-23.647018,-14.772328
1420.388174,-19.327919,-23.641430,-14.270505
1420.389346,-19.275667,-23.646061,-13.347901
1420.390517,-19.268225,-23.655787,-13.067071
1420.391689,-19.297956,-23.657274,-13.528500
1420.392861,-19.349178,-23.652481,-14.434794
1420.394033,-19.356119,-23.644234,-14.678529
1420.395205,-19.379398,-23.646109,-15.020568
1420.396377,-19.370419,-23.649982,-14.815370
1420.397549,-19.378754,-23.650936,-14.933282
1420.398721,-19.401608,-23.659723,-15.157434
1420.399892,-19.370207,-23.666302,-14.550575
1420.401064,-19.348747,-23.656208,-14.367919
1420.402236,-19.349154,-23.626949,-14.843629
1420.403408,-19.134714,-23.608667,-11.636897
1420.404580,-17.406601,-23.621086,24.159567
1420.405752,-15.846565,-23.621588,71.031952
1420.406924,-17.348640,-23.640482,26.107847
1420.408096,-19.180384,-23.648157,-11.740151
1420.409267,-19.428911,-23.648781,-15.763222
1420.410439,-19.445660,-23.656063,-15.912335
1420.411611,-19.432829,-23.660173,-15.645248
1420.412783,-19.380241,-23.661234,-14.792523
1420.413955,-19.340454,-23.659672,-14.178485
1420.415127,-19.279564,-23.655769,-13.252958
1420.416299,-19.306301,-23.655827,-13.687772
1420.417471,-19.341022,-23.649906,-14.345024
1420.418642,-19.328987,-23.647099,-14.196331
1420.419814,-19.316195,-23.649637,-13.948599
1420.420986,-19.361889,-23.656847,-14.568810
1420.422158,-19.414265,-23.659721,-15.358535
1420.423330,-19.426733,-23.660173,-15.548883
1420.424502,-19.405439,-23.652222,-15.337500
1420.425674,-19.371683,-23.651169,-14.816618
1420.426846,-19.419453,-23.658123,-15.466096
1420.428017,-19.457069,-23.662914,-15.984031
1420.429189,-19.431025,-23.656816,-15.669768
1420.430361,-19.427011,-23.651371,-15.692386
1420.431533,-19.405033,-23.653822,-15.305656
1420.432705,-19.366135,-23.664001,-14.522124
1420.433877,-19.367476,-23.666607,-14.501824
1420.435049,-19.369045,-23.666780,-14.524243
1420.436221,-19.358250,-23.664310,-14.390450
1420.437392,-19.373667,-23.660595,-14.697531
1420.438564,-19.376213,-23.666372,-14.645765
1420.439736,-19.412739,-23.670410,-15.164502
1420.440908,-19.392262,-23.668530,-14.868044
1420.442080,-19.334820,-23.670597,-13.910798
1420.443252,-19.342525,-23.674505,-13.972273
1420.444424,-19.369722,-23.673080,-14.433905
1420.445596,-19.380619,-23.672874,-14.612161
1420.446767,-19.355900,-23.675526,-14.171904
1420.447939,-19.347490,-23.675682,-14.033543
1420.449111,-19.388763,-23.678007,-14.660436
1420.450283,-19.411110,-23.681389,-14.963660
1420.451455,-19.387978,-23.684473,-14.544142
1420.452627,-19.361519,-23.692295,-13.991744
1420.453799,-19.379866,-23.696190,-14.225153
1420.454971,-19.390444,-23.692436,-14.455861
1420.456142,-19.345930,-23.695421,-13.688334
1420.457314,-19.263981,-23.698158,-12.298907
1420.458486,-19.300640,-23.692791,-12.991810
1420.459658,-19.341274,-23.693428,-13.645059
1420.460830,-19.392481,-23.692242,-14.491714
1420.462002,-19.395489,-23.686058,-14.639190
1420.463174,-19.345753,-23.688877,-13.791699
1420.464346,-19.338974,-23.691065,-13.646078
1420.465517,-19.331305,-23.696623,-13.430714
1420.466689,-19.359413,-23.702862,-13.786441
1420.467861,-19.400837,-23.701315,-14.480189
1420.469033,-19.377840,-23.702171,-14.095932
1420.470205,-19.335688,-23.714169,-13.215752
1420.471377,-19.354509,-23.712358,-13.552408
1420.472549,-19.356445,-23.706491,-13.679312
1420.473721,-19.368858,-23.707952,-13.857055
1420.474892,-19.407398,-23.711945,-14.414804
1420.476064,-19.369167,-23.709091,-13.843608
1420.477236,-19.334721,-23.710032,-13.267579
1420.478408,-19.383999,-23.720661,-13.896461
1420.479580,-19.407106,-23.723194,-14.228971
1420.480752,-19.420082,-23.727173,-14.373877
1420.481924,-19.437859,-23.724691,-14.699058
1420.483096,-19.442932,-23.720873,-14.841317
1420.484267,-19.447939,-23.727829,-14.810154
1420.485439,-19.470915,-23.731110,-15.124348
1420.486611,-19.486206,-23.734789,-15.308931
1420.487783,-19.460556,-23.736410,-14.874656
1420.488955,-19.475340,-23.736656,-15.106495
1420.490127,-19.462940,-23.736134,-14.917141
1420.491299,-19.485043,-23.736441,-15.264222
1420.492471,-19.530241,-23.741608,-15.897177
1420.493642,-19.502996,-23.745461,-15.405988
1420.494814,-19.457241,-23.741035,-14.747697
1420.495986,-19.442919,-23.739937,-14.535750
1420.497158,-19.477852,-23.746307,-14.992742
1420.498330,-19.491957,-23.748814,-15.177455
1420.499502,-19.503017,-23.751122,-15.316526
1420.500674,-19.514601,-23.750011,-15.517708
1420.501846,-19.485188,-23.754604,-14.977410
1420.503017,-19.488317,-23.758928,-14.958364
1420.504189,-19.482178,-23.765064,-14.762231
1420.505361,-19.387514,-23.769703,-13.155074
1420.506533,-19.376961,-23.776619,-12.868527
1420.507705,-19.389091,-23.774006,-13.110445
1420.508877,-19.375118,-23.766329,-13.007235
1420.510049,-19.384125,-23.772488,-13.053940
1420.511221,-19.447334,-23.783936,-13.897450
1420.512392,-19.468246,-23.782707,-14.255198
1420.513564,-19.420324,-23.783083,-13.472445
1420.514736,-19.444365,-23.782671,-13.869822
1420.515908,-19.453686,-23.792076,-13.868462
1420.517080,-19.449606,-23.797033,-13.721851
1420.518252,-19.512421,-23.794861,-14.769368
1420.519424,-19.513189,-23.785671,-14.928505
1420.520596,-19.479769,-23.778288,-14.511650
1420.521767,-19.463732,-23.783644,-14.167287
1420.522939,-19.455238,-23.795042,-13.845554
1420.524111,-19.505573,-23.796295,-14.636743
1420.525283,-19.523386,-23.796108,-14.924667
1420.526455,-19.487597,-23.802570,-14.246923
1420.527627,-19.481594,-23.799105,-14.206020
1420.528799,-19.492933,-23.807846,-14.247906
1420.529971,-19.468149,-23.817768,-13.686257
1420.531142,-19.463848,-23.815639,-13.650948
1420.532314,-19.487148,-23.816092,-14.021394
1420.533486,-19.495012,-23.821890,-14.054789
1420.534658,-19.504562,-23.825121,-14.156850
1420.535830,-19.502289,-23.827898,-14.075286
1420.537002,-19.512266,-23.823456,-14.307898
1420.538174,-19.490870,-23.818846,-14.037034
1420.539346,-19.458565,-23.825037,-13.411891
1420.540517,-19.445408,-23.824827,-13.200401
1420.541689,-19.440802,-23.827505,-13.081136
1420.542861,-19.471367,-23.834150,-13.472036
1420.544033,-19.486769,-23.843361,-13.572863
1420.545205,-19.473497,-23.850145,-13.245722
1420.546377,-19.486671,-23.847603,-13.502212
1420.547549,-19.558432,-23.848112,-14.653440
1420.548721,-19.548273,-23.858461,-14.324019
1420.549892,-19.504469,-23.863518,-13.532874
1420.551064,-19.475824,-23.867228,-13.004077
1420.552236,-19.467419,-23.864391,-12.912650
1420.553408,-19.487722,-23.857456,-13.358672
1420.554580,-19.524719,-23.857037,-13.966809
1420.555752,-19.486959,-23.858232,-13.333547
1420.556924,-19.473551,-23.865793,-12.990309
1420.558096,-19.568752,-23.876427,-14.364484
1420.559267,-19.570620,-23.882065,-14.303776
1420.560439,-19.546488,-23.876102,-14.010536
1420.561611,-19.537428,-23.866880,-14.013157
1420.562783,-19.536816,-23.869974,-13.953197
1420.563955,-19.558552,-23.881836,-14.112845
1420.565127,-19.556175,-23.886513,-13.998844
1420.566299,-19.544294,-23.892851,-13.703517
1420.567471,-19.498539,-23.904512,-12.764649
1420.568642,-19.495956,-23.916435,-12.525494
1420.569814,-19.512623,-23.911171,-12.886769
1420.570986,-19.529335,-23.901974,-13.311244
1420.572158,-19.547670,-23.906181,-13.541631
1420.573330,-19.544195,-23.914070,-13.356374
1420.574502,-19.559027,-23.914606,-13.589350
1420.575674,-19.624172,-23.915356,-14.629352
1420.576846,-19.619017,-23.919954,-14.472805
1420.578017,-19.556101,-23.922974,-13.405359
1420.579189,-19.584425,-23.927086,-13.799220
1420.580361,-19.576519,-23.926559,-13.679404
1420.581533,-19.581230,-23.928099,-13.730936
1420.582705,-19.649590,-23.928371,-14.827870
1420.583877,-19.638340,-23.933136,-14.571412
1420.585049,-19.608953,-23.936815,-14.038882
1420.586221,-19.606077,-23.936420,-13.998752
1420.587392,-19.572763,-23.946478,-13.293670
1420.588564,-19.581036,-23.952366,-13.332613
1420.589736,-19.625309,-23.954428,-14.018558
1420.590908,-19.634428,-23.959400,-14.085581
1420.592080,-19.610153,-23.962101,-13.648408
1420.593252,-19.604670,-23.968216,-13.459603
1420.594424,-19.645489,-23.973627,-14.034408
1420.595596,-19.638136,-23.970486,-13.966285
1420.596767,-19.600000,-23.969856,-13.356683
1420.597939,-19.594147,-23.969437,-13.267925
1420.599111,-19.607121,-23.972115,-13.435997
1420.600283,-19.613453,-23.976807,-13.462743
1420.601455,-19.647266,-23.980215,-13.956594
1420.602627,-19.700031,-23.992939,-14.601705
1420.603799,-19.695513,-23.997595,-14.454414
1420.604971,-19.680952,-23.993265,-14.289797
1420.606142,-19.681614,-23.993050,-14.303930
1420.607314,-19.666634,-23.984829,-14.194978
1420.608486,-19.649822,-23.968208,-14.191907
1420.609658,-19.620396,-23.958996,-13.865063
1420.610830,-19.621815,-23.976147,-13.609637
1420.612002,-19.666063,-24.002859,-13.894299
1420.613174,-19.683958,-24.009243,-14.080526
1420.614346,-19.630383,-24.004076,-13.294009
1420.615517,-19.605316,-24.010086,-12.784461
1420.616689,-19.649981,-24.020451,-13.346660
1420.617861,-19.678452,-24.028641,-13.676988
1420.619033,-19.667374,-24.031572,-13.448968
1420.620205,-19.702465,-24.029379,-14.054201
1420.621377,-19.681559,-24.028685,-13.726752
1420.622549,-19.625433,-24.034054,-12.721059
1420.623721,-19.596951,-24.039984,-12.152032
1420.624892,-19.624830,-24.046259,-12.509804
1420.626064,-19.666155,-24.049986,-13.128187
1420.627236,-19.722485,-24.053782,-13.983321
1420.628408,-19.784771,-24.049770,-15.047832
1420.629580,-19.760328,-24.040003,-14.813601
1420.630752,-19.703959,-24.045372,-13.819451
1420.631924,-19.675823,-24.059216,-13.135374
1420.633096,-19.664087,-24.069576,-12.772627
1420.634267,-19.717888,-24.070072,-13.644564
1420.635439,-19.734634,-24.065390,-13.992090
1420.636611,-19.619274,-24.067291,-12.069250
1420.637783,-19.615091,-24.070827,-11.940845
1420.638955,-19.689053,-24.076572,-13.067751
1420.640127,-19.682524,-24.078201,-12.933926
1420.641299,-19.681412,-24.080927,-12.870876
1420.642471,-19.689610,-24.087074,-12.904567
1420.643642,-19.710915,-24.098265,-13.070538
1420.644814,-19.705584,-24.100866,-12.940402
1420.645986,-19.673521,-24.092882,-12.543952
1420.647158,-19.702192,-24.089096,-13.077854
1420.648330,-19.708797,-24.090727,-13.159326
1420.649502,-19.705599,-24.098244,-12.983708
1420.650674,-19.749102,-24.111191,-13.483352
1420.651846,-19.728416,-24.113895,-13.101194
1420.653017,-19.727022,-24.107147,-13.188851
1420.654189,-19.748484,-24.107422,-13.534673
1420.655361,-19.788372,-24.116175,-14.039834
1420.656533,-19.813997,-24.125114,-14.309059
1420.657705,-19.738998,-24.124832,-13.095386
1420.658877,-19.726711,-24.120913,-12.958157
1420.660049,-19.790886,-24.123299,-13.965265
1420.661221,-19.757362,-24.124920,-13.394193
1420.662392,-19.716732,-24.133499,-12.586770
1420.663564,-19.785040,-24.139948,-13.600268
1420.664736,-19.815643,-24.142864,-14.049239
1420.665908,-19.792830,-24.136024,-13.790556
1420.667080,-19.804642,-24.137302,-13.961254
1420.668252,-19.786598,-24.146576,-13.517747
1420.669424,-19.732773,-24.154013,-12.512924
1420.670596,-19.767382,-24.162855,-12.937269
1420.671767,-19.807270,-24.157393,-13.678076
1420.672939,-19.755264,-24.157621,-12.824152
1420.674111,-19.713987,-24.163065,-12.051626
1420.675283,-19.728056,-24.167690,-12.208439
1420.676455,-19.735668,-24.168705,-12.317799
1420.677627,-19.737026,-24.166565,-12.375708
1420.678799,-19.700338,-24.175806,-11.611573
1420.679971,-19.686531,-24.183895,-11.244420
1420.681142,-19.719217,-24.183708,-11.794933
1420.682314,-19.748339,-24.183912,-12.275771
1420.683486,-19.777679,-24.187929,-12.694233
1420.684658,-19.793228,-24.188053,-12.947917
1420.685830,-19.793850,-24.187719,-12.963607
1420.687002,-19.822134,-24.187181,-13.435132
1420.688174,-19.860800,-24.188450,-14.042306
1420.689346,-19.815800,-24.193727,-13.224798
1420.690517,-19.747841,-24.198702,-12.021971
1420.691689,-19.751429,-24.203053,-12.009284
1420.692861,-19.777719,-24.204288,-12.424841
1420.694033,-19.755659,-24.209137,-11.978436
1420.695205,-19.794306,-24.212429,-12.564382
1420.696377,-19.861528,-24.208834,-13.723842
1420.697549,-19.864815,-24.213808,-13.696423
1420.698721,-19.849812,-24.214935,-13.433884
1420.699892,-19.833645,-24.216042,-13.151675
1420.701064,-19.824844,-24.218119,-12.973376
1420.702236,-19.826500,-24.220978,-12.953620
1420.703408,-19.812883,-24.224653,-12.669181
1420.704580,-19.814024,-24.228539,-12.623928
1420.705752,-19.842772,-24.229429,-13.081883
1420.706924,-19.828419,-24.231203,-12.817126
1420.708096,-19.823917,-24.235678,-12.669335
1420.709267,-19.841536,-24.240231,-12.884354
1420.710439,-19.872032,-24.244099,-13.320588
1420.711611,-19.867590,-24.249130,-13.165690
1420.712783,-19.854658,-24.244406,-13.031230
1420.713955,-19.880226,-24.238995,-13.537441
1420.715127,-19.836391,-24.234467,-12.894544
1420.716299,-19.800737,-24.240181,-12.211602
1420.717471,-19.839823,-24.248493,-12.720249
1420.718642,-19.851400,-24.248856,-12.904728
1420.719814,-19.799774,-24.242336,-12.159855
1420.720986,-19.775160,-24.248665,-11.644393
1420.722158,-19.798481,-24.265110,-11.759253
1420.723330,-19.827511,-24.268909,-12.179166
1420.724502,-19.817083,-24.258337,-12.181576
1420.725674,-19.790943,-24.267855,-11.587423
1420.726846,-19.798111,-24.277725,-11.542189
1420.728017,-19.780979,-24.270531,-11.375631
1420.729189,-19.828436,-24.273651,-12.115807
1420.730361,-19.900476,-24.277697,-13.236366
1420.731533,-19.889404,-24.277018,-13.066224
1420.732705,-19.842422,-24.278955,-12.259871
1420.733877,-19.812546,-24.281677,-11.717472
1420.735049,-19.795467,-24.279118,-11.474585
1420.736221,-19.849070,-24.272070,-12.483844
1420.737392,-19.894508,-24.275856,-13.168848
1420.738564,-19.872236,-24.282223,-12.698565
1420.739736,-19.868341,-24.285095,-12.586987
1420.740908,-19.860222,-24.282293,-12.499187
1420.742080,-19.882347,-24.283600,-12.842308
1420.743252,-19.920868,-24.291040,-13.351510
1420.744424,-19.898392,-24.289631,-13.006764
1420.745596,-19.916487,-24.288784,-13.316818
1420.746767,-19.867794,-24.293594,-12.437552
1420.747939,-19.832384,-24.299772,-11.746584
1420.749111,-19.835939,-24.307577,-11.675606
1420.750283,-19.815887,-24.302551,-11.424067
1420.751455,-19.799578,-24.294113,-11.291953
1420.752627,-19.831963,-24.294699,-11.824200
1420.753799,-19.870991,-24.302319,-12.346095
1420.754971,-19.868420,-24.307030,-12.225427
1420.756142,-19.879658,-24.310026,-12.361977
1420.757314,-19.893587,-24.315975,-12.493954
1420.758486,-19.922743,-24.314625,-12.996222
1420.759658,-19.889524,-24.309027,-12.541616
1420.760830,-19.849705,-24.309862,-11.867197
1420.762002,-19.907085,-24.317078,-12.698472
1420.763174,-19.932749,-24.316959,-13.121970
1420.764346,-19.872084,-24.322397,-12.031073
1420.765517,-19.816074,-24.324619,-11.056228
1420.766689,-19.839272,-24.317978,-11.557384
1420.767861,-19.870972,-24.313423,-12.161691
1420.769033,-19.834293,-24.312904,-11.558979
1420.770205,-19.854128,-24.313370,-11.882454
1420.771377,-19.866135,-24.319666,-11.977546
1420.772549,-19.811131,-24.318787,-11.071207
1420.773721,-19.786970,-24.322748,-10.595813
1420.774892,-19.838217,-24.332121,-11.302558
1420.776064,-19.886196,-24.335947,-12.040429
1420.777236,-19.935638,-24.335320,-12.868151
1420.778408,-19.905827,-24.331787,-12.434908
1420.779580,-19.863674,-24.329308,-11.775869
1420.780752,-19.873915,-24.329563,-11.942309
1420.781924,-19.841202,-24.330559,-11.378894
1420.783096,-19.840467,-24.327353,-11.420359
1420.784267,-19.845364,-24.324015,-11.558311
1420.785439,-19.895971,-24.327717,-12.339186
1420.786611,-19.948036,-24.334599,-13.083447
1420.787783,-19.909275,-24.334702,-12.443738
1420.788955,-19.875906,-24.333265,-11.913815
1420.790127,-19.898069,-24.334080,-12.268529
1420.791299,-19.921827,-24.335100,-12.644407
1420.792471,-19.899494,-24.341061,-12.176379
1420.793642,-19.877855,-24.341293,-11.812495
1420.794814,-19.943546,-24.339951,-12.921988
1420.795986,-19.946264,-24.342506,-12.924650
1420.797158,-19.905506,-24.340717,-12.281777
1420.798330,-19.919689,-24.341858,-12.497581
1420.799502,-19.963301,-24.344265,-13.175120
1420.800674,-19.971470,-24.338415,-13.404179
1420.801846,-19.933756,-24.339539,-12.767788
1420.803017,-19.948179,-24.345295,-12.910301
1420.804189,-19.918941,-24.342163,-12.480179
1420.805361,-19.922068,-24.336843,-12.619615
1420.806533,-19.894711,-24.338892,-12.132974
1420.807705,-19.930983,-24.341833,-12.684334
1420.808877,-19.972431,-24.350723,-13.218842
1420.810049,-19.925114,-24.354191,-12.383351
1420.811221,-19.910015,-24.346992,-12.252499
1420.812392,-19.947281,-24.343119,-12.931293
1420.813564,-19.968878,-24.341774,-13.307036
1420.814736,-19.917675,-24.340384,-12.488664
1420.815908,-19.967896,-24.337883,-13.354532
1420.817080,-19.966038,-24.338915,-13.307344
1420.818252,-19.896919,-24.333740,-12.255095
1420.819424,-19.850294,-24.338482,-11.398514
1420.820596,-19.817886,-24.349918,-10.659314
1420.821767,-19.836618,-24.348274,-11.003776
1420.822939,-19.867788,-24.344952,-11.583209
1420.824111,-19.927490,-24.346380,-12.551732
1420.825283,-19.951862,-24.347908,-12.927876
1420.826455,-19.914230,-24.351849,-12.241877
1420.827627,-19.948359,-24.354748,-12.757809
1420.828799,-19.977846,-24.353706,-13.258607
1420.829971,-20.014866,-24.351231,-13.901281
1420.831142,-19.960144,-24.350500,-13.021255
1420.832314,-19.896391,-24.350882,-11.961583
1420.833486,-19.878216,-24.344093,-11.771797
1420.834658,-19.856232,-24.335991,-11.539761
1420.835830,-19.909536,-24.332047,-12.491939
1420.837002,-19.936729,-24.334452,-12.900340
1420.838174,-19.918634,-24.339287,-12.522627
1420.839346,-19.907425,-24.338406,-12.351842
1420.840517,-19.951366,-24.335100,-13.129781
1420.841689,-19.960430,-24.333908,-13.297532
1420.842861,-19.889072,-24.336679,-12.076066
1420.844033,-19.927023,-24.335144,-12.729290
1420.845205,-19.973026,-24.336117,-13.467037
1420.846377,-19.940765,-24.332912,-12.991872
1420.847549,-19.941133,-24.334116,-12.978166
1420.848721,-19.998959,-24.341038,-13.808656
1420.849892,-19.975933,-24.339119,-13.465480
1420.851064,-19.981535,-24.330959,-13.689422
1420.852236,-19.973949,-24.328465,-13.606658
1420.853408,-19.939798,-24.332361,-12.985049
1420.854580,-19.947857,-24.332851,-13.109136
1420.855752,-19.930695,-24.323063,-12.988244
1420.856924,-19.901873,-24.320454,-12.556830
1420.858096,-19.900490,-24.327766,-12.413143
1420.859267,-19.805710,-24.329664,-10.796062
1420.860439,-19.805351,-24.327085,-10.833603
1420.861611,-19.858572,-24.316626,-11.902247
1420.862783,-19.878860,-24.315893,-12.251584
1420.863955,-19.893192,-24.319103,-12.435723
1420.865127,-19.858978,-24.318390,-11.879624
1420.866299,-19.853432,-24.315773,-11.830787
1420.867471,-19.852825,-24.318230,-11.779688
1420.868642,-19.875134,-24.320400,-12.114948
1420.869814,-19.870266,-24.329329,-11.885439
1420.870986,-19.830530,-24.329699,-11.214085
1420.872158,-19.852152,-24.316931,-11.790132
1420.873330,-19.835670,-24.313059,-11.579445
1420.874502,-19.864450,-24.319607,-11.950498
1420.875674,-19.900068,-24.315626,-12.606718
1420.876846,-19.893047,-24.310310,-12.578583
1420.878017,-19.930746,-24.305843,-13.271077
1420.879189,-19.923965,-24.303463,-13.199122
1420.880361,-19.887276,-24.311321,-12.466565
1420.881533,-19.851486,-24.307367,-11.938429
1420.882705,-19.879562,-24.298149,-12.556731
1420.883877,-19.923334,-24.291048,-13.391641
1420.885049,-19.940056,-24.291162,-13.662083
1420.886221,-19.913065,-24.295677,-13.148147
1420.887392,-19.912170,-24.293463,-13.169750
1420.888564,-19.891937,-24.288639,-12.917099
1420.889736,-19.825024,-24.288002,-11.820164
1420.890908,-19.819263,-24.288509,-11.715563
1420.892080,-19.836119,-24.292116,-11.936495
1420.893252,-19.835669,-24.290215,-11.960656
1420.894424,-19.834333,-24.275440,-12.184011
1420.895596,-19.800571,-24.267818,-11.748939
1420.896767,-19.808414,-24.271023,-11.826331
1420.897939,-19.839596,-24.268929,-12.379125
1420.899111,-19.881638,-24.268902,-13.071947
1420.900283,-19.867971,-24.270313,-12.824406
1420.901455,-19.828987,-24.272175,-12.149473
1420.902627,-19.809711,-24.271317,-11.843065
1420.903799,-19.858017,-24.267714,-12.703341
1420.904971,-19.885378,-24.271976,-13.082853
1420.906142,-19.828026,-24.274950,-12.087412
1420.907314,-19.815403,-24.270658,-11.948848
1420.908486,-19.876970,-24.266035,-13.042427
1420.909658,-19.932629,-24.259174,-14.060152
1420.910830,-19.884272,-24.248425,-13.449716
1420.912002,-19.809471,-24.252939,-12.144814
1420.913174,-19.805687,-24.258701,-11.986147
1420.914346,-19.823193,-24.254103,-12.353016
1420.915517,-19.848269,-24.247578,-12.874262
1420.916689,-19.928751,-24.238461,-14.331725
1420.917861,-19.988762,-24.236660,-15.319795
1420.919033,-19.937336,-24.241026,-14.428572
1420.920205,-19.851963,-24.232979,-13.174274
1420.921377,-19.797575,-24.225101,-12.409002
1420.922549,-19.780975,-24.226618,-12.108706
1420.923721,-19.799555,-24.232950,-12.311860
1420.924892,-19.825918,-24.226427,-12.854544
1420.926064,-19.862700,-24.219511,-13.569297
1420.927236,-19.872314,-24.222708,-13.673670
1420.928408,-19.880756,-24.220629,-13.844442
1420.929580,-19.833498,-24.215891,-13.151737
1420.930752,-19.815615,-24.217449,-12.832748
1420.931924,-19.792946,-24.217634,-12.455943
1420.933096,-19.793341,-24.211487,-12.564011
1420.934267,-19.817648,-24.204990,-13.070662
1420.935439,-19.799400,-24.196712,-12.907076
1420.936611,-19.781137,-24.191854,-12.686533
1420.937783,-19.837296,-24.194092,-13.569544
1420.938955,-19.865608,-24.193565,-14.037337
1420.940127,-19.844189,-24.192822,-13.702281
1420.941299,-19.780542,-24.189850,-12.709750
1420.942471,-19.794073,-24.186438,-12.988306
1420.943642,-19.843777,-24.189423,-13.750778
1420.944814,-19.828253,-24.190990,-13.472784
1420.945986,-19.810398,-24.182899,-13.313487
1420.947158,-19.818993,-24.176815,-13.552840
1420.948330,-19.803505,-24.176577,-13.304169
1420.949502,-19.837820,-24.174332,-13.898903
1420.950674,-19.856865,-24.172762,-14.232043
1420.951846,-19.838821,-24.169621,-13.991380
1420.953017,-19.799294,-24.165514,-13.416000
1420.954189,-19.789234,-24.161030,-13.325012
1420.955361,-19.801252,-24.157448,-13.579327
1420.956533,-19.758194,-24.158119,-12.864141
1420.957705,-19.761078,-24.162609,-12.837735
1420.958877,-19.786423,-24.160530,-13.287249
1420.960049,-19.809822,-24.148714,-13.860330
1420.961221,-19.806669,-24.139746,-13.954525
1420.962392,-19.812862,-24.137104,-14.097384
1420.963564,-19.812742,-24.137180,-14.094208
1420.964736,-19.777660,-24.140839,-13.465604
1420.965908,-19.781986,-24.142025,-13.516758
1420.967080,-19.786217,-24.133915,-13.717458
1420.968252,-19.756626,-24.128664,-13.321057
1420.969424,-19.716612,-24.126787,-12.695457
1420.970596,-19.756824,-24.124397,-13.393946
1420.971767,-19.846451,-24.123497,-14.855611
1420.972939,-19.787212,-24.120457,-13.951812
1420.974111,-19.743454,-24.119635,-13.253360
1420.975283,-19.767246,-24.117155,-13.681548
1420.976455,-19.746923,-24.113092,-13.416841
1420.977627,-19.773619,-24.109631,-13.906992
1420.978799,-19.816065,-24.096973,-14.793864
1420.979971,-19.803049,-24.091118,-14.679264
1420.981142,-19.800865,-24.097031,-14.549438
1420.982314,-19.783855,-24.105072,-14.146227
1420.983486,-19.704836,-24.108120,-12.808901
1420.984658,-19.704847,-24.102766,-12.897115
1420.985830,-19.810095,-24.093321,-14.756793
1420.987002,-19.833672,-24.095171,-15.103584
1420.988174,-19.779161,-24.097441,-14.193624
1420.989346,-19.726191,-24.083307,-13.564328
1420.990517,-19.701635,-24.079575,-13.224613
1420.991689,-19.726603,-24.082556,-13.583262
1420.992861,-19.766071,-24.080360,-14.257960
1420.994033,-19.775440,-24.075014,-14.494712
1420.995205,-19.824947,-24.076452,-15.262529
1420.996377,-19.839979,-24.085825,-15.352362
1420.997549,-19.768145,-24.081017,-14.280800
1420.998721,-19.743032,-24.071564,-14.028055
1420.999892,-19.692343,-24.067928,-13.263093
1421.001064,-19.685246,-24.061449,-13.252990
1421.002236,-19.766493,-24.054125,-14.686254
1421.003408,-19.801971,-24.054918,-15.239615
1421.004580,-19.745005,-24.051666,-14.380785
1421.005752,-19.694494,-24.049343,-13.601233
1421.006924,-19.677731,-24.040775,-13.467779
1421.008096,-19.691433,-24.040613,-13.693389
1421.009267,-19.745438,-24.044092,-14.509480
1421.010439,-19.738680,-24.042557,-14.425569
1421.011611,-19.673651,-24.043118,-13.363035
1421.012783,-19.660648,-24.034279,-13.295041
1421.013955,-19.683226,-24.032188,-13.696918
1421.015127,-19.693125,-24.031494,-13.868802
1421.016299,-19.680761,-24.030294,-13.687654
1421.017471,-19.682957,-24.036686,-13.619444
1421.018642,-19.695034,-24.033995,-13.859218
1421.019814,-19.704844,-24.022873,-14.197659
1421.020986,-19.708750,-24.017395,-14.348862
1421.022158,-19.732105,-24.015930,-14.747209
1421.023330,-19.733828,-24.018240,-14.737809
1421.024502,-19.668543,-24.014515,-13.745488
1421.025674,-19.609926,-24.003115,-12.974786
1421.026846,-19.613186,-23.999708,-13.084102
1421.028017,-19.650854,-24.002686,-13.650298
1421.029189,-19.632915,-24.003954,-13.337378
1421.030361,-19.590418,-24.008282,-12.568670
1421.031533,-19.607800,-24.000507,-12.982671
1421.032705,-19.696323,-23.994637,-14.514956
1421.033877,-19.714478,-23.996210,-14.780689
1421.035049,-19.717024,-24.001301,-14.739979
1421.036221,-19.676964,-24.010248,-13.951157
1421.037392,-19.627136,-24.003304,-13.253583
1421.038564,-19.650608,-23.995323,-13.765887
1421.039736,-19.632656,-23.994122,-13.493510
1421.040908,-19.620647,-23.992085,-13.330864
1421.042080,-19.615366,-23.981472,-13.417867
1421.043252,-19.586803,-23.969334,-13.149487
1421.044424,-19.575733,-23.969782,-12.960665
1421.045596,-19.582331,-23.975910,-12.968371
1421.046767,-19.672073,-23.981773,-14.331880
1421.047939,-19.674212,-23.984753,-14.318340
1421.049111,-19.580540,-23.976261,-12.933197
1421.050283,-19.582346,-23.961889,-13.198368
1421.051455,-19.614885,-23.956409,-13.817654
1421.052627,-19.558699,-23.961029,-12.824591
1421.053799,-19.573948,-23.962347,-13.053340
1421.054971,-19.628532,-23.960562,-13.971476
1421.056142,-19.648909,-23.960629,-14.299357
1421.057314,-19.688698,-23.961941,-14.916356
1421.058486,-19.685272,-23.961046,-14.875936
1421.059658,-19.660217,-23.954517,-14.579371
1421.060830,-19.653316,-23.953377,-14.486900
1421.062002,-19.655247,-23.949873,-14.574138
1421.063174,-19.614019,-23.949320,-13.918523
1421.064346,-19.612694,-23.947147,-13.932229
1421.065517,-19.620245,-23.942717,-14.125964
1421.066689,-19.613136,-23.944090,-13.988877
1421.067861,-19.594559,-23.942101,-13.719997
1421.069033,-19.609859,-23.936947,-14.051395
1421.070205,-19.623638,-23.936954,-14.273638
1421.071377,-19.572693,-23.937082,-13.445860
1421.072549,-19.540930,-23.936844,-12.930039
1421.073721,-19.622728,-23.938553,-14.233211
1421.074892,-19.669678,-23.933731,-15.062904
1421.076064,-19.640228,-23.930836,-14.638578
1421.077236,-19.612883,-23.931160,-14.193662
1421.078408,-19.588291,-23.928616,-13.837113
1421.079580,-19.574615,-23.928493,-13.617022
1421.080752,-19.638176,-23.926277,-14.678740
1421.081924,-19.661476,-23.920023,-15.150574
1421.083096,-19.611053,-23.915058,-14.423511
1421.084267,-19.603794,-23.918150,-14.256885
1421.085439,-19.586212,-23.920300,-13.938161
1421.086611,-19.557016,-23.919725,-13.473254
1421.087783,-19.549662,-23.917141,-13.395466
1421.088955,-19.592382,-23.915722,-14.111956
1421.090127,-19.616611,-23.909584,-14.600660
1421.091299,-19.550488,-23.899279,-13.699704
1421.092471,-19.558575,-23.902996,-13.770658
1421.093642,-19.556812,-23.909044,-13.643791
1421.094814,-19.572872,-23.905315,-13.964777
1421.095986,-19.582899,-23.900606,-14.202857
1421.097158,-19.575199,-23.908943,-13.943717
1421.098330,-19.563953,-23.906631,-13.798942
1421.099502,-19.521593,-23.896461,-13.274816
1421.100674,-19.525574,-23.902512,-13.240989
1421.101846,-19.584047,-23.907852,-14.104435
1421.103017,-19.612177,-23.901766,-14.654904
1421.104189,-19.601381,-23.899464,-14.518670
1421.105361,-19.636030,-23.899935,-15.065277
1421.106533,-19.663313,-23.896446,-15.553741
1421.107705,-19.651932,-23.896320,-15.375473
1421.108877,-19.596081,-23.900366,-14.419005
1421.110049,-19.559204,-23.903137,-13.778580
1421.111221,-19.547878,-23.906126,-13.545919
1421.112392,-19.544804,-23.897499,-13.636252
1421.113564,-19.541302,-23.883354,-13.809089
1421.114736,-19.514309,-23.879803,-13.427853
1421.115908,-19.540653,-23.879951,-13.853748
1421.117080,-19.579536,-23.888889,-14.337466
1421.118252,-19.565725,-23.895317,-14.010907
1421.119424,-19.531380,-23.898167,-13.406762
1421.120596,-19.554245,-23.897453,-13.790339
1421.121767,-19.605978,-23.883410,-14.849456
1421.122939,-19.572815,-23.872137,-14.498759
1421.124111,-19.528301,-23.876078,-13.716185
1421.125283,-19.578358,-23.882484,-14.421546
1421.126455,-19.612862,-23.887604,-14.892416
1421.127627,-19.595200,-23.890965,-14.555864
1421.128799,-19.563908,-23.888664,-14.089060
1421.129971,-19.541647,-23.886049,-13.770967
1421.131142,-19.570120,-23.880188,-14.325953
1421.132314,-19.567005,-23.878710,-14.299604
1421.133486,-19.563538,-23.880424,-14.216081
1421.134658,-19.549355,-23.882191,-13.958412
1421.135830,-19.565304,-23.885660,-14.160112
1421.137002,-19.626120,-23.886368,-15.123501
1421.138174,-19.602833,-23.887785,-14.729164
1421.139346,-19.542500,-23.886784,-13.772889
1421.140517,-19.554480,-23.878929,-14.094023
1421.141689,-19.586994,-23.879049,-14.615374
1421.142861,-19.589869,-23.883263,-14.593900
1421.144033,-19.615276,-23.887365,-14.934771
1421.145205,-19.628166,-23.891745,-15.070475
1421.146377,-19.548595,-23.891714,-13.791792
1421.147549,-19.543264,-23.893562,-13.675220
1421.148721,-19.552002,-23.893070,-13.825050
1421.149892,-19.536652,-23.886314,-13.685547
1421.151064,-19.554331,-23.887154,-13.958628
1421.152236,-19.574150,-23.888662,-14.254363
1421.153408,-19.601198,-23.888779,-14.687081
1421.154580,-19.574327,-23.894665,-14.160421
1421.155752,-19.536505,-23.900291,-13.455686
1421.156924,-19.579901,-23.904535,-14.091031
1421.158096,-19.607758,-23.906544,-14.507361
1421.159267,-19.606293,-23.902363,-14.550970
1421.160439,-19.585646,-23.898924,-14.274249
1421.161611,-19.538343,-23.899839,-13.493016
1421.162783,-19.505215,-23.907822,-12.820043
1421.163955,-19.487869,-23.910284,-12.493514
1421.165127,-19.498138,-23.905010,-12.749862
1421.166299,-19.560837,-23.899317,-13.867010
1421.167471,-19.569159,-23.898014,-14.022809
1421.168642,-19.562962,-23.900511,-13.882094
1421.169814,-19.566919,-23.906799,-13.844318
1421.170986,-19.534515,-23.908384,-13.291142
1421.172158,-19.544977,-23.919521,-13.280111
1421.173330,-19.592392,-23.924150,-13.975850
1421.174502,-19.559454,-23.924702,-13.431863
1421.175674,-19.534552,-23.922598,-13.059124
1421.176846,-19.566490,-23.924675,-13.546939
1421.178017,-19.576742,-23.924179,-13.721697
1421.179189,-19.585356,-23.922516,-13.888397
1421.180361,-19.616253,-23.927546,-14.306234
1421.181533,-19.610415,-23.929918,-14.173868
1421.182705,-19.592394,-23.929863,-13.883391
1421.183877,-19.594004,-23.938583,-13.768087
1421.185049,-19.575068,-23.942766,-13.391888
1421.186221,-19.572420,-23.937853,-13.428847
1421.187392,-19.564421,-23.938334,-13.290425
1421.188564,-19.564804,-23.945099,-13.186077
1421.189736,-19.584335,-23.954260,-13.355557
1421.190908,-19.601707,-23.961649,-13.518340
1421.192080,-19.593000,-23.967278,-13.284480
1421.193252,-19.567535,-23.969862,-12.824653
1421.194424,-19.560919,-23.965454,-12.788323
1421.195596,-19.550537,-23.960213,-12.703688
1421.196767,-19.583618,-23.962463,-13.209794
1421.197939,-19.584766,-23.968513,-13.129565
1421.199111,-19.575254,-23.973362,-12.894006
1421.200283,-19.601250,-23.981819,-13.181584
1421.201455,-19.614651,-23.985062,-13.347623
1421.202627,-19.585373,-23.983610,-12.891880
1421.203799,-19.620548,-23.981924,-13.494975
1421.204971,-19.634266,-23.920002,-14.716619
1421.206142,-19.631981,-23.853767,-15.732985
1421.207314,-19.645948,-23.932362,-14.705774
1421.208486,-19.658569,-23.985594,-14.052415
1421.209658,-19.631094,-24.001122,-13.353883
1421.210830,-19.619293,-24.008270,-13.043867
1421.212002,-19.646132,-24.006355,-13.513742
1421.213174,-19.624846,-24.011631,-13.079788
1421.214346,-19.585777,-24.009918,-12.464983
1421.215517,-19.569719,-24.008194,-12.227670
1421.216689,-19.611252,-24.013899,-12.819382
1421.217861,-19.647844,-24.015417,-13.393946
1421.219033,-19.631905,-24.023111,-13.007296
1421.220205,-19.628838,-24.039513,-12.687220
1421.221377,-19.580467,-24.042942,-11.828562
1421.222549,-19.557083,-24.041235,-11.466180
1421.223721,-19.612196,-24.040531,-12.395630
1421.224892,-19.580101,-24.043066,-11.820387
1421.226064,-19.558561,-24.054638,-11.266055
1421.227236,-19.631184,-24.057755,-12.424810
1421.228408,-19.671566,-24.058636,-13.075135
1421.229580,-19.620045,-24.069546,-12.044581
1421.230752,-19.618780,-24.074654,-11.938559
1421.231924,-19.656355,-24.078777,-12.493391
1421.233096,-19.667900,-24.087427,-12.541208
1421.234267,-19.660015,-24.094158,-12.299470
1421.235439,-19.674837,-24.097656,-12.486835
1421.236611,-19.724501,-24.100727,-13.252619
1421.237783,-19.762083,-24.106844,-13.765145
1421.238955,-19.695042,-24.111965,-12.584188
1421.240127,-19.617111,-24.111082,-11.301439
1421.241299,-19.636564,-24.109602,-11.652204
1421.242471,-19.696209,-24.117943,-12.504762
1421.243642,-19.713509,-24.129105,-12.606088
1421.244814,-19.704109,-24.134283,-12.365202
1421.245986,-19.643801,-24.134430,-11.357543
1421.247158,-19.647535,-24.142059,-11.292145
1421.248330,-19.654310,-24.150768,-11.259646
1421.249502,-19.694185,-24.155819,-11.842589
1421.250674,-19.739069,-24.163513,-12.459978
1421.251846,-19.722141,-24.166306,-12.133258
1421.253017,-19.675316,-24.167364,-11.333721
1421.254189,-19.656643,-24.173887,-10.909463
1421.255361,-19.708172,-24.178833,-11.691919
1421.256533,-19.765890,-24.185493,-12.539948
1421.257705,-19.764963,-24.193399,-12.393955
1421.258877,-19.694963,-24.201757,-11.085729
1421.260049,-19.672768,-24.212725,-10.524902
1421.261221,-19.770653,-24.223343,-11.991542
1421.262392,-19.795290,-24.225430,-12.365765
1421.263564,-19.762823,-24.229137,-11.764504
1421.264736,-19.743019,-24.240112,-11.248968
1421.265908,-19.749550,-24.246323,-11.254356
1421.267080,-19.771152,-24.253178,-11.501811
1421.268252,-19.727198,-24.262583,-10.602474
1421.269424,-19.727226,-24.276348,-10.369159
1421.270596,-19.755474,-24.281437,-10.762086
1421.271767,-19.761761,-24.280083,-10.891264
1421.272939,-19.716988,-24.279545,-10.140249
1421.274111,-19.696400,-24.286909,-9.661722
1421.275283,-19.704765,-24.294367,-9.677319
1421.276455,-19.737341,-24.304392,-10.063530
1421.277627,-19.786713,-24.313744,-10.744011
1421.278799,-19.763851,-24.315460,-10.326835
1421.279971,-19.720255,-24.319431,-9.512726
1421.281142,-19.768337,-24.325813,-10.226905
1421.282314,-19.790190,-24.335115,-10.440508
1421.283486,-19.791700,-24.351028,-10.195333
1421.284658,-19.787512,-24.366762,-9.854846
1421.285830,-19.767086,-24.369801,-9.451815
1421.287002,-19.774658,-24.375208,-9.489089
1421.288174,-19.813677,-24.381773,-10.045671
1421.289346,-19.832079,-24.387653,-10.259311
1421.290517,-19.833401,-24.397133,-10.120196
1421.291689,-19.829655,-24.403332,-9.950252
1421.292861,-19.856001,-24.411648,-10.258080
1421.294033,-19.838152,-24.420086,-9.808857
1421.295205,-19.840462,-24.437019,-9.557775
1421.296377,-19.875624,-24.449001,-9.955375
1421.297549,-19.900532,-24.450361,-10.357127
1421.298721,-19.878672,-24.456528,-9.878723
1421.299892,-19.800209,-24.463840,-8.395263
1421.301064,-19.740007,-24.468311,-7.257227
1421.302236,-19.831112,-24.474987,-8.739545
1421.303408,-19.919144,-24.482258,-10.130745
1421.304580,-19.932808,-24.495792,-10.132957
1421.305752,-19.934612,-24.503891,-10.025463
1421.306924,-19.918039,-24.512434,-9.594970
1421.308096,-19.894482,-24.523115,-9.004080
1421.309267,-19.901609,-24.533541,-8.946925
1421.310439,-19.938276,-24.540756,-9.455855
1421.311611,-19.934576,-24.549595,-9.239595
1421.312783,-19.935398,-24.565428,-8.979887
1421.313955,-19.918943,-24.576008,-8.509875
1421.315127,-19.933479,-24.577545,-8.736227
1421.316299,-19.992378,-24.585505,-9.616772
1421.317471,-19.972256,-24.599880,-9.021562
1421.318642,-19.879873,-24.616409,-7.111149
1421.319814,-19.879829,-24.617794,-7.085769
1421.320986,-19.994129,-24.621437,-9.027043
1421.322158,-20.064999,-24.639835,-9.930409
1421.323330,-20.020733,-24.655762,-8.893194
1421.324502,-19.995272,-24.663704,-8.311363
1421.325674,-20.051598,-24.668552,-9.206152
1421.326846,-20.047264,-24.682655,-8.886903
1421.328017,-20.034960,-24.703787,-8.304454
1421.329189,-20.035913,-24.711441,-8.187197
1421.330361,-19.983927,-24.716112,-7.188387
1421.331533,-19.994915,-24.724743,-7.230205
1421.332705,-19.999815,-24.729675,-7.229630
1421.333877,-19.972614,-24.737209,-6.611154
1421.335049,-19.975145,-24.750534,-6.417956
1421.336221,-19.964958,-24.768419,-5.913234
1421.337392,-20.010660,-24.783615,-6.461565
1421.338564,-20.082806,-24.793011,-7.577416
1421.339736,-20.093475,-24.801865,-7.609469
1421.340908,-20.112221,-24.807951,-7.832539
1421.342080,-20.113026,-24.813164,-7.754942
1421.343252,-20.144396,-24.827118,-8.061084
1421.344424,-20.136118,-24.841003,-7.671277
1421.345596,-20.160875,-24.849300,-7.960969
1421.346767,-20.166616,-24.862000,-7.838651
1421.347939,-20.089960,-24.875677,-6.232637
1421.349111,-20.059099,-24.886969,-5.471722
1421.350283,-20.089478,-24.898796,-5.807508
1421.351455,-20.157259,-24.918404,-6.672820
1421.352627,-20.129721,-24.932362,-5.928021
1421.353799,-20.092518,-24.941540,-5.087093
1421.354971,-20.153194,-24.954170,-5.958048
1421.356142,-20.182796,-24.961964,-6.350215
1421.357314,-20.185463,-24.972258,-6.213276
1421.358486,-20.174360,-24.989347,-5.705050
1421.359658,-20.183630,-25.011118,-5.478643
1421.360830,-20.156784,-25.025784,-4.722110
1421.362002,-20.185347,-25.026789,-5.225139
1421.363174,-20.235806,-25.034679,-5.995929
1421.364346,-20.228825,-25.048904,-5.612895
1421.365517,-20.224735,-25.064344,-5.258484
1421.366689,-20.241182,-25.079634,-5.279538
1421.367861,-20.190292,-25.084763,-4.254323
1421.369033,-20.207579,-25.088167,-4.509607
1421.370205,-20.278185,-25.102058,-5.544171
1421.371377,-20.301918,-25.129137,-5.483525
1421.372549,-20.317623,-25.147327,-5.438439
1421.373721,-20.311302,-25.155876,-5.168132
1421.374892,-20.274992,-25.168840,-4.265773
1421.376064,-20.217878,-25.180300,-2.992845
1421.377236,-20.226652,-25.197527,-2.834524
1421.378408,-20.273512,-25.212364,-3.432632
1421.379580,-20.291054,-25.220249,-3.612136
1421.380752,-20.226553,-25.229750,-2.226343
1421.381924,-20.195591,-25.244932,-1.350180
1421.383096,-20.246164,-25.258694,-2.049886
1421.384267,-20.312044,-25.274399,-2.994093
1421.385439,-20.301903,-25.288641,-2.536595
1421.386611,-20.280350,-25.312569,-1.676381
1421.387783,-20.315605,-25.333122,-1.955431
1421.388955,-20.327787,-25.339405,-2.067145
1421.390127,-20.310881,-25.347214,-1.598110
1421.391299,-20.314106,-25.362976,-1.359177
1421.392471,-20.325491,-25.377138,-1.306150
1421.393642,-20.291630,-25.393068,-0.349739
1421.394814,-20.317812,-25.405657,-0.611950
1421.395986,-20.371113,-25.420244,-1.354184
1421.397158,-20.373213,-25.435471,-1.103263
1421.398330,-20.324703,-25.448078,0.075113
1421.399502,-20.303493,-25.458622,0.693910
1421.400674,-20.363636,-25.472963,-0.197202
1421.401846,-20.421478,-25.482769,-1.121771
1421.403017,-20.434616,-25.495329,-1.132838
1421.404189,-20.379906,-25.516394,0.330106
1421.405361,-20.332888,-25.533234,1.582945
1421.406533,-20.377562,-25.545723,0.949206
1421.407705,-20.431137,-25.569498,0.366584
1421.408877,-20.447998,-25.587557,0.389931
1421.410049,-20.475645,-25.597906,0.053484
1421.411221,-20.523684,-25.609159,-0.657555
1421.412392,-20.539408,-25.619297,-0.765018
1421.413564,-20.489969,-25.639961,0.593510
1421.414736,-20.487621,-25.661812,1.067563
1421.415908,-20.509827,-25.676010,0.910417
1421.417080,-20.525084,-25.685160,0.790737
1421.418252,-20.539536,-25.699486,0.788272
1421.419424,-20.553190,-25.714958,0.823878
1421.420596,-20.572899,-25.731524,0.762324
1421.421767,-20.515205,-25.749847,2.263439
1421.422939,-20.523109,-25.763235,2.372750
1421.424111,-20.611097,-25.771366,0.794507
1421.425283,-20.646534,-25.782940,0.328506
1421.426455,-20.662506,-25.800758,0.364471
1421.427627,-20.620852,-25.812605,1.413292
1421.428799,-20.622929,-25.830238,1.720682
1421.429971,-20.611429,-25.854755,2.436609
1421.431142,-20.627806,-25.870197,2.417959
1421.432314,-20.652819,-25.883902,2.192572
1421.433486,-20.584015,-25.901394,3.927399
1421.434658,-20.575048,-25.920387,4.496902
1421.435830,-20.632877,-25.935812,3.634611
1421.437002,-20.686445,-25.949476,2.830816
1421.438174,-20.711056,-25.969009,2.729064
1421.439346,-20.698494,-25.995533,3.515389
1421.440517,-20.671959,-26.008434,4.315970
1421.441689,-20.689241,-26.014776,4.093141
1421.442861,-20.758142,-26.034504,3.098521
1421.444033,-20.747576,-26.045305,3.529336
1421.445205,-20.745235,-26.051018,3.692260
1421.446377,-20.803492,-26.070343,2.907443
1421.447549,-20.806061,-26.095579,3.363532
1421.448721,-20.785030,-26.107483,4.030468
1421.449892,-20.792444,-26.124126,4.218271
1421.451064,-20.763992,-26.145935,5.248065
1421.452236,-20.718935,-26.164520,6.569238
1421.453408,-20.711124,-26.180054,7.058722
1421.454580,-20.792065,-26.196539,5.713584
1421.455752,-20.829241,-26.221207,5.454852
1421.456924,-20.855694,-26.243422,5.367349
1421.458096,-20.886459,-26.256407,5.001210
1421.459267,-20.837421,-26.269550,6.288271
1421.460439,-20.800436,-26.283871,7.364196
1421.461611,-20.835171,-26.291542,6.795070
1421.462783,-20.821934,-26.308773,7.436046
1421.463955,-20.828154,-26.331919,7.794071
1421.465127,-20.864697,-26.342438,7.244176
1421.466299,-20.891207,-26.354177,6.933529
1421.467471,-20.904476,-26.372017,7.029523
1421.468642,-20.865761,-26.394196,8.318396
1421.469814,-20.819635,-26.416815,9.795330
1421.470986,-20.784676,-26.437386,11.005549
1421.472158,-20.811930,-26.457390,10.846654
1421.473330,-20.863600,-26.470951,10.015848
1421.474502,-20.921894,-26.484604,9.051848
1421.475674,-20.957905,-26.498112,8.569663
1421.476846,-20.894869,-26.513605,10.263290
1421.478017,-20.871660,-26.532490,11.183799
1421.479189,-20.906326,-26.549137,10.788671
1421.480361,-20.907589,-26.562199,11.047217
1421.481533,-20.934944,-26.574896,10.726121
1421.482705,-20.980530,-26.592155,10.108678
1421.483877,-21.016008,-26.609863,9.723357
1421.485049,-21.037182,-26.619930,9.483349
1421.486221,-21.076155,-26.639881,9.073692
1421.487392,-21.074896,-26.667528,9.696908
1421.488564,-21.002766,-26.686563,11.689843
1421.489736,-20.953293,-26.699907,13.087605
1421.490908,-20.983736,-26.715706,12.759940
1421.492080,-21.034662,-26.726171,11.860350
1421.493252,-21.008299,-26.739784,12.749114
1421.494424,-21.016277,-26.757814,12.973877
1421.495596,-21.082382,-26.770077,11.775968
1421.496767,-21.075533,-26.785707,12.274306
1421.497939,-21.052589,-26.811846,13.371366
1421.499111,-21.080311,-26.833113,13.226386
1421.500283,-21.087397,-26.852472,13.502254
1421.501455,-21.125004,-26.866371,12.970077
1421.502627,-21.145603,-26.877846,12.766027
1421.503799,-21.146603,-26.891880,13.057647
1421.504971,-21.088526,-26.910151,14.783402
1421.506142,-21.062149,-26.923475,15.692874
1421.507314,-21.067961,-26.931726,15.749022
1421.508486,-21.095379,-26.945887,15.444215
1421.509658,-21.137459,-26.962870,14.869774
1421.510830,-21.162127,-26.979525,14.687057
1421.512002,-21.133478,-27.005615,15.941960
1421.513174,-21.121296,-27.023584,16.639978
1421.514346,-21.157019,-27.037006,16.123238
1421.515517,-21.183750,-27.051056,15.830573
1421.516689,-21.181841,-27.063347,16.158344
1421.517861,-21.197012,-27.082634,16.253546
1421.519033,-21.204296,-27.101957,16.532547
1421.520205,-21.167727,-27.119251,17.790287
1421.521377,-21.106892,-27.138054,19.678663
1421.522549,-21.121061,-27.154121,19.724096
1421.523721,-21.218874,-27.164722,17.656994
1421.524892,-21.296356,-27.177418,16.148067
1421.526064,-21.338329,-27.193220,15.544886
1421.527236,-21.355200,-27.208977,15.519290
1421.528408,-21.282658,-27.223965,17.550489
1421.529580,-21.198925,-27.242809,19.983551
1421.530752,-21.184752,-27.255634,20.633554
1421.531924,-21.199064,-27.264114,20.492796
1421.533096,-21.266325,-27.282488,19.320341
1421.534267,-21.321384,-27.297640,18.373001
1421.535439,-21.288853,-27.315174,19.562895
1421.536611,-21.258713,-27.336168,20.792406
1421.537783,-21.275761,-27.351879,20.760075
1421.538955,-21.313343,-27.362255,20.104288
1421.540127,-21.398926,-27.370758,18.268536
1421.541299,-21.387613,-27.376673,18.675999
1421.542471,-21.346867,-27.399446,20.192471
1421.543642,-21.370384,-27.420097,20.123543
1421.544814,-21.337149,-27.424286,21.026848
1421.545986,-21.279652,-27.438231,22.772970
1421.547158,-21.268185,-27.457659,23.537025
1421.548330,-21.317913,-27.472687,22.679239
1421.549502,-21.305424,-27.486576,23.330702
1421.550674,-21.277245,-27.500626,24.381857
1421.551846,-21.368759,-27.508060,22.298960
1421.553017,-21.454750,-27.529070,20.716608
1421.554189,-21.429922,-27.548008,21.779741
1421.555361,-21.424904,-27.555885,22.095047
1421.556533,-21.460321,-27.565784,21.472012
1421.557705,-21.447382,-27.582245,22.190126
1421.558877,-21.418129,-27.593819,23.195456
1421.560049,-21.428745,-27.609261,23.314919
1421.561221,-21.397924,-27.625353,24.483141
1421.562392,-21.360338,-27.632786,25.616140
1421.563564,-21.356876,-27.640472,25.898521
1421.564736,-21.376505,-27.656345,25.803318
1421.565908,-21.444073,-27.673109,24.523407
1421.567080,-21.442587,-27.687397,24.919195
1421.568252,-21.434080,-27.698231,25.406443
1421.569424,-21.454523,-27.712660,25.254698
1421.570596,-21.453575,-27.727833,25.661943
1421.571767,-21.473244,-27.740547,25.486073
1421.572939,-21.506241,-27.746902,24.814959
1421.574111,-21.517025,-27.755363,24.756636
1421.575283,-21.460674,-27.764704,26.417988
1421.576455,-21.400150,-27.780952,28.391729
1421.577627,-21.414013,-27.801342,28.561136
1421.578799,-21.447758,-27.818157,28.122238
1421.579971,-21.468498,-27.830212,27.897711
1421.581142,-21.475998,-27.835835,27.849251
1421.582314,-21.510708,-27.836830,26.982393
1421.583486,-21.554581,-27.847813,26.143183
1421.584658,-21.565022,-27.861183,26.217670
1421.585830,-21.505697,-27.875587,28.109051
1421.587002,-21.476267,-27.890614,29.265125
1421.588174,-21.497915,-27.893980,28.788273
1421.589346,-21.509506,-27.904320,28.755718
1421.590517,-21.509268,-27.923569,29.263926
1421.591689,-21.508778,-27.935242,29.582285
1421.592861,-21.486092,-27.938547,30.265585
1421.594033,-21.494463,-27.945721,30.233994
1421.595205,-21.530191,-27.954887,29.535950
1421.596377,-21.603207,-27.966412,27.936220
1421.597549,-21.653084,-27.985563,27.145348
1421.598721,-21.664024,-27.995359,27.115995
1421.599892,-21.658226,-28.005438,27.523846
1421.601064,-21.658041,-28.020475,27.916336
1421.602236,-21.609016,-28.031067,29.466665
1421.603408,-21.599091,-28.038067,29.910717
1421.604580,-21.679504,-28.045742,28.014591
