1419.205752,nan,nan,nan
1419.206924,nan,nan,nan
1419.208096,nan,nan,nan
1419.209267,nan,nan,nan
1419.210439,nan,nan,nan
1419.211611,nan,nan,nan
1419.212783,nan,nan,nan
1419.213955,nan,nan,nan
1419.215127,nan,nan,nan
1419.216299,nan,nan,nan
1419.217471,nan,nan,nan
1419.218642,nan,nan,nan
1419.219814,nan,nan,nan
1419.220986,nan,nan,nan
1419.222158,nan,nan,nan
1419.223330,nan,nan,nan
1419.224502,nan,nan,nan
1419.225674,nan,nan,nan
1419.226846,nan,nan,nan
1419.228017,nan,nan,nan
1419.229189,nan,nan,nan
1419.230361,nan,nan,nan
1419.231533,nan,nan,nan
1419.232705,nan,nan,nan
1419.233877,nan,nan,nan
1419.235049,nan,nan,nan
1419.236221,nan,nan,nan
1419.237392,nan,nan,nan
1419.238564,nan,nan,nan
1419.239736,nan,nan,nan
1419.240908,nan,nan,nan
1419.242080,nan,nan,nan
1419.243252,nan,nan,nan
1419.244424,nan,nan,nan
1419.245596,nan,nan,nan
1419.246767,nan,nan,nan
1419.247939,nan,nan,nan
1419.249111,nan,nan,nan
1419.250283,nan,nan,nan
1419.251455,nan,nan,nan
1419.252627,nan,nan,nan
1419.253799,nan,nan,nan
1419.254971,nan,nan,nan
1419.256142,nan,nan,nan
1419.257314,nan,nan,nan
1419.258486,nan,nan,nan
1419.259658,nan,nan,nan
1419.260830,nan,nan,nan
1419.262002,nan,nan,nan
1419.263174,nan,nan,nan
1419.264346,nan,nan,nan
1419.265517,nan,nan,nan
1419.266689,nan,nan,nan
1419.267861,nan,nan,nan
1419.269033,nan,nan,nan
1419.270205,nan,nan,nan
1419.271377,nan,nan,nan
1419.272549,nan,nan,nan
1419.273721,nan,nan,nan
1419.274892,nan,nan,nan
1419.276064,nan,nan,nan
1419.277236,nan,nan,nan
1419.278408,nan,nan,nan
1419.279580,nan,nan,nan
1419.280752,nan,nan,nan
1419.281924,nan,nan,nan
1419.283096,nan,nan,nan
1419.284267,nan,nan,nan
1419.285439,nan,nan,nan
1419.286611,nan,nan,nan
1419.287783,nan,nan,nan
1419.288955,nan,nan,nan
1419.290127,nan,nan,nan
1419.291299,nan,nan,nan
1419.292471,nan,nan,nan
1419.293642,nan,nan,nan
1419.294814,nan,nan,nan
1419.295986,nan,nan,nan
1419.297158,nan,nan,nan
1419.298330,nan,nan,nan
1419.299502,-19.807550,-19.424686,3.216246
1419.300674,-19.797840,-19.414473,3.198820
1419.301846,-19.788715,-19.406460,3.237311
1419.303017,-19.771721,-19.391588,3.310798
1419.304189,-19.759544,-19.371431,3.034703
1419.305361,-19.742891,-19.345415,2.711409
1419.306533,-19.725840,-19.334265,2.915093
1419.307705,-19.706009,-19.327248,3.358300
1419.308877,-19.689537,-19.312265,3.409911
1419.310049,-19.689632,-19.288357,2.580421
1419.311221,-19.660118,-19.266005,2.827438
1419.312392,-19.601974,-19.257540,4.552079
1419.313564,-19.599945,-19.230192,3.670675
1419.314736,-19.592779,-19.196590,2.755829
1419.315908,-19.565928,-19.199821,3.797319
1419.317080,-19.547123,-19.183945,3.899063
1419.318252,-19.545263,-19.132452,2.183424
1419.319424,-19.528967,-19.106737,1.860062
1419.320596,-19.503040,-19.110077,2.867142
1419.321767,-19.499308,-19.102898,2.748187
1419.322939,-19.476349,-19.083275,2.863326
1419.324111,-19.425253,-19.066971,4.069374
1419.325283,-19.400797,-19.026424,3.510402
1419.326455,-19.412399,-18.992617,1.944009
1419.327627,-19.392113,-18.995068,2.726281
1419.328799,-19.347017,-18.986389,3.987746
1419.329971,-19.349775,-18.963663,3.103876
1419.331142,-19.351406,-18.942986,2.334401
1419.332314,-19.335945,-18.932619,2.509780
1419.333486,-19.313755,-18.912830,2.592514
1419.334658,-19.300343,-18.878971,1.889502
1419.335830,-19.295364,-18.864853,1.576315
1419.337002,-19.277939,-18.854778,1.828146
1419.338174,-19.262602,-18.827824,1.430337
1419.339346,-19.238716,-18.806620,1.522072
1419.340517,-19.190817,-18.801208,2.983024
1419.341689,-19.161667,-18.779312,3.233876
1419.342861,-19.165152,-18.747952,2.032662
1419.344033,-19.145439,-18.728371,2.037172
1419.345205,-19.123205,-18.714052,2.309207
1419.346377,-19.108488,-18.693029,2.092462
1419.347549,-19.086246,-18.680836,2.437994
1419.348721,-19.042507,-18.652784,2.979071
1419.349892,-19.003586,-18.612593,2.935189
1419.351064,-19.015348,-18.582178,1.485333
1419.352236,-18.982986,-18.560005,1.834291
1419.353408,-18.917847,-18.541271,3.434038
1419.354580,-18.931316,-18.515749,2.088724
1419.355752,-18.937962,-18.477247,0.546066
1419.356924,-18.920090,-18.471228,0.949501
1419.358096,-18.901724,-18.471304,1.579446
1419.359267,-18.887642,-18.450937,1.364471
1419.360439,-18.848032,-18.423916,1.795389
1419.361611,-18.802345,-18.400743,2.569179
1419.362783,-18.804167,-18.375463,1.638219
1419.363955,-18.793018,-18.347198,1.053241
1419.365127,-18.759176,-18.339607,1.951347
1419.366299,-18.727280,-18.320517,2.391442
1419.367471,-18.716820,-18.295048,1.875765
1419.368642,-18.715437,-18.290421,1.764530
1419.369814,-18.706312,-18.274630,1.536230
1419.370986,-18.698101,-18.254551,1.130672
1419.372158,-18.680563,-18.231953,0.958091
1419.373330,-18.645315,-18.215654,1.605432
1419.374502,-18.631805,-18.191374,1.237142
1419.375674,-18.613182,-18.166601,1.027284
1419.376846,-18.584105,-18.146986,1.350333
1419.378017,-18.547632,-18.121597,1.729621
1419.379189,-18.530508,-18.096226,1.447293
1419.380361,-18.520395,-18.066883,0.791088
1419.381533,-18.482391,-18.045961,1.373864
1419.382705,-18.440477,-18.026075,2.128760
1419.383877,-18.452757,-17.998203,0.755640
1419.385049,-18.438318,-17.981461,0.677221
1419.386221,-18.402575,-17.976542,1.729689
1419.387392,-18.395050,-17.950867,1.109069
1419.388564,-18.391413,-17.932775,0.616687
1419.389736,-18.357265,-17.934473,1.840768
1419.390908,-18.308228,-17.918489,2.978543
1419.392080,-18.306032,-17.873613,1.511046
1419.393252,-18.279881,-17.836620,1.140573
1419.394424,-18.240234,-17.843435,2.734764
1419.395596,-18.253510,-17.827522,1.731255
1419.396767,-18.258282,-17.786341,0.164939
1419.397939,-18.228016,-17.782074,1.049073
1419.399111,-18.188589,-17.778175,2.265845
1419.400283,-18.173237,-17.751564,1.879170
1419.401455,-18.179686,-17.723646,0.705067
1419.402627,-18.164965,-17.702278,0.479046
1419.403799,-18.139317,-17.681963,0.660354
1419.404971,-18.123652,-17.669971,0.785374
1419.406142,-18.103001,-17.663595,1.272188
1419.407314,-18.071024,-17.650335,1.912925
1419.408486,-18.071609,-17.613123,0.621814
1419.409658,-18.066219,-17.579191,-0.345699
1419.410830,-18.037685,-17.565672,0.162483
1419.412002,-18.004995,-17.541767,0.460642
1419.413174,-18.001995,-17.510540,-0.495189
1419.414346,-17.993921,-17.509348,-0.262731
1419.415517,-17.957575,-17.512154,1.066831
1419.416689,-17.944689,-17.488514,0.700458
1419.417861,-17.910580,-17.456142,0.759593
1419.419033,-17.842968,-17.444384,2.673193
1419.420205,-17.830770,-17.401888,1.632084
1419.421377,-17.854635,-17.358717,-0.645766
1419.422549,-17.842506,-17.381596,0.539394
1419.423721,-17.798923,-17.387602,2.234633
1419.424892,-17.801685,-17.354528,1.007638
1419.426064,-17.796234,-17.321762,0.079153
1419.427236,-17.776028,-17.315504,0.552553
1419.428408,-17.765274,-17.292288,0.129511
1419.429580,-17.747742,-17.277225,0.213253
1419.430752,-17.710627,-17.277393,1.483181
1419.431924,-17.667633,-17.265900,2.564649
1419.433096,-17.693188,-17.235378,0.644846
1419.434267,-17.698000,-17.214939,-0.211589
1419.435439,-17.656971,-17.217636,1.274595
1419.436611,-17.619486,-17.202230,2.030764
1419.437783,-17.628443,-17.174572,0.778877
1419.438955,-17.623199,-17.158659,0.416066
1419.440127,-17.598679,-17.129667,0.264306
1419.441299,-17.583315,-17.083256,-0.785315
1419.442471,-17.574648,-17.081284,-0.559627
1419.443642,-17.556259,-17.085564,0.207177
1419.444814,-17.525713,-17.070148,0.721230
1419.445986,-17.526979,-17.043453,-0.227332
1419.447158,-17.495605,-17.037846,0.646529
1419.448330,-17.433025,-17.029459,2.501503
1419.449502,-17.450758,-17.001963,0.951781
1419.450674,-17.459671,-16.976774,-0.206042
1419.451846,-17.441778,-16.974915,0.337187
1419.453017,-17.436821,-16.954845,-0.174890
1419.454189,-17.432533,-16.933664,-0.745220
1419.455361,-17.387730,-16.925028,0.478527
1419.456533,-17.342951,-16.927273,2.084928
1419.457705,-17.371443,-16.901682,0.238877
1419.458877,-17.374073,-16.866428,-1.040620
1419.460049,-17.346964,-16.872072,0.064937
1419.461221,-17.319717,-16.859915,0.577062
1419.462392,-17.329739,-16.830717,-0.750357
1419.463564,-17.320087,-16.829142,-0.477999
1419.464736,-17.281174,-16.820168,0.536145
1419.465908,-17.267038,-16.796324,0.206531
1419.467080,-17.277634,-16.769951,-1.041901
1419.468252,-17.269577,-16.777370,-0.520559
1419.469424,-17.237940,-16.786547,0.863255
1419.470596,-17.222527,-16.769947,0.822847
1419.471767,-17.215061,-16.745419,0.242889
1419.472939,-17.205849,-16.736610,0.256606
1419.474111,-17.198109,-16.721279,-0.000714
1419.475283,-17.187952,-16.699871,-0.381264
1419.476455,-17.153662,-16.692076,0.516440
1419.477627,-17.109953,-16.675152,1.429554
1419.478799,-17.126047,-16.644939,-0.145528
1419.479971,-17.134508,-16.630592,-0.915169
1419.481142,-17.110289,-16.630386,-0.104738
1419.482314,-17.097815,-16.615232,-0.195397
1419.483486,-17.079670,-16.597311,-0.187853
1419.484658,-17.031517,-16.588823,1.159907
1419.485830,-16.973787,-16.567347,2.402537
1419.487002,-16.999748,-16.476566,-1.562157
1419.488174,-16.997917,-16.390732,-4.349813
1419.489346,-16.970070,-16.466316,-0.909719
1419.490517,-17.000315,-16.510374,-0.444068
1419.491689,-17.010550,-16.491177,-1.434476
1419.492861,-16.990633,-16.485859,-0.944061
1419.494033,-16.971184,-16.485500,-0.300252
1419.495205,-16.967352,-16.475628,-0.504269
1419.496377,-16.954678,-16.474880,-0.101186
1419.497549,-16.925264,-16.472115,0.803425
1419.498721,-16.919460,-16.442825,0.005880
1419.499892,-16.933252,-16.419052,-1.260897
1419.501064,-16.920988,-16.418922,-0.852894
1419.502236,-16.890797,-16.406025,-0.269442
1419.503408,-16.883381,-16.383974,-0.763340
1419.504580,-16.868248,-16.383263,-0.276663
1419.505752,-16.852737,-16.387363,0.387761
1419.506924,-16.854996,-16.360056,-0.612764
1419.508096,-16.851553,-16.333162,-1.401523
1419.509267,-16.822205,-16.331507,-0.469633
1419.510439,-16.772749,-16.328642,1.111671
1419.511611,-16.748920,-16.309771,1.280915
1419.512783,-16.760130,-16.289604,0.212930
1419.513955,-16.766932,-16.294405,0.145087
1419.515127,-16.763847,-16.287628,0.019959
1419.516299,-16.761309,-16.266777,-0.598998
1419.517471,-16.732019,-16.268900,0.464331
1419.518642,-16.691019,-16.256859,1.451471
1419.519814,-16.713428,-16.228287,-0.281946
1419.520986,-16.710798,-16.210415,-0.796234
1419.522158,-16.701353,-16.221647,-0.098085
1419.523330,-16.710770,-16.217857,-0.544374
1419.524502,-16.684940,-16.195158,-0.438726
1419.525674,-16.632046,-16.191980,1.249646
1419.526846,-16.607521,-16.178965,1.643247
1419.528017,-16.640297,-16.143782,-0.665891
1419.529189,-16.633747,-16.150171,-0.229005
1419.530361,-16.588833,-16.163786,1.763483
1419.531533,-16.589237,-16.128786,0.555019
1419.532705,-16.617329,-16.095100,-1.530203
1419.533877,-16.627888,-16.099503,-1.736401
1419.535049,-16.619207,-16.102961,-1.329591
1419.536221,-16.604464,-16.097124,-1.030356
1419.537392,-16.586100,-16.091875,-0.588637
1419.538564,-16.569122,-16.088329,-0.134883
1419.539736,-16.586212,-16.080254,-0.983911
1419.540908,-16.599329,-16.071934,-1.703263
1419.542080,-16.564005,-16.069624,-0.593920
1419.543252,-16.519802,-16.074574,1.073406
1419.544424,-16.540115,-16.066732,0.116058
1419.545596,-16.543848,-16.036686,-1.024388
1419.546767,-16.507235,-16.015385,-0.508515
1419.547939,-16.493450,-15.988636,-0.945401
1419.549111,-16.504696,-15.975658,-1.758229
1419.550283,-16.500711,-15.989556,-1.158615
1419.551455,-16.478500,-15.997571,-0.139491
1419.552627,-16.481306,-15.980834,-0.799228
1419.553799,-16.473145,-15.970344,-0.877647
1419.554971,-16.454813,-15.978442,0.014823
1419.556142,-16.460979,-15.963321,-0.704431
1419.557314,-16.462189,-15.946842,-1.299378
1419.558486,-16.429802,-15.960116,0.241431
1419.559658,-16.382101,-15.953609,1.645468
1419.560830,-16.399178,-15.927161,0.162386
1419.562002,-16.433201,-15.906111,-1.693048
1419.563174,-16.434423,-15.913036,-1.502005
1419.564346,-16.427458,-15.919966,-1.035483
1419.565517,-16.417767,-15.919689,-0.718539
1419.566689,-16.386030,-15.914738,0.186924
1419.567861,-16.363117,-15.890341,0.136614
1419.569033,-16.377562,-15.874006,-0.903037
1419.570205,-16.377621,-15.868244,-1.098844
1419.571377,-16.354301,-15.873125,-0.147846
1419.572549,-16.330908,-15.863518,0.319321
1419.573721,-16.357271,-15.847439,-1.114166
1419.574892,-16.351984,-15.841270,-1.143782
1419.576064,-16.313416,-15.844890,0.280772
1419.577236,-16.323532,-15.831976,-0.498604
1419.578408,-16.321075,-15.814837,-0.993343
1419.579580,-16.289837,-15.809570,-0.117066
1419.580752,-16.264647,-15.802264,0.489378
1419.581924,-16.277290,-15.797894,-0.087626
1419.583096,-16.215481,-15.789904,1.745314
1419.584267,-16.142155,-15.784428,4.088697
1419.585439,-16.210331,-15.762525,0.985496
1419.586611,-16.250439,-15.733953,-1.337633
1419.587783,-16.243324,-15.748199,-0.619006
1419.588955,-16.235561,-15.759579,0.027973
1419.590127,-16.247873,-15.744637,-0.892313
1419.591299,-16.251247,-15.738091,-1.225861
1419.592471,-16.225416,-15.737751,-0.367214
1419.593642,-16.230324,-15.738651,-0.502537
1419.594814,-16.229197,-15.742411,-0.337510
1419.595986,-16.199299,-15.746970,0.831388
1419.597158,-16.184484,-15.728813,0.717590
1419.598330,-16.207628,-15.697086,-1.138010
1419.599502,-16.210541,-15.713142,-0.695654
1419.600674,-16.208399,-15.722673,-0.301671
1419.601846,-16.213715,-15.713093,-0.804267
1419.603017,-16.220310,-15.714575,-0.976397
1419.604189,-16.219513,-15.715170,-0.929551
1419.605361,-16.212397,-15.708931,-0.900023
1419.606533,-16.206430,-15.702037,-0.931254
1419.607705,-16.170673,-15.696644,0.094142
1419.608877,-16.138577,-15.686606,0.843608
1419.610049,-16.163990,-15.659670,-0.928778
1419.611221,-16.176395,-15.639539,-2.019639
1419.612392,-16.151028,-15.656702,-0.592051
1419.613564,-16.110826,-15.637961,0.133611
1419.614736,-16.136826,-15.620500,-1.332252
1419.615908,-16.141748,-15.636463,-0.961261
1419.617080,-16.113426,-15.650089,0.456944
1419.618252,-16.142551,-15.647788,-0.606815
1419.619424,-16.164490,-15.636389,-1.726881
1419.620596,-16.146753,-15.647002,-0.774934
1419.621767,-16.124073,-15.635671,-0.392124
1419.622939,-16.145306,-15.616089,-1.764227
1419.624111,-16.140425,-15.624156,-1.330335
1419.625283,-16.107357,-15.641495,0.371177
1419.626455,-16.142963,-15.637103,-0.980604
1419.627627,-16.148243,-15.628866,-1.434603
1419.628799,-16.127508,-15.641977,-0.295096
1419.629971,-16.120802,-15.632199,-0.398885
1419.631142,-16.127525,-15.608776,-1.413558
1419.632314,-16.131056,-15.615406,-1.309563
1419.633486,-16.122663,-15.626429,-0.656440
1419.634658,-16.130928,-15.618897,-1.188026
1419.635830,-16.129654,-15.608164,-1.505459
1419.637002,-16.096796,-15.602680,-0.584977
1419.638174,-16.053343,-15.590972,0.489769
1419.639346,-15.990447,-15.506462,-0.242840
1419.640517,-15.912987,-15.412197,-0.809922
1419.641689,-16.028469,-15.514216,-1.262658
1419.642861,-16.102251,-15.573322,-1.754590
1419.644033,-16.110380,-15.575010,-1.969966
1419.645205,-16.097420,-15.584641,-1.213181
1419.646377,-16.076120,-15.574723,-0.830380
1419.647549,-16.096798,-15.568065,-1.748044
1419.648721,-16.091604,-15.583084,-1.070050
1419.649892,-16.063030,-15.586031,-0.006457
1419.651064,-16.070301,-15.566611,-0.907567
1419.652236,-16.072065,-15.542565,-1.773708
1419.653408,-16.053345,-15.569434,-0.240325
1419.654580,-16.028402,-15.571338,0.670187
1419.655752,-16.062672,-15.549759,-1.217662
1419.656924,-16.086857,-15.555491,-1.836101
1419.658096,-16.078632,-15.567385,-1.161726
1419.659267,-16.080496,-15.578394,-0.854116
1419.660439,-16.079613,-15.573435,-0.991289
1419.661611,-16.058109,-15.551614,-1.001973
1419.662783,-16.037651,-15.543756,-0.577542
1419.663955,-16.060978,-15.545376,-1.307959
1419.665127,-16.084349,-15.563121,-1.496663
1419.666299,-16.077585,-15.579261,-0.726865
1419.667471,-16.068768,-15.567228,-0.835165
1419.668642,-16.072493,-15.548231,-1.598329
1419.669814,-16.070490,-15.547510,-1.555377
1419.670986,-16.071251,-15.555664,-1.307450
1419.672158,-16.090219,-15.563217,-1.690113
1419.673330,-16.093037,-15.572273,-1.481097
1419.674502,-16.076591,-15.578074,-0.733362
1419.675674,-16.065439,-15.554891,-1.138235
1419.676846,-16.066631,-15.527558,-2.093646
1419.678017,-16.038568,-15.538407,-0.788749
1419.679189,-16.013742,-15.545771,0.299577
1419.680361,-16.049520,-15.535722,-1.247415
1419.681533,-16.061508,-15.530891,-1.811063
1419.682705,-16.046717,-15.548812,-0.712727
1419.683877,-16.051638,-15.550112,-0.834715
1419.685049,-16.059027,-15.531950,-1.692598
1419.686221,-16.042669,-15.546156,-0.665823
1419.687392,-16.003674,-15.553375,0.900561
1419.688564,-16.012297,-15.545509,0.339780
1419.689736,-16.025024,-15.553113,0.165947
1419.690908,-16.032799,-15.560428,0.150361
1419.692080,-16.058268,-15.535747,-1.540006
1419.693252,-16.069969,-15.517979,-2.524251
1419.694424,-16.061968,-15.539015,-1.554487
1419.695596,-16.048487,-15.549182,-0.759906
1419.696767,-16.034786,-15.543070,-0.504015
1419.697939,-16.050898,-15.538831,-1.189249
1419.699111,-16.060541,-15.540302,-1.463515
1419.700283,-16.066202,-15.551013,-1.294095
1419.701455,-16.075972,-15.551798,-1.595384
1419.702627,-16.075430,-15.546732,-1.746870
1419.703799,-16.066513,-15.550520,-1.321079
1419.704971,-16.068550,-15.556039,-1.204179
1419.706142,-16.061823,-15.551847,-1.118970
1419.707314,-16.037640,-15.552493,-0.282113
1419.708486,-15.999455,-15.534300,0.395177
1419.709658,-16.022884,-15.512348,-1.137824
1419.710830,-16.038853,-15.533729,-0.955831
1419.712002,-16.039532,-15.545592,-0.579019
1419.713174,-16.066395,-15.544962,-1.503541
1419.714346,-16.087181,-15.543083,-2.261305
1419.715517,-16.074303,-15.554134,-1.461147
1419.716689,-16.031750,-15.544467,-0.354299
1419.717861,-16.039057,-15.519428,-1.443047
1419.719033,-16.024540,-15.521841,-0.874213
1419.720205,-15.986425,-15.532947,0.792223
1419.721377,-16.036129,-15.526955,-1.092045
1419.722549,-16.077267,-15.538768,-2.074479
1419.723721,-16.067970,-15.563551,-0.932115
1419.724892,-16.066114,-15.562800,-0.894916
1419.726064,-16.076839,-15.546540,-1.800438
1419.727236,-16.058462,-15.549907,-1.071244
1419.728408,-16.038206,-15.552614,-0.297161
1419.729580,-16.060335,-15.533621,-1.680466
1419.730752,-16.073883,-15.538465,-1.971560
1419.731924,-16.067253,-15.561966,-0.961320
1419.733096,-16.078480,-15.566760,-1.177586
1419.734267,-16.096767,-15.561073,-1.980797
1419.735439,-16.072466,-15.561968,-1.136542
1419.736611,-16.036812,-15.561546,0.052266
1419.737783,-16.033840,-15.546708,-0.349212
1419.738955,-16.065723,-15.533401,-1.868124
1419.740127,-16.073521,-15.547993,-1.640743
1419.741299,-16.050497,-15.554749,-0.640042
1419.742471,-16.066378,-15.544753,-1.509969
1419.743642,-16.071285,-15.557242,-1.255614
1419.744814,-16.048090,-15.578024,0.228526
1419.745986,-16.045395,-15.566586,-0.067715
1419.747158,-16.061314,-15.543223,-1.391446
1419.748330,-16.062841,-15.556735,-0.988882
1419.749502,-16.032480,-15.555406,-0.009011
1419.750674,-16.068760,-15.537848,-1.820916
1419.751846,-16.095152,-15.547036,-2.395219
1419.753017,-16.075804,-15.564565,-1.161433
1419.754189,-16.086018,-15.574070,-1.185247
1419.755361,-16.104197,-15.592756,-1.168194
1419.756533,-16.065422,-15.603251,0.496540
1419.757705,-16.013435,-15.573019,1.237660
1419.758877,-16.067064,-15.532999,-1.926368
1419.760049,-16.097561,-15.549578,-2.390806
1419.761221,-16.052813,-15.554920,-0.712307
1419.762392,-16.063450,-15.572309,-0.484603
1419.763564,-16.116302,-15.581005,-1.967539
1419.764736,-16.132395,-15.599226,-1.896399
1419.765908,-16.119287,-15.619581,-0.773428
1419.767080,-16.126183,-15.616551,-1.107406
1419.768252,-16.121721,-15.609933,-1.179895
1419.769424,-16.110943,-15.611027,-0.780501
1419.770596,-16.110443,-15.606674,-0.910228
1419.771767,-16.121239,-15.606723,-1.271493
1419.772939,-16.074348,-15.610729,0.447355
1419.774111,-16.004126,-15.597764,2.405257
1419.775283,-16.077921,-15.586606,-0.490464
1419.776455,-16.121449,-15.584140,-2.034736
1419.777627,-16.101473,-15.604974,-0.665343
1419.778799,-16.094975,-15.616350,-0.061483
1419.779971,-16.116913,-15.609512,-1.032411
1419.781142,-16.121851,-15.620251,-0.837219
1419.782314,-16.109253,-15.621416,-0.373016
1419.783486,-16.125149,-15.610289,-1.283048
1419.784658,-16.115910,-15.610246,-0.973990
1419.785830,-16.097923,-15.610636,-0.354456
1419.787002,-16.125412,-15.592755,-1.879277
1419.788174,-16.157804,-15.587096,-3.145938
1419.789346,-16.132748,-15.634570,-0.721915
1419.790517,-16.071316,-15.647374,1.801367
1419.791689,-16.109575,-15.625704,-0.239004
1419.792861,-16.156101,-15.630702,-1.636438
1419.794033,-16.159973,-15.644771,-1.294545
1419.795205,-16.162962,-15.649492,-1.236369
1419.796377,-16.175344,-15.653725,-1.509803
1419.797549,-16.167313,-15.665277,-0.851866
1419.798721,-16.157566,-15.676268,-0.151975
1419.799892,-16.167120,-15.674634,-0.529981
1419.801064,-16.167557,-15.673868,-0.570566
1419.802236,-16.142698,-15.666473,0.019764
1419.803408,-16.139706,-15.661894,-0.033970
1419.804580,-16.176077,-15.659169,-1.351771
1419.805752,-16.168871,-15.667770,-0.820391
1419.806924,-16.151627,-15.683479,0.293619
1419.808096,-16.179718,-15.676439,-0.893732
1419.809267,-16.177376,-15.674304,-0.886766
1419.810439,-16.158356,-15.678810,-0.092665
1419.811611,-16.166161,-15.677710,-0.393768
1419.812783,-16.184814,-15.675937,-1.082075
1419.813955,-16.170818,-15.684977,-0.305604
1419.815127,-16.139362,-15.695036,1.104187
1419.816299,-16.166765,-15.691917,0.066424
1419.817471,-16.195158,-15.694605,-0.801958
1419.818642,-16.192917,-15.690885,-0.851768
1419.819814,-16.083942,-15.538634,-2.301654
1419.820986,-15.920806,-15.335263,-3.636744
1419.822158,-16.049223,-15.534239,-1.287216
1419.823330,-16.153126,-15.700370,0.816839
1419.824502,-16.203478,-15.705638,-0.710546
1419.825674,-16.230534,-15.702643,-1.719837
1419.826846,-16.204145,-15.719877,-0.252418
1419.828017,-16.188726,-15.720443,0.288991
1419.829189,-16.216017,-15.698000,-1.388990
1419.830361,-16.226383,-15.697497,-1.753152
1419.831533,-16.218979,-15.727356,-0.500854
1419.832705,-16.227348,-15.737358,-0.445741
1419.833877,-16.232622,-15.733851,-0.741903
1419.835049,-16.243036,-15.743733,-0.759838
1419.836221,-16.246214,-15.741559,-0.940050
1419.837392,-16.236122,-15.737837,-0.725554
1419.838564,-16.197662,-15.747910,0.919151
1419.839736,-16.154182,-15.751307,2.525288
1419.840908,-16.202591,-15.734271,0.287768
1419.842080,-16.236149,-15.719222,-1.352417
1419.843252,-16.220320,-15.729240,-0.482509
1419.844424,-16.197990,-15.732479,0.383094
1419.845596,-16.231449,-15.729259,-0.857062
1419.846767,-16.191961,-15.742699,0.935852
1419.847939,-16.118706,-15.761060,4.091515
1419.849111,-16.218515,-15.750381,0.294079
1419.850283,-16.278996,-15.713848,-2.961519
1419.851455,-16.265446,-15.746645,-1.415280
1419.852627,-16.258915,-15.769544,-0.424842
1419.853799,-16.275726,-15.765232,-1.136405
1419.854971,-16.260132,-15.783127,-0.006653
1419.856142,-16.236418,-15.795872,1.233228
1419.857314,-16.284061,-15.773590,-1.135642
1419.858486,-16.314228,-15.758045,-2.663732
1419.859658,-16.296738,-15.782499,-1.262179
1419.860830,-16.272991,-15.787811,-0.283238
1419.862002,-16.264023,-15.786179,-0.035076
1419.863174,-16.270205,-15.791092,-0.078008
1419.864346,-16.285307,-15.800538,-0.269345
1419.865517,-16.295778,-15.808174,-0.365160
1419.866689,-16.302916,-15.801889,-0.817886
1419.867861,-16.316002,-15.794019,-1.521984
1419.869033,-16.317333,-15.793914,-1.570112
1419.870205,-16.319077,-15.791422,-1.711951
1419.871377,-16.306244,-15.795996,-1.128138
1419.872549,-16.297272,-15.815343,-0.173305
1419.873721,-16.321556,-15.812912,-1.074218
1419.874892,-16.326775,-15.783297,-2.240631
1419.876064,-16.319229,-15.800757,-1.404243
1419.877236,-16.325661,-15.817145,-1.069893
1419.878408,-16.335083,-15.799883,-1.964291
1419.879580,-16.264309,-15.785798,-0.057638
1419.880752,-16.166414,-15.779839,3.087850
1419.881924,-16.254187,-15.802802,0.863548
1419.883096,-16.328035,-15.805655,-1.535310
1419.884267,-16.331545,-15.823107,-1.067301
1419.885439,-16.316912,-15.833809,-0.213008
1419.886611,-16.315264,-15.819567,-0.638300
1419.887783,-16.342613,-15.819399,-1.563244
1419.888955,-16.344557,-15.838141,-0.999272
1419.890127,-16.356388,-15.846433,-1.118305
1419.891299,-16.359289,-15.833140,-1.661534
1419.892471,-16.330034,-15.841091,-0.410381
1419.893642,-16.308899,-15.831377,-0.024157
1419.894814,-16.328228,-15.808233,-1.455326
1419.895986,-16.357815,-15.823793,-1.924900
1419.897158,-16.358782,-15.844061,-1.278381
1419.898330,-16.358683,-15.849043,-1.107689
1419.899502,-16.363188,-15.845100,-1.391358
1419.900674,-16.335550,-15.853136,-0.189722
1419.901846,-16.312864,-15.852627,0.562278
1419.903017,-16.356083,-15.826262,-1.784460
1419.904189,-16.374811,-15.809162,-2.978171
1419.905361,-16.350819,-15.836317,-1.271014
1419.906533,-16.339256,-15.830134,-1.090283
1419.907705,-16.357050,-15.790537,-3.006828
1419.908877,-16.340591,-15.836052,-0.936165
1419.910049,-16.303484,-15.871422,1.523246
1419.911221,-16.338375,-15.870422,0.300223
1419.912392,-16.347988,-15.859056,-0.410029
1419.913564,-16.327475,-15.864491,0.468939
1419.914736,-16.369743,-15.856710,-1.221693
1419.915908,-16.391739,-15.823932,-3.049761
1419.917080,-16.360687,-15.844398,-1.331039
1419.918252,-16.352327,-15.859872,-0.528954
1419.919424,-16.377800,-15.856731,-1.491331
1419.920596,-16.370953,-15.858866,-1.189924
1419.921767,-16.355532,-15.870852,-0.266341
1419.922939,-16.391222,-15.872735,-1.404762
1419.924111,-16.411980,-15.871222,-2.149894
1419.925283,-16.402752,-15.887294,-1.303125
1419.926455,-16.375362,-15.898836,0.009559
1419.927627,-16.380672,-15.899330,-0.153463
1419.928799,-16.415140,-15.892990,-1.527581
1419.929971,-16.419594,-15.889263,-1.801494
1419.931142,-16.417334,-15.895254,-1.525213
1419.932314,-16.415289,-15.911484,-0.911451
1419.933486,-16.392565,-15.923351,0.257447
1419.934658,-16.375416,-15.919640,0.714019
1419.935830,-16.397030,-15.910254,-0.337187
1419.937002,-16.411703,-15.907022,-0.940911
1419.938174,-16.405277,-15.925278,-0.108025
1419.939346,-16.392450,-15.893797,-0.737961
1419.940517,-16.399195,-15.853224,-2.323746
1419.941689,-16.401674,-15.878762,-1.553117
1419.942861,-16.407425,-15.896855,-1.138939
1419.944033,-16.418936,-15.902359,-1.340667
1419.945205,-16.422657,-15.912117,-1.137951
1419.946377,-16.408972,-15.925566,-0.223272
1419.947549,-16.414539,-15.915545,-0.749457
1419.948721,-16.426191,-15.896621,-1.776066
1419.949892,-16.409512,-15.897858,-1.175375
1419.951064,-16.371593,-15.902664,0.267084
1419.952236,-16.403934,-15.904520,-0.763595
1419.953408,-16.438011,-15.908971,-1.758317
1419.954580,-16.448088,-15.923596,-1.606019
1419.955752,-16.460665,-15.938353,-1.533011
1419.956924,-16.448540,-15.942702,-0.979832
1419.958096,-16.426882,-15.940188,-0.334389
1419.959267,-16.418976,-15.936631,-0.187374
1419.960439,-16.425491,-15.929342,-0.653544
1419.961611,-16.442739,-15.933331,-1.099901
1419.962783,-16.438406,-15.935320,-0.887245
1419.963955,-16.447166,-15.939205,-1.051265
1419.965127,-16.452721,-15.934593,-1.392698
1419.966299,-16.426260,-15.928210,-0.717610
1419.967471,-16.434328,-15.928463,-0.980761
1419.968642,-16.462400,-15.931293,-1.827491
1419.969814,-16.464668,-15.927933,-2.015589
1419.970986,-16.466648,-15.945484,-1.494520
1419.972158,-16.465090,-15.965141,-0.781587
1419.973330,-16.464731,-15.968947,-0.641226
1419.974502,-16.436443,-15.972638,0.441045
1419.975674,-16.402130,-15.963201,1.288449
1419.976846,-16.439629,-15.939619,-0.783642
1419.978017,-16.452133,-15.920672,-1.839290
1419.979189,-16.437208,-15.948618,-0.398464
1419.980361,-16.410534,-15.943237,0.322491
1419.981533,-16.428350,-15.902270,-1.659235
1419.982705,-16.442074,-15.923409,-1.410710
1419.983877,-16.434544,-15.952233,-0.186210
1419.985049,-16.455805,-15.956244,-0.768516
1419.986221,-16.460344,-15.949780,-1.138783
1419.987392,-16.448967,-15.956922,-0.515119
1419.988564,-16.428419,-15.946142,-0.185075
1419.989736,-16.438616,-15.931469,-1.023879
1419.990908,-16.446045,-15.950309,-0.639621
1419.992080,-16.443817,-15.960712,-0.213077
1419.993252,-16.468527,-15.962290,-0.993275
1419.994424,-16.474579,-15.955914,-1.410740
1419.995596,-16.470324,-15.957861,-1.202545
1419.996767,-16.471464,-15.951309,-1.460697
1419.997939,-16.470337,-15.955466,-1.283401
1419.999111,-16.452606,-15.950480,-0.854919
1420.000283,-16.432201,-15.944270,-0.376206
1420.001455,-16.451794,-15.946062,-0.976270
1420.002627,-16.466686,-15.938400,-1.733075
1420.003799,-16.438234,-15.948972,-0.421173
1420.004971,-16.395313,-15.957197,1.316236
1420.006142,-16.432150,-15.947870,-0.252800
1420.007314,-16.437563,-15.943694,-0.576641
1420.008486,-16.390112,-15.947124,1.149849
1420.009658,-16.374989,-15.949667,1.754071
1420.010830,-16.415745,-15.944456,0.187061
1420.012002,-16.444639,-15.959661,-0.276399
1420.013174,-16.446270,-15.968285,-0.039850
1420.014346,-16.475046,-15.965510,-1.104196
1420.015517,-16.462864,-15.973408,-0.427709
1420.016689,-16.436144,-15.969858,0.356804
1420.017861,-16.460827,-15.947122,-1.244274
1420.019033,-16.489037,-15.938827,-2.464969
1420.020205,-16.471251,-15.969727,-0.834656
1420.021377,-16.449682,-15.990736,0.606179
1420.022549,-16.461555,-15.976768,-0.269990
1420.023721,-16.465508,-15.961149,-0.930070
1420.024892,-16.453312,-15.951581,-0.841622
1420.026064,-16.452110,-15.956192,-0.645766
1420.027236,-16.463627,-15.956015,-1.039524
1420.028408,-16.460531,-15.958138,-0.863940
1420.029580,-16.448132,-15.957623,-0.463264
1420.030752,-16.462498,-15.954538,-1.051196
1420.031924,-16.455368,-15.955124,-0.791548
1420.033096,-16.417263,-15.961032,0.698541
1420.034267,-16.402277,-15.958143,1.110761
1420.035439,-16.432819,-15.943608,-0.419432
1420.036611,-16.423887,-15.938599,-0.286907
1420.037783,-16.393297,-15.935277,0.637674
1420.038955,-16.432398,-15.929732,-0.873088
1420.040127,-16.457233,-15.926923,-1.800819
1420.041299,-16.447218,-15.936603,-1.140476
1420.042471,-16.431082,-15.936619,-0.596679
1420.043642,-16.443783,-15.911838,-1.855492
1420.044814,-16.407721,-15.925003,-0.199986
1420.045986,-16.335609,-15.943913,2.910906
1420.047158,-16.385611,-15.926582,0.603391
1420.048330,-16.426517,-15.920688,-0.979577
1420.049502,-16.415651,-15.942763,0.132838
1420.050674,-16.428701,-15.952414,0.017641
1420.051846,-16.453402,-15.949453,-0.916265
1420.053017,-16.424589,-15.959207,0.387467
1420.054189,-16.367491,-15.953768,2.152086
1420.055361,-16.406570,-15.928545,-0.041210
1420.056533,-16.440153,-15.926766,-1.233580
1420.057705,-16.420584,-15.936438,-0.248289
1420.058877,-16.422537,-15.936870,-0.299704
1420.060049,-16.450010,-15.937463,-1.205393
1420.061221,-16.443632,-15.948627,-0.614956
1420.062392,-16.421076,-15.949087,0.163325
1420.063564,-16.436623,-15.927801,-1.080186
1420.064736,-16.455303,-15.924440,-1.819292
1420.065908,-16.444401,-15.937708,-1.008606
1420.067080,-16.423115,-15.935922,-0.351266
1420.068252,-16.423218,-15.935493,-0.369249
1420.069424,-16.375145,-15.925523,0.923603
1420.070596,-16.325138,-15.926895,2.684963
1420.071767,-16.385586,-15.915036,0.212128
1420.072939,-16.397797,-15.899864,-0.713657
1420.074111,-16.354269,-15.910125,1.110399
1420.075283,-16.373121,-15.903297,0.236734
1420.076455,-16.422947,-15.878389,-2.276627
1420.077627,-16.413191,-15.891804,-1.502005
1420.078799,-16.378765,-15.915873,0.472040
1420.079971,-16.413506,-15.918531,-0.613928
1420.081142,-16.429224,-15.919443,-1.112435
1420.082314,-16.398460,-15.933750,0.410303
1420.083486,-16.393589,-15.919509,0.092430
1420.084658,-16.403019,-15.890722,-1.196969
1420.085830,-16.394386,-15.904951,-0.427004
1420.087002,-16.370752,-15.920483,0.901530
1420.088174,-16.398794,-15.911450,-0.356364
1420.089346,-16.426960,-15.906666,-1.465364
1420.090517,-16.429859,-15.910331,-1.439691
1420.091689,-16.428049,-15.907270,-1.481606
1420.092861,-16.415005,-15.908930,-0.987825
1420.094033,-16.386084,-15.920858,0.392809
1420.095205,-16.375835,-15.907632,0.291711
1420.096377,-16.408257,-15.895487,-1.212858
1420.097549,-16.428949,-15.909092,-1.450717
1420.098721,-16.415371,-15.911978,-0.897587
1420.099892,-16.399323,-15.913748,-0.296583
1420.101064,-16.405867,-15.913278,-0.533464
1420.102236,-16.383854,-15.900016,-0.237879
1420.103408,-16.349934,-15.887771,0.496833
1420.104580,-16.363962,-15.873185,-0.472304
1420.105752,-16.388317,-15.865502,-1.549859
1420.106924,-16.394838,-15.880758,-1.256857
1420.108096,-16.387711,-15.884020,-0.907596
1420.109267,-16.388685,-15.883127,-0.970429
1420.110439,-16.324938,-15.889795,1.417882
1420.111611,-16.250753,-15.885014,3.810039
1420.112783,-16.323635,-15.854702,0.266957
1420.113955,-16.364050,-15.841204,-1.550906
1420.115127,-16.346367,-15.871596,0.069036
1420.116299,-16.334764,-15.871200,0.449204
1420.117471,-16.361782,-15.851270,-1.137022
1420.118642,-16.359592,-15.860781,-0.743293
1420.119814,-16.340462,-15.869514,0.198606
1420.120986,-16.365171,-15.875103,-0.448383
1420.122158,-16.356771,-15.878603,-0.046053
1420.123330,-16.324553,-15.874553,0.910727
1420.124502,-16.336910,-15.860642,0.018316
1420.125674,-16.373985,-15.836987,-2.024384
1420.126846,-16.374147,-15.840712,-1.905332
1420.128017,-16.339882,-15.858437,-0.156946
1420.129189,-16.343414,-15.860562,-0.204525
1420.130361,-16.354197,-15.851555,-0.872285
1420.131533,-16.333628,-15.860186,0.114052
1420.132705,-16.332464,-15.852625,-0.102605
1420.133877,-16.354305,-15.838827,-1.303800
1420.135049,-16.353916,-15.840403,-1.237836
1420.136221,-16.331123,-15.849385,-0.166857
1420.137392,-16.331099,-15.844966,-0.315437
1420.138564,-16.331322,-15.841772,-0.430869
1420.139736,-16.293934,-15.853706,1.244108
1420.140908,-16.256472,-15.844499,2.212238
1420.142080,-16.294676,-15.810823,-0.238359
1420.143252,-16.305574,-15.804721,-0.812075
1420.144424,-16.287411,-15.819310,0.295204
1420.145596,-16.314009,-15.821614,-0.526899
1420.146767,-16.317616,-15.819787,-0.710154
1420.147939,-16.283567,-15.823928,0.582610
1420.149111,-16.277470,-15.798714,-0.065935
1420.150283,-16.302242,-15.782145,-1.458779
1420.151455,-16.305456,-15.805911,-0.767998
1420.152627,-16.285744,-15.836287,0.929258
1420.153799,-16.302599,-15.830072,0.145087
1420.154971,-16.310089,-15.811938,-0.721015
1420.156142,-16.304892,-15.807455,-0.696946
1420.157314,-16.304146,-15.804196,-0.781617
1420.158486,-16.307632,-15.801353,-0.994684
1420.159658,-16.306467,-15.820463,-0.311083
1420.160830,-16.299347,-15.827199,0.157924
1420.162002,-16.306515,-15.820142,-0.323558
1420.163174,-16.301617,-15.811756,-0.441367
1420.164346,-16.286829,-15.809826,-0.006585
1420.165517,-16.284323,-15.810253,0.092792
1420.166689,-16.292328,-15.797620,-0.604947
1420.167861,-16.287682,-15.790721,-0.680900
1420.169033,-16.264011,-15.797293,0.342108
1420.170205,-16.250355,-15.778537,0.169107
1420.171377,-16.260696,-15.757632,-0.886511
1420.172549,-16.259016,-15.781130,-0.036494
1420.173721,-16.243040,-15.776495,0.347998
1420.174892,-16.210695,-15.753878,0.678591
1420.176064,-16.158831,-15.758275,2.605233
1420.177236,-16.197762,-15.769360,1.648541
1420.178408,-16.234209,-15.756198,-0.040721
1420.179580,-16.238449,-15.742160,-0.658270
1420.180752,-16.219830,-15.759108,0.545812
1420.181924,-16.189503,-15.760871,1.640674
1420.183096,-16.227304,-15.750155,-0.011526
1420.184267,-16.253597,-15.742145,-1.168614
1420.185439,-16.244818,-15.759518,-0.287298
1420.186611,-16.243919,-15.765730,-0.046758
1420.187783,-16.248167,-15.764242,-0.240805
1420.188955,-16.246456,-15.761466,-0.276820
1420.190127,-16.232674,-15.753986,-0.063616
1420.191299,-16.223341,-15.749205,0.090522
1420.192471,-16.212395,-15.744763,0.311132
1420.193642,-16.195700,-15.746202,0.927829
1420.194814,-16.205048,-15.737582,0.316758
1420.195986,-16.228432,-15.726988,-0.831956
1420.197158,-16.227407,-15.724240,-0.889975
1420.198330,-16.207674,-15.719682,-0.378270
1420.199502,-16.208923,-15.708813,-0.787047
1420.200674,-16.206835,-15.709571,-0.691124
1420.201846,-16.195692,-15.728702,0.332882
1420.203017,-16.188879,-15.738750,0.906314
1420.204189,-16.191536,-15.728739,0.475289
1420.205361,-16.167440,-15.719995,0.997815
1420.206533,-16.138523,-15.711990,1.712567
1420.207705,-16.164787,-15.699149,0.378789
1420.208877,-16.177649,-15.699786,-0.035682
1420.210049,-16.170004,-15.709288,0.546008
1420.211221,-16.185743,-15.693769,-0.512703
1420.212392,-16.194321,-15.674898,-1.436139
1420.213564,-16.178097,-15.704033,0.092978
1420.214736,-16.165270,-15.704372,0.539844
1420.215908,-16.157545,-15.685678,0.167463
1420.217080,-16.146276,-15.684891,0.523250
1420.218252,-16.149809,-15.692919,0.676125
1420.219424,-16.164248,-15.688646,0.040897
1420.220596,-16.159582,-15.691319,0.289705
1420.221767,-16.153343,-15.703751,0.924610
1420.222939,-16.147148,-15.705389,1.191812
1420.224111,-16.148582,-15.706242,1.171951
1420.225283,-16.156868,-15.702326,0.756022
1420.226455,-16.155149,-15.692759,0.489094
1420.227627,-16.142979,-15.682740,0.562249
1420.228799,-16.134602,-15.670187,0.420342
1420.229971,-16.126030,-15.668197,0.644034
1420.231142,-16.121632,-15.677899,1.124459
1420.232314,-16.142923,-15.663981,-0.072235
1420.233486,-16.149174,-15.651634,-0.700419
1420.234658,-16.129189,-15.668886,0.560077
1420.235830,-16.113806,-15.665082,0.954217
1420.237002,-16.114143,-15.651205,0.470485
1420.238174,-16.083466,-15.656228,1.688420
1420.239346,-16.054846,-15.660572,2.821910
1420.240517,-16.095667,-15.640182,0.723920
1420.241689,-16.123371,-15.615224,-1.057517
1420.242861,-16.103933,-15.634409,0.246900
1420.244033,-16.070263,-15.646243,1.798686
1420.245205,-16.077530,-15.626774,0.884966
1420.246377,-16.056921,-15.637288,1.949155
1420.247549,-16.012558,-15.648685,3.874897
1420.248721,-16.057680,-15.636044,1.880412
1420.249892,-16.090343,-15.632261,0.635571
1420.251064,-16.088932,-15.648910,1.251113
1420.252236,-16.096552,-15.632449,0.430938
1420.253408,-16.105583,-15.612148,-0.562005
1420.254580,-16.091709,-15.627594,0.430517
1420.255752,-16.059353,-15.633592,1.739004
1420.256924,-16.068146,-15.628235,1.254919
1420.258096,-16.085617,-15.629530,0.703442
1420.259267,-16.077892,-15.622445,0.725222
1420.260439,-16.067295,-15.610909,0.693287
1420.261611,-16.083588,-15.600395,-0.216041
1420.262783,-16.071924,-15.616524,0.726807
1420.263955,-16.025045,-15.625216,2.630251
1420.265127,-16.031296,-15.613241,2.003320
1420.266299,-16.059771,-15.596399,0.455779
1420.267471,-16.051622,-15.612187,1.271180
1420.268642,-16.037695,-15.618385,1.960240
1420.269814,-16.035275,-15.610600,1.776232
1420.270986,-16.013168,-15.608970,2.479723
1420.272158,-16.013487,-15.605931,2.364164
1420.273330,-16.028267,-15.596427,1.530849
1420.274502,-16.027782,-15.597879,1.597145
1420.275674,-15.993546,-15.596533,2.727367
1420.276846,-15.948726,-15.575028,3.533816
1420.278017,-16.000387,-15.544445,0.708374
1420.279189,-16.035023,-15.560982,0.093760
1420.280361,-16.025597,-15.587469,1.315845
1420.281533,-16.042238,-15.604561,1.331235
1420.282705,-16.043072,-15.604601,1.304113
1420.283877,-15.992255,-15.594168,2.690325
1420.285049,-15.956029,-15.577709,3.373592
1420.286221,-16.000408,-15.564342,1.386319
1420.287392,-16.031616,-15.570890,0.545675
1420.288564,-16.023581,-15.573074,0.893478
1420.289736,-16.023941,-15.574804,0.940148
1420.290908,-16.029409,-15.568696,0.546096
1420.292080,-16.008018,-15.578098,1.596558
1420.293252,-15.977982,-15.596700,3.271017
1420.294424,-15.985042,-15.603302,3.255167
1420.295596,-16.006821,-15.583376,1.818401
1420.296767,-16.009384,-15.565681,1.125467
1420.297939,-16.013796,-15.567536,1.038242
1420.299111,-16.019413,-15.586220,1.484550
1420.300283,-15.986650,-15.587611,2.657509
1420.301455,-15.951977,-15.568943,3.210375
1420.302627,-15.981035,-15.562187,1.976090
1420.303799,-15.973521,-15.568258,2.443082
1420.304971,-15.946027,-15.568837,3.412748
1420.306142,-15.952052,-15.553435,2.672077
1420.307314,-15.962231,-15.531521,1.569525
1420.308486,-15.943785,-15.536423,2.370827
1420.309658,-15.913383,-15.545665,3.741306
1420.310830,-15.943598,-15.543284,2.613589
1420.312002,-15.955141,-15.550700,2.471387
1420.313174,-15.934988,-15.567857,3.761705
1420.314346,-15.944099,-15.556395,3.048811
1420.315517,-15.941772,-15.538038,2.495759
1420.316689,-15.895041,-15.558562,4.830141
1420.317861,-15.851704,-15.555216,6.235412
1420.319033,-15.916481,-15.530321,3.102232
1420.320205,-15.947702,-15.516336,1.547071
1420.321377,-15.924697,-15.543632,3.278511
1420.322549,-15.912150,-15.556044,4.145103
1420.323721,-15.913879,-15.540766,3.554059
1420.324892,-15.910704,-15.535749,3.490238
1420.326064,-15.914862,-15.481128,1.466049
1420.327236,-15.931319,-15.392302,-2.091796
1420.328408,-15.932312,-15.464445,0.303139
1420.329580,-15.899971,-15.534539,3.820742
1420.330752,-15.898572,-15.536158,3.925627
1420.331924,-15.935211,-15.519691,2.090368
1420.333096,-15.914145,-15.518425,2.772012
1420.334267,-15.860190,-15.531741,5.111246
1420.335439,-15.886430,-15.530394,4.147558
1420.336611,-15.909319,-15.517771,2.916013
1420.337783,-15.900412,-15.512894,3.055279
1420.338955,-15.891626,-15.499145,2.883775
1420.340127,-15.889611,-15.499644,2.970637
1420.341299,-15.858775,-15.517115,4.648980
1420.342471,-15.796288,-15.521668,7.009377
1420.343642,-15.846667,-15.509995,4.823361
1420.344814,-15.880346,-15.487218,2.861447
1420.345986,-15.854159,-15.493995,4.003870
1420.347158,-15.853304,-15.505539,4.435854
1420.348330,-15.862912,-15.505548,4.101309
1420.349502,-15.851315,-15.526198,5.228087
1420.350674,-15.830000,-15.526621,5.992327
1420.351846,-15.834332,-15.511099,5.294129
1420.353017,-15.822835,-15.503798,5.441457
1420.354189,-15.785419,-15.513781,7.115162
1420.355361,-15.788210,-15.494509,6.333819
1420.356533,-15.831064,-15.449551,3.262994
1420.357705,-15.838815,-15.464067,3.497409
1420.358877,-15.816031,-15.504285,5.697721
1420.360049,-15.816141,-15.515120,6.075443
1420.361221,-15.823736,-15.516851,5.868814
1420.362392,-15.814230,-15.518317,6.255723
1420.363564,-15.805119,-15.506151,6.147903
1420.364736,-15.820683,-15.457134,3.886197
1420.365908,-15.816651,-15.425898,2.943457
1420.367080,-15.803208,-15.485266,5.479879
1420.368252,-15.812227,-15.518237,6.323615
1420.369424,-15.817728,-15.515065,6.017580
1420.370596,-15.789896,-15.519180,7.147939
1420.371767,-15.766058,-15.514640,7.834768
1420.372939,-15.801663,-15.486392,5.573737
1420.374111,-15.801587,-15.478621,5.303532
1420.375283,-15.770244,-15.490763,6.836973
1420.376455,-15.800165,-15.496410,5.979090
1420.377627,-15.825677,-15.486561,4.737897
1420.378799,-15.814772,-15.494072,5.383056
1420.379971,-15.800872,-15.504304,6.232584
1420.381142,-15.802309,-15.502150,6.105852
1420.382314,-15.772735,-15.501934,7.144925
1420.383486,-15.726527,-15.497370,8.630865
1420.384658,-15.775251,-15.477186,6.179740
1420.385830,-15.818195,-15.463484,4.193690
1420.387002,-15.817314,-15.483248,4.914528
1420.388174,-15.815815,-15.497285,5.459244
1420.389346,-15.825395,-15.493122,4.977322
1420.390517,-15.831902,-15.496336,4.862066
1420.391689,-15.840004,-15.502413,4.791210
1420.392861,-15.839349,-15.506196,4.946503
1420.394033,-15.842354,-15.514877,5.145334
1420.395205,-15.848312,-15.509033,4.732193
1420.396377,-15.852831,-15.501421,4.308740
1420.397549,-15.858814,-15.497324,3.957758
1420.398721,-15.823230,-15.498924,5.256519
1420.399892,-15.782227,-15.503873,6.876931
1420.401064,-15.835004,-15.478239,4.122188
1420.402236,-15.868788,-15.446545,1.859612
1420.403408,-15.863953,-15.474850,3.000488
1420.404580,-15.843239,-15.494265,4.393666
1420.405752,-15.850325,-15.477783,3.573911
1420.406924,-15.861555,-15.479630,3.248729
1420.408096,-15.856647,-15.492453,3.863763
1420.409267,-15.869936,-15.482376,3.053821
1420.410439,-15.884391,-15.468345,2.072287
1420.411611,-15.871939,-15.485435,3.090354
1420.412783,-15.861281,-15.480986,3.305153
1420.413955,-15.883587,-15.476012,2.363509
1420.415127,-15.894030,-15.490661,2.508302
1420.416299,-15.893440,-15.501291,2.895261
1420.417471,-15.889868,-15.500216,2.981546
1420.418642,-15.887877,-15.495500,2.887395
1420.419814,-15.889736,-15.497547,2.893881
1420.420986,-15.892163,-15.497494,2.808252
1420.422158,-15.908049,-15.484804,1.825270
1420.423330,-15.933525,-15.485400,0.974636
1420.424502,-15.935154,-15.497861,1.344365
1420.425674,-15.937766,-15.510483,1.686855
1420.426846,-15.947292,-15.514196,1.487877
1420.428017,-15.903065,-15.508895,2.825501
1420.429189,-15.825887,-15.511473,5.603882
1420.430361,-15.881243,-15.491790,2.988395
1420.431533,-15.941815,-15.446563,-0.623311
1420.432705,-15.960178,-15.456987,-0.890777
1420.433877,-15.963983,-15.476171,-0.372185
1420.435049,-15.960157,-15.487768,0.149745
1420.436221,-15.924111,-15.511791,2.200301
1420.437392,-15.890126,-15.510912,3.342606
1420.438564,-15.922166,-15.487117,1.421072
1420.439736,-15.928934,-15.463120,0.372801
1420.440908,-15.924087,-15.457111,0.333401
1420.442080,-15.934919,-15.421980,-1.218562
1420.443252,-15.956240,-15.441565,-1.276845
1420.444424,-15.974278,-15.487328,-0.343087
1420.445596,-15.972464,-15.493168,-0.084211
1420.446767,-15.980793,-15.494194,-0.331199
1420.447939,-15.973085,-15.501833,0.188284
1420.449111,-15.957913,-15.510447,0.997071
1420.450283,-15.981752,-15.495644,-0.314635
1420.451455,-15.997940,-15.475397,-1.540750
1420.452627,-16.006939,-15.505728,-0.824119
1420.453799,-15.998003,-15.516914,-0.144882
1420.454971,-15.997253,-15.508895,-0.390637
1420.456142,-16.013464,-15.512262,-0.823796
1420.457314,-16.020573,-15.514639,-0.983070
1420.458486,-16.034613,-15.517282,-1.365988
1420.459658,-16.046659,-15.528673,-1.387963
1420.460830,-16.019178,-15.535255,-0.240746
1420.462002,-16.004286,-15.531379,0.132192
1420.463174,-16.019753,-15.527996,-0.505365
1420.464346,-16.028492,-15.532022,-0.664345
1420.465517,-16.027077,-15.528869,-0.722942
1420.466689,-16.013697,-15.524853,-0.407035
1420.467861,-16.027323,-15.521045,-0.994654
1420.469033,-16.038378,-15.528200,-1.125770
1420.470205,-16.033663,-15.540569,-0.550489
1420.471377,-16.045773,-15.536898,-1.081977
1420.472549,-16.040844,-15.524186,-1.343387
1420.473721,-16.034714,-15.523060,-1.175375
1420.474892,-16.055834,-15.528767,-1.692285
1420.476064,-16.060232,-15.532068,-1.728995
1420.477236,-16.017929,-15.537157,-0.134168
1420.478408,-15.982262,-15.541402,1.222515
1420.479580,-16.022312,-15.524082,-0.723686
1420.480752,-16.072269,-15.514298,-2.723179
1420.481924,-16.082924,-15.535234,-2.381012
1420.483096,-16.075829,-15.548539,-1.699721
1420.484267,-16.070469,-15.529432,-2.159189
1420.485439,-16.066502,-15.537614,-1.753220
1420.486611,-16.059559,-15.553418,-0.990036
1420.487783,-16.062721,-15.547971,-1.279370
1420.488955,-16.078966,-15.543833,-1.962060
1420.490127,-16.082998,-15.552334,-1.812658
1420.491299,-16.086716,-15.554455,-1.866049
1420.492471,-16.097376,-15.549769,-2.378253
1420.493642,-16.078114,-15.560514,-1.374969
1420.494814,-16.053049,-15.569954,-0.212754
1420.495986,-16.068356,-15.570877,-0.698355
1420.497158,-16.095940,-15.560369,-1.976687
1420.498330,-16.098690,-15.568408,-1.799870
1420.499502,-16.060640,-15.573181,-0.360258
1420.500674,-16.083544,-15.570441,-1.224031
1420.501846,-16.092539,-15.584717,-1.046578
1420.503017,-16.079716,-15.599049,-0.130617
1420.504189,-16.104652,-15.597145,-1.036002
1420.505361,-16.110029,-15.584999,-1.624071
1420.506533,-16.039389,-15.595304,1.112454
1420.507705,-15.959712,-15.585383,3.511929
1420.508877,-16.043756,-15.563413,-0.119678
1420.510049,-16.110172,-15.575159,-1.958049
1420.511221,-16.099205,-15.597939,-0.825948
1420.512392,-16.119616,-15.605842,-1.246583
1420.513564,-16.138866,-15.597495,-2.170352
1420.514736,-16.137127,-15.596980,-2.129494
1420.515908,-16.132090,-15.596243,-1.985894
1420.517080,-16.135466,-15.574995,-2.806236
1420.518252,-16.124212,-15.584703,-2.108194
1420.519424,-16.095522,-15.611468,-0.245158
1420.520596,-16.130566,-15.608953,-1.509549
1420.521767,-16.159580,-15.602422,-2.696166
1420.522939,-16.160044,-15.610008,-2.459157
1420.524111,-16.161612,-15.614479,-2.362462
1420.525283,-16.160480,-15.620684,-2.117812
1420.526455,-16.159050,-15.631201,-1.718457
1420.527627,-16.161234,-15.632487,-1.748494
1420.528799,-16.163340,-15.632154,-1.830103
1420.529971,-16.185783,-15.639429,-2.336524
1420.531142,-16.168240,-15.651545,-1.344639
1420.532314,-16.136890,-15.643134,-0.572845
1420.533486,-16.156538,-15.621996,-1.942306
1420.534658,-16.156427,-15.622388,-1.925507
1420.535830,-16.141193,-15.641433,-0.775257
1420.537002,-16.148279,-15.646265,-0.851162
1420.538174,-16.163799,-15.642625,-1.494873
1420.539346,-16.171650,-15.659781,-1.182586
1420.540517,-16.164478,-15.666953,-0.699930
1420.541689,-16.195524,-15.647560,-2.390170
1420.542861,-16.208288,-15.646590,-2.847006
1420.544033,-16.198801,-15.668386,-1.804302
1420.545205,-16.213688,-15.669100,-2.277644
1420.546377,-16.222822,-15.656581,-2.997817
1420.547549,-16.207615,-15.667030,-2.144102
1420.548721,-16.183437,-15.667782,-1.309749
1420.549892,-16.205013,-15.652661,-2.536285
1420.551064,-16.217516,-15.676475,-2.159345
1420.552236,-16.208876,-15.698886,-1.119459
1420.553408,-16.219730,-15.705155,-1.273480
1420.554580,-16.241512,-15.696420,-2.294472
1420.555752,-16.235474,-15.688014,-2.373361
1420.556924,-16.222551,-15.700624,-1.520096
1420.558096,-16.226683,-15.712195,-1.270535
1420.559267,-16.227169,-15.705466,-1.512582
1420.560439,-16.212717,-15.710950,-0.842845
1420.561611,-16.199923,-15.723240,0.004266
1420.562783,-16.213730,-15.724559,-0.418081
1420.563955,-16.176487,-15.716983,0.587208
1420.565127,-16.113438,-15.718632,2.803545
1420.566299,-16.196304,-15.714170,-0.180271
1420.567471,-16.250460,-15.700905,-2.443151
1420.568642,-16.243097,-15.718689,-1.603241
1420.569814,-16.242628,-15.729866,-1.212603
1420.570986,-16.246349,-15.739923,-0.999625
1420.572158,-16.194813,-15.746595,0.971486
1420.573330,-16.130066,-15.737392,2.877151
1420.574502,-16.198427,-15.717222,-0.148815
1420.575674,-16.238424,-15.725885,-1.205109
1420.576846,-16.212563,-15.741233,0.185672
1420.578017,-16.221508,-15.731469,-0.447385
1420.579189,-16.247593,-15.715065,-1.874972
1420.580361,-16.254921,-15.726658,-1.732311
1420.581533,-16.245789,-15.747933,-0.711054
1420.582705,-16.267508,-15.771369,-0.653192
1420.583877,-16.264750,-15.782704,-0.177238
1420.585049,-16.235561,-15.775064,0.553463
1420.586221,-16.269743,-15.757379,-1.199238
1420.587392,-16.296881,-15.734668,-2.864109
1420.588564,-16.283895,-15.755428,-1.739141
1420.589736,-16.261627,-15.778541,-0.212460
1420.590908,-16.274672,-15.784806,-0.441524
1420.592080,-16.300739,-15.783502,-1.362847
1420.593252,-16.296637,-15.784759,-1.182909
1420.594424,-16.286827,-15.790588,-0.656567
1420.595596,-16.297432,-15.802890,-0.599350
1420.596767,-16.281975,-15.808421,0.110276
1420.597939,-16.259567,-15.796091,0.452218
1420.599111,-16.296309,-15.787783,-1.070246
1420.600283,-16.311987,-15.789148,-1.550651
1420.601455,-16.299129,-15.805246,-0.577121
1420.602627,-16.282341,-15.815237,0.329027
1420.603799,-16.288536,-15.795951,-0.533337
1420.604971,-16.283178,-15.787699,-0.630972
1420.606142,-16.261417,-15.793242,0.292679
1420.607314,-16.311480,-15.799960,-1.170855
1420.608486,-16.342331,-15.814974,-1.701991
1420.609658,-16.324774,-15.838943,-0.305223
1420.610830,-16.319820,-15.829946,-0.441847
1420.612002,-16.345594,-15.809831,-1.983125
1420.613174,-16.329527,-15.824376,-0.956731
1420.614346,-16.288645,-15.830050,0.618116
1420.615517,-16.343315,-15.833622,-1.109489
1420.616689,-16.378296,-15.836319,-2.190556
1420.617861,-16.377943,-15.839348,-2.077698
1420.619033,-16.376022,-15.851786,-1.597497
1420.620205,-16.380295,-15.855471,-1.617173
1420.621377,-16.381237,-15.850714,-1.807932
1420.622549,-16.373711,-15.850065,-1.577685
1420.623721,-16.376631,-15.859136,-1.371486
1420.624892,-16.377083,-15.864974,-1.190658
1420.626064,-16.377005,-15.863216,-1.247063
1420.627236,-16.377357,-15.853563,-1.582675
1420.628408,-16.383911,-15.852816,-1.827080
1420.629580,-16.360415,-15.867814,-0.533846
1420.630752,-16.324656,-15.872932,0.852023
1420.631924,-16.369432,-15.870505,-0.747177
1420.633096,-16.384535,-15.855068,-1.772583
1420.634267,-16.383095,-15.852268,-1.818078
1420.635439,-16.399448,-15.854577,-2.287095
1420.636611,-16.419523,-15.874877,-2.279591
1420.637783,-16.378633,-15.894436,-0.250031
1420.638955,-16.321447,-15.898270,1.827559
1420.640127,-16.359196,-15.881162,-0.041494
1420.641299,-16.390846,-15.867763,-1.558870
1420.642471,-16.381250,-15.897417,-0.237713
1420.643642,-16.390877,-15.901525,-0.424167
1420.644814,-16.423346,-15.878162,-2.297486
1420.645986,-16.420553,-15.888657,-1.853868
1420.647158,-16.393707,-15.905258,-0.393700
1420.648330,-16.410452,-15.896640,-1.247865
1420.649502,-16.426636,-15.887347,-2.100837
1420.650674,-16.436615,-15.901198,-1.971531
1420.651846,-16.436565,-15.907930,-1.744757
1420.653017,-16.451090,-15.905056,-2.325850
1420.654189,-16.455770,-15.914822,-2.156254
1420.655361,-16.452877,-15.922495,-1.803216
1420.656533,-16.455143,-15.925524,-1.777690
1420.657705,-16.459597,-15.929284,-1.800888
1420.658877,-16.435593,-15.937591,-0.716005
1420.660049,-16.416134,-15.934621,-0.159235
1420.661221,-16.460995,-15.922538,-2.073080
1420.662392,-16.479332,-15.926012,-2.568494
1420.663564,-16.471691,-15.943532,-1.728828
1420.664736,-16.474993,-15.954505,-1.471861
1420.665908,-16.462477,-15.950060,-1.201009
1420.667080,-16.426743,-15.967579,0.598792
1420.668252,-16.407907,-15.978452,1.612457
1420.669424,-16.459562,-15.951146,-1.066557
1420.670596,-16.452232,-15.946078,-0.990486
1420.671767,-16.403917,-15.970003,1.459885
1420.672939,-16.438980,-15.960854,-0.044625
1420.674111,-16.474981,-15.943972,-1.824203
1420.675283,-16.492491,-15.961112,-1.836551
1420.676455,-16.492592,-15.977428,-1.293234
1420.677627,-16.499462,-15.967294,-1.862958
1420.678799,-16.493401,-15.965071,-1.734542
1420.679971,-16.475992,-15.974047,-0.848843
1420.681142,-16.495335,-15.977362,-1.387512
1420.682314,-16.507648,-15.977114,-1.808324
1420.683486,-16.491856,-16.007036,-0.271047
1420.684658,-16.469997,-16.009272,0.545675
1420.685830,-16.505644,-15.976164,-1.773033
1420.687002,-16.514513,-15.964910,-2.444775
1420.688174,-16.495592,-15.978357,-1.362749
1420.689346,-16.495960,-15.993912,-0.852316
1420.690517,-16.519878,-16.001549,-1.399478
1420.691689,-16.508621,-15.995819,-1.213944
1420.692861,-16.482433,-15.994226,-0.385550
1420.694033,-16.519815,-16.006771,-1.222084
1420.695205,-16.530882,-16.003782,-1.693371
1420.696377,-16.515944,-16.015024,-0.814286
1420.697549,-16.529844,-16.001909,-1.721334
1420.698721,-16.527006,-15.964779,-2.864588
1420.699892,-16.501696,-15.984974,-1.345529
1420.701064,-16.488834,-16.003000,-0.305350
1420.702236,-16.529362,-16.004475,-1.619277
1420.703408,-16.541924,-16.019503,-1.536651
1420.704580,-16.530016,-16.031307,-0.739819
1420.705752,-16.531998,-16.020649,-1.165121
1420.706924,-16.526554,-15.999960,-1.676445
1420.708096,-16.508144,-16.006893,-0.825469
1420.709267,-16.504299,-16.009003,-0.624798
1420.710439,-16.543877,-16.001198,-2.213979
1420.711611,-16.550819,-16.016045,-1.950084
1420.712783,-16.521595,-16.030663,-0.477549
1420.713955,-16.539757,-16.037516,-0.858803
1420.715127,-16.578577,-16.035789,-2.217599
1420.716299,-16.582014,-16.040504,-2.174970
1420.717471,-16.558311,-16.050165,-1.057487
1420.718642,-16.563097,-16.051491,-1.173771
1420.719814,-16.574894,-16.049664,-1.630783
1420.720986,-16.568237,-16.057671,-1.138842
1420.722158,-16.580364,-16.073692,-1.007902
1420.723330,-16.596815,-16.072502,-1.600051
1420.724502,-16.579794,-16.060303,-1.438438
1420.725674,-16.536152,-16.054470,-0.164949
1420.726846,-16.550365,-16.040554,-1.113462
1420.728017,-16.593075,-16.053150,-2.122078
1420.729189,-16.588974,-16.083199,-0.977747
1420.730361,-16.557842,-16.084541,0.118837
1420.731533,-16.565777,-16.057341,-1.067232
1420.732705,-16.570681,-16.047132,-1.574427
1420.733877,-16.560064,-16.063772,-0.658367
1420.735049,-16.575182,-16.079266,-0.645697
1420.736221,-16.566494,-16.074022,-0.529502
1420.737392,-16.545332,-16.075798,0.246577
1420.738564,-16.540319,-16.056425,-0.239777
1420.739736,-16.570621,-16.027908,-2.215124
1420.740908,-16.600452,-16.050365,-2.460879
1420.742080,-16.595621,-16.074564,-1.490949
1420.743252,-16.585535,-16.082640,-0.880827
1420.744424,-16.572426,-16.073444,-0.749007
1420.745596,-16.584696,-15.904066,-6.743271
1420.746767,-16.596233,-15.646094,-15.187467
1420.747939,-16.595144,-15.853986,-8.685626
1420.749111,-16.558489,-16.069647,-0.406967
1420.750283,-16.520851,-16.083866,1.354892
1420.751455,-16.562662,-16.052149,-1.137051
1420.752627,-16.597954,-16.055447,-2.208246
1420.753799,-16.602938,-16.083868,-1.424300
1420.754971,-16.602365,-16.091665,-1.143332
1420.756142,-16.613367,-16.083784,-1.776477
1420.757314,-16.609013,-16.090723,-1.398138
1420.758486,-16.613825,-16.101044,-1.213239
1420.759658,-16.633018,-16.106945,-1.659010
1420.760830,-16.636507,-16.106794,-1.780821
1420.762002,-16.600069,-16.102629,-0.697073
1420.763174,-16.559122,-16.083239,0.031328
1420.764346,-16.596346,-16.069414,-1.687745
1420.765517,-16.598639,-16.088379,-1.128529
1420.766689,-16.560833,-16.090734,0.227420
1420.767861,-16.589277,-16.075706,-1.239764
1420.769033,-16.613543,-16.069374,-2.263653
1420.770205,-16.603535,-16.081587,-1.520800
1420.771377,-16.597836,-16.061485,-2.002723
1420.772549,-16.626795,-16.050423,-3.333527
1420.773721,-16.629341,-16.082729,-2.345105
1420.774892,-16.604359,-16.110458,-0.577708
1420.776064,-16.614428,-16.103518,-1.150387
1420.777236,-16.625111,-16.092743,-1.869621
1420.778408,-16.616087,-16.111704,-0.930902
1420.779580,-16.613329,-16.112961,-0.795725
1420.780752,-16.634531,-16.051571,-3.551417
1420.781924,-16.629051,-16.019150,-4.439044
1420.783096,-16.601160,-16.071703,-1.772269
1420.784267,-16.622877,-16.099276,-1.576217
1420.785439,-16.650318,-16.109743,-2.143779
1420.786611,-16.665953,-16.121500,-2.273134
1420.787783,-16.668694,-16.129181,-2.108322
1420.788955,-16.655014,-16.138117,-1.351419
1420.790127,-16.638962,-16.137873,-0.820009
1420.791299,-16.632282,-16.122791,-1.102690
1420.792471,-16.635910,-16.117237,-1.410994
1420.793642,-16.651155,-16.114685,-2.006734
1420.794814,-16.630314,-16.118732,-1.172939
1420.795986,-16.559452,-16.118931,1.234079
1420.797158,-16.594727,-16.087460,-1.027920
1420.798330,-16.618198,-15.984314,-5.224584
1420.799502,nan,nan,nan
1420.800674,nan,nan,nan
1420.801846,nan,nan,nan
1420.803017,nan,nan,nan
1420.804189,nan,nan,nan
1420.805361,nan,nan,nan
1420.806533,nan,nan,nan
1420.807705,nan,nan,nan
1420.808877,nan,nan,nan
1420.810049,nan,nan,nan
1420.811221,nan,nan,nan
1420.812392,nan,nan,nan
1420.813564,nan,nan,nan
1420.814736,nan,nan,nan
1420.815908,nan,nan,nan
1420.817080,nan,nan,nan
1420.818252,nan,nan,nan
1420.819424,nan,nan,nan
1420.820596,nan,nan,nan
1420.821767,nan,nan,nan
1420.822939,nan,nan,nan
1420.824111,nan,nan,nan
1420.825283,nan,nan,nan
1420.826455,nan,nan,nan
1420.827627,nan,nan,nan
1420.828799,nan,nan,nan
1420.829971,nan,nan,nan
1420.831142,nan,nan,nan
1420.832314,nan,nan,nan
1420.833486,nan,nan,nan
1420.834658,nan,nan,nan
1420.835830,nan,nan,nan
1420.837002,nan,nan,nan
1420.838174,nan,nan,nan
1420.839346,nan,nan,nan
1420.840517,nan,nan,nan
1420.841689,nan,nan,nan
1420.842861,nan,nan,nan
1420.844033,nan,nan,nan
1420.845205,nan,nan,nan
1420.846377,nan,nan,nan
1420.847549,nan,nan,nan
1420.848721,nan,nan,nan
1420.849892,nan,nan,nan
1420.851064,nan,nan,nan
1420.852236,nan,nan,nan
1420.853408,nan,nan,nan
1420.854580,nan,nan,nan
1420.855752,nan,nan,nan
1420.856924,nan,nan,nan
1420.858096,nan,nan,nan
1420.859267,nan,nan,nan
1420.860439,nan,nan,nan
1420.861611,nan,nan,nan
1420.862783,nan,nan,nan
1420.863955,nan,nan,nan
1420.865127,nan,nan,nan
1420.866299,nan,nan,nan
1420.867471,nan,nan,nan
1420.868642,nan,nan,nan
1420.869814,nan,nan,nan
1420.870986,nan,nan,nan
1420.872158,nan,nan,nan
1420.873330,nan,nan,nan
1420.874502,nan,nan,nan
1420.875674,nan,nan,nan
1420.876846,nan,nan,nan
1420.878017,nan,nan,nan
1420.879189,nan,nan,nan
1420.880361,nan,nan,nan
1420.881533,nan,nan,nan
1420.882705,nan,nan,nan
1420.883877,nan,nan,nan
1420.885049,nan,nan,nan
1420.886221,nan,nan,nan
1420.887392,nan,nan,nan
1420.888564,nan,nan,nan
1420.889736,nan,nan,nan
1420.890908,nan,nan,nan
1420.892080,nan,nan,nan
1420.893252,nan,nan,nan
1420.894424,nan,nan,nan
1420.895596,nan,nan,nan
1420.896767,nan,nan,nan
1420.897939,nan,nan,nan
1420.899111,-16.562527,-16.064060,-0.731660
1420.900283,-16.578409,-16.046961,-1.838879
1420.901455,-16.549200,-16.053822,-0.627558
1420.902627,-16.508015,-16.058004,0.910375
1420.903799,-16.549236,-16.044291,-0.949834
1420.904971,-16.572968,-16.035830,-2.029032
1420.906142,-16.571091,-16.052864,-1.396025
1420.907314,-16.575397,-16.055414,-1.454944
1420.908486,-16.578733,-16.038429,-2.134738
1420.909658,-16.541441,-16.036066,-0.964275
1420.910830,-16.483990,-16.039871,1.111280
1420.912002,-16.537592,-16.025949,-1.174994
1420.913174,-16.569216,-16.012825,-2.670639
1420.914346,-16.549763,-16.033628,-1.325824
1420.915517,-16.549110,-16.037672,-1.168135
1420.916689,-16.557568,-16.034685,-1.552119
1420.917861,-16.546982,-16.029423,-1.373629
1420.919033,-16.520212,-16.026142,-0.583432
1420.920205,-16.490099,-16.023027,0.330133
1420.921377,-16.499165,-16.014303,-0.272466
1420.922549,-16.513878,-16.003767,-1.123530
1420.923721,-16.508043,-15.982071,-1.655624
1420.924892,-16.523817,-15.996216,-1.710160
1420.926064,-16.519663,-16.008093,-1.172557
1420.927236,-16.497648,-16.009666,-0.377918
1420.928408,-16.521776,-16.000517,-1.497720
1420.929580,-16.532114,-15.978941,-2.563612
1420.930752,-16.508469,-15.992064,-1.334874
1420.931924,-16.480797,-16.004425,0.014793
1420.933096,-16.509260,-15.992860,-1.334747
1420.934267,-16.526571,-15.985086,-2.174139
1420.935439,-16.513391,-16.000721,-1.209521
1420.936611,-16.514719,-16.002056,-1.209267
1420.937783,-16.508028,-15.992145,-1.317400
1420.938955,-16.474873,-16.007660,0.325339
1420.940127,-16.452736,-16.010504,1.175659
1420.941299,-16.484592,-15.992785,-0.507067
1420.942471,-16.496899,-15.983419,-1.236682
1420.943642,-16.472996,-15.988254,-0.268444
1420.944814,-16.492077,-15.987340,-0.942809
1420.945986,-16.510292,-15.963617,-2.347208
1420.947158,-16.496845,-15.971031,-1.650321
1420.948330,-16.484186,-15.980700,-0.900728
1420.949502,-16.504959,-15.969787,-1.963371
1420.950674,-16.508852,-15.974320,-1.941954
1420.951846,-16.491882,-15.994377,-0.699255
1420.953017,-16.483963,-15.991631,-0.524806
1420.954189,-16.482040,-15.978128,-0.915042
1420.955361,-16.460876,-15.980602,-0.117320
1420.956533,-16.437717,-15.970668,0.330876
1420.957705,-16.467758,-15.945980,-1.515116
1420.958877,-16.483107,-15.931091,-2.525072
1420.960049,-16.485304,-15.953133,-1.863046
1420.961221,-16.491983,-15.962381,-1.777113
1420.962392,-16.488764,-15.944271,-2.274464
1420.963564,-16.457239,-15.948027,-1.093326
1420.964736,-16.422773,-15.942210,-0.127104
1420.965908,-16.439861,-15.922001,-1.383736
1420.967080,-16.402931,-15.923033,-0.104611
1420.968252,-16.350994,-15.937910,2.174051
1420.969424,-16.409214,-15.922974,-0.319077
1420.970596,-16.463688,-15.890938,-3.213594
1420.971767,-16.461824,-15.913942,-2.387440
1420.972939,-16.445099,-15.931141,-1.252757
1420.974111,-16.451286,-15.923021,-1.732380
1420.975283,-16.439131,-15.918260,-1.484707
1420.976455,-16.414888,-15.918077,-0.675851
1420.977627,-16.435621,-15.909922,-1.646496
1420.978799,-16.440924,-15.891627,-2.434551
1420.979971,-16.414003,-15.893487,-1.472819
1420.981142,-16.406311,-15.901137,-0.957504
1420.982314,-16.438326,-15.898443,-2.120669
1420.983486,-16.449270,-15.902419,-2.353089
1420.984658,-16.439699,-15.906205,-1.907270
1420.985830,-16.425600,-15.900688,-1.620108
1420.987002,-16.425388,-15.885104,-2.134073
1420.988174,-16.406380,-15.883045,-1.567274
1420.989346,-16.395605,-15.887841,-1.044621
1420.990517,-16.412390,-15.880443,-1.855561
1420.991689,-16.420824,-15.885057,-1.983223
1420.992861,-16.387440,-15.898967,-0.394502
1420.994033,-16.356428,-15.896324,0.566818
1420.995205,-16.384480,-15.868813,-1.310140
1420.996377,-16.364073,-15.869179,-0.611218
1420.997549,-16.322849,-15.883377,1.269908
1420.998721,-16.365831,-15.860804,-0.952593
1420.999892,-16.402739,-15.848432,-2.601339
1421.001064,-16.405184,-15.858532,-2.346445
1421.002236,-16.392000,-15.863146,-1.752095
1421.003408,-16.380955,-15.851970,-1.756468
1421.004580,-16.351152,-15.846528,-0.939022
1421.005752,-16.314457,-15.851317,0.463655
1421.006924,-16.353424,-15.836991,-1.335833
1421.008096,-16.380859,-15.830067,-2.484380
1421.009267,-16.359543,-15.851937,-1.039299
1421.010439,-16.349871,-15.850406,-0.765297
1421.011611,-16.361197,-15.835776,-1.637133
1421.012783,-16.356441,-15.846900,-1.104392
1421.013955,-16.340120,-15.848218,-0.510286
1421.015127,-16.327955,-15.833725,-0.588832
1421.016299,-16.360472,-15.826091,-1.936915
1421.017471,-16.377281,-15.829572,-2.381687
1421.018642,-16.366631,-15.836046,-1.809977
1421.019814,-16.372227,-15.843629,-1.743514
1421.020986,-16.377108,-15.838166,-2.089252
1421.022158,-16.369421,-15.833183,-1.998966
1421.023330,-16.349045,-15.830889,-1.393657
1421.024502,-16.336121,-15.819169,-1.353249
1421.025674,-16.300648,-15.825541,0.057628
1421.026846,-16.239094,-15.811434,1.673950
1421.028017,-16.282944,-15.778789,-0.923231
1421.029189,-16.316067,-15.790438,-1.644128
1421.030361,-16.298615,-15.812798,-0.304773
1421.031533,-16.302397,-15.812037,-0.458235
1421.032705,-16.314621,-15.807122,-1.035708
1421.033877,-16.294884,-15.807224,-0.367028
1421.035049,-16.255793,-15.773375,-0.189849
1421.036221,-16.303228,-15.735376,-3.051248
1421.037392,-16.312258,-15.751369,-2.820110
1421.038564,-16.272778,-15.768880,-0.914562
1421.039736,-16.284273,-15.760350,-1.586980
1421.040908,-16.309921,-15.746700,-2.897580
1421.042080,-16.323780,-15.761653,-2.861261
1421.043252,-16.322649,-15.786223,-2.005237
1421.044424,-16.317999,-15.790117,-1.719543
1421.045596,-16.283743,-15.786105,-0.703726
1421.046767,-16.243917,-15.782749,0.530637
1421.047939,-16.282967,-15.764165,-1.415319
1421.049111,-16.307060,-15.749186,-2.719970
1421.050283,-16.300772,-15.757203,-2.243654
1421.051455,-16.287285,-15.758404,-1.752995
1421.052627,-16.283070,-15.760956,-1.526367
1421.053799,-16.281145,-15.762549,-1.408401
1421.054971,-16.271261,-15.749868,-1.502201
1421.056142,-16.267948,-15.736409,-1.841902
1421.057314,-16.286560,-15.746636,-2.122039
1421.058486,-16.283686,-15.767650,-1.322527
1421.059658,-16.259066,-15.769440,-0.433442
1421.060830,-16.265377,-15.750866,-1.271337
1421.062002,-16.259096,-15.743210,-1.317498
1421.063174,-16.230791,-15.744067,-0.335416
1421.064346,-16.244143,-15.736051,-1.055658
1421.065517,-16.261230,-15.713921,-2.368371
1421.066689,-16.246035,-15.721225,-1.616694
1421.067861,-16.227425,-15.725204,-0.858099
1421.069033,-16.243994,-15.711590,-1.870834
1421.070205,-16.239492,-15.709671,-1.784460
1421.071377,-16.235048,-15.728319,-1.009829
1421.072549,-16.261374,-15.740152,-1.496438
1421.073721,-16.266699,-15.721189,-2.308366
1421.074892,-16.243406,-15.713807,-1.777025
1421.076064,-16.202658,-15.700050,-0.871131
1421.077236,-16.234865,-15.672141,-2.881084
1421.078408,-16.262352,-15.678551,-3.579214
1421.079580,-16.247112,-15.716348,-1.816004
1421.080752,-16.231421,-15.720678,-1.144741
1421.081924,-16.231117,-15.696901,-1.931407
1421.083096,-16.230322,-15.693913,-2.004699
1421.084267,-16.251026,-15.705142,-2.320850
1421.085439,-16.249302,-15.708612,-2.147604
1421.086611,-16.222462,-15.713658,-1.079580
1421.087783,-16.210381,-15.710743,-0.771119
1421.088955,-16.212709,-15.691380,-1.500088
1421.090127,-16.222982,-15.688361,-1.944948
1421.091299,-16.169506,-15.703219,0.356775
1421.092471,-16.084869,-15.697904,3.074368
1421.093642,-16.152920,-15.675756,-0.012015
1421.094814,-16.206955,-15.659828,-2.362266
1421.095986,-16.210526,-15.663281,-2.366180
1421.097158,-16.210094,-15.675773,-1.934939
1421.098330,-16.205675,-15.671350,-1.935037
1421.099502,-16.176756,-15.681582,-0.620640
1421.100674,-16.150160,-15.682652,0.315300
1421.101846,-16.192266,-15.667780,-1.605863
1421.103017,-16.198696,-15.674844,-1.584622
1421.104189,-16.161846,-15.685810,0.026162
1421.105361,-16.178118,-15.667215,-1.150123
1421.106533,-16.207502,-15.651937,-2.643205
1421.107705,-16.216263,-15.682277,-1.923726
1421.108877,-16.210350,-15.698753,-1.173458
1421.110049,-16.216122,-15.682161,-1.922865
1421.111221,-16.203205,-15.665187,-2.058433
1421.112392,-16.168983,-15.666363,-0.871581
1421.113564,-16.197670,-15.673090,-1.608994
1421.114736,-16.220743,-15.669774,-2.490251
1421.115908,-16.199648,-15.682826,-1.348895
1421.117080,-16.188656,-15.695490,-0.552925
1421.118252,-16.203753,-15.686228,-1.372474
1421.119424,-16.211763,-15.681125,-1.811797
1421.120596,-16.210587,-15.685043,-1.641252
1421.121767,-16.207619,-15.682877,-1.614424
1421.122939,-16.212605,-15.663568,-2.425872
1421.124111,-16.199476,-15.654579,-2.287947
1421.125283,-16.182667,-15.658972,-1.579348
1421.126455,-16.195667,-15.675264,-1.469013
1421.127627,-16.200798,-15.678936,-1.517924
1421.128799,-16.187874,-15.675993,-1.182997
1421.129971,-16.172239,-15.657987,-1.262658
1421.131142,-16.188789,-15.646576,-2.198452
1421.132314,-16.174955,-15.664326,-1.140955
1421.133486,-16.136509,-15.678055,0.622920
1421.134658,-16.162876,-15.667132,-0.639876
1421.135830,-16.195381,-15.663124,-1.865922
1421.137002,-16.212475,-15.674206,-2.066808
1421.138174,-16.209288,-15.679678,-1.777377
1421.139346,-16.194237,-15.672077,-1.527894
1421.140517,-16.183889,-15.678183,-0.975438
1421.141689,-16.158401,-15.677355,-0.143463
1421.142861,-16.185860,-15.662173,-1.579064
1421.144033,-16.202372,-15.641856,-2.807723
1421.145205,-16.176867,-15.644208,-1.879346
1421.146377,-16.163792,-15.666502,-0.691995
1421.147549,-16.190937,-15.677414,-1.238159
1421.148721,-16.208178,-15.681170,-1.690299
1421.149892,-16.212177,-15.683857,-1.734229
1421.151064,-16.211163,-15.673038,-2.061965
1421.152236,-16.203770,-15.661493,-2.200546
1421.153408,-16.182171,-15.668074,-1.257434
1421.154580,-16.189217,-15.670615,-1.408597
1421.155752,-16.210274,-15.672469,-2.051291
1421.156924,-16.195377,-15.673992,-1.501937
1421.158096,-16.168192,-15.668352,-0.777928
1421.159267,-16.188549,-15.675440,-1.224256
1421.160439,-16.200655,-15.662264,-2.070878
1421.161611,-16.186737,-15.658902,-1.717978
1421.162783,-16.153057,-15.655005,-0.717708
1421.163955,-16.157207,-15.619268,-2.055781
1421.165127,-16.183880,-15.472803,-7.723690
1421.166299,-16.177996,-15.271248,-13.863091
1421.167471,-16.194580,-15.465666,-8.294901
1421.168642,-16.205109,-15.638595,-3.006867
1421.169814,-16.178505,-15.666878,-1.174475
1421.170986,-16.141256,-15.675225,0.365453
1421.172158,-16.153791,-15.656078,-0.706270
1421.173330,-16.173540,-15.653179,-1.467605
1421.174502,-16.167957,-15.668362,-0.769700
1421.175674,-16.198689,-15.668134,-1.808989
1421.176846,-16.213848,-15.655951,-2.720704
1421.178017,-16.211864,-15.678141,-1.914960
1421.179189,-16.220133,-15.690541,-1.776770
1421.180361,-16.221807,-15.685347,-2.006411
1421.181533,-16.214201,-15.694032,-1.461177
1421.182705,-16.199032,-15.705210,-0.575066
1421.183877,-16.218035,-15.708741,-1.096056
1421.185049,-16.233971,-15.699236,-1.948744
1421.186221,-16.209892,-15.690188,-1.445571
1421.187392,-16.175966,-15.689054,-0.341795
1421.188564,-16.201889,-15.686493,-1.301041
1421.189736,-16.230419,-15.687206,-2.231786
1421.190908,-16.236244,-15.700568,-1.980190
1421.192080,-16.246222,-15.698544,-2.380631
1421.193252,-16.264347,-15.690231,-3.258826
1421.194424,-16.248329,-15.719725,-1.743739
1421.195596,-16.209118,-15.738562,0.211893
1421.196767,-16.224672,-15.720293,-0.930774
1421.197939,-16.218739,-15.705763,-1.219775
1421.199111,-16.194878,-15.716533,-0.052022
1421.200283,-16.236694,-15.714654,-1.523902
1421.201455,-16.263386,-15.697411,-2.988992
1421.202627,-16.257866,-15.707277,-2.477581
1421.203799,-16.253157,-15.730571,-1.542188
1421.204971,-16.265663,-15.733012,-1.879092
1421.206142,-16.271029,-15.738020,-1.891048
1421.207314,-16.251144,-15.746353,-0.944638
1421.208486,-16.251545,-15.751694,-0.778310
1421.209658,-16.277842,-15.733719,-2.262126
1421.210830,-16.278379,-15.735035,-2.236179
1421.212002,-16.260683,-15.756284,-0.931449
1421.213174,-16.264036,-15.759680,-0.930001
1421.214346,-16.273590,-15.762577,-1.153841
1421.215517,-16.281626,-15.769421,-1.193896
1421.216689,-16.289503,-15.768984,-1.472908
1421.217861,-16.302080,-15.764936,-2.029227
1421.219033,-16.297260,-15.770691,-1.675613
1421.220205,-16.299723,-15.784596,-1.291981
1421.221377,-16.309713,-15.786277,-1.570689
1421.222549,-16.309038,-15.787178,-1.517865
1421.223721,-16.307922,-15.801086,-1.013420
1421.224892,-16.300701,-15.787218,-1.236819
1421.226064,-16.298733,-15.760561,-2.063560
1421.227236,-16.271235,-15.779797,-0.494612
1421.228408,-16.244448,-15.788124,0.695390
1421.229580,-16.292969,-15.781735,-1.161247
1421.230752,-16.306828,-15.780560,-1.665526
1421.231924,-16.292776,-15.808870,-0.240159
1421.233096,-16.323294,-15.810087,-1.227524
1421.234267,-16.338951,-15.787009,-2.522636
1421.235439,-16.331255,-15.814178,-1.357436
1421.236611,-16.311676,-15.833536,-0.045085
1421.237783,-16.326208,-15.822166,-0.919415
1421.238955,-16.304953,-15.825629,-0.085141
1421.240127,-16.264900,-15.832372,1.507289
1421.241299,-16.324699,-15.814604,-1.123011
1421.242471,-16.363008,-15.802426,-2.809944
1421.243642,-16.359760,-15.830868,-1.753376
1421.244814,-16.346962,-15.851345,-0.635600
1421.245986,-16.358955,-15.859913,-0.751061
1421.247158,-16.387028,-15.866032,-1.488895
1421.248330,-16.388433,-15.874905,-1.238355
1421.249502,-16.394245,-15.879805,-1.268969
1421.250674,-16.380280,-15.875504,-0.944120
1421.251846,-16.345055,-15.877707,0.320740
1421.253017,-16.322094,-15.879953,1.178790
1421.254189,-16.386297,-15.870964,-1.298928
1421.255361,-16.411873,-15.876246,-1.978536
1421.256533,-16.407856,-15.902514,-0.963150
1421.257705,-16.424200,-15.912566,-1.174700
1421.258877,-16.440458,-15.904836,-1.978409
1421.260049,-16.438314,-15.914881,-1.570591
1421.261221,-16.440264,-15.927780,-1.203250
1421.262392,-16.455616,-15.931567,-1.591196
1421.263564,-16.463512,-15.921648,-2.186809
1421.264736,-16.456823,-15.917204,-2.111883
1421.265908,-16.434021,-15.918587,-1.302323
1421.267080,-16.446850,-15.912035,-1.951415
1421.268252,-16.448772,-15.925823,-1.554360
1421.269424,-16.431252,-15.938450,-0.540636
1421.270596,-16.472984,-15.938310,-1.946738
1421.271767,-16.504627,-15.949983,-2.612561
1421.272939,-16.499630,-15.977403,-1.530164
1421.274111,-16.505114,-15.978527,-1.676190
1421.275283,-16.519245,-15.974504,-2.282732
1421.276455,-16.520130,-16.005711,-1.268265
1421.277627,-16.512512,-16.016092,-0.662672
1421.278799,-16.537094,-16.008553,-1.741636
1421.279971,-16.554405,-16.002314,-2.527616
1421.281142,-16.545084,-16.013636,-1.838879
1421.282314,-16.518385,-16.020050,-0.727218
1421.283486,-16.527069,-16.018761,-1.062937
1421.284658,-16.550196,-16.024639,-1.641702
1421.285830,-16.565386,-16.053274,-1.190756
1421.287002,-16.583027,-16.067369,-1.309818
1421.288174,-16.595715,-16.057648,-2.060057
1421.289346,-16.593306,-16.066177,-1.694320
1421.290517,-16.584398,-16.072624,-1.179416
1421.291689,-16.600899,-16.056164,-2.282546
1421.292861,-16.588766,-16.070841,-1.385918
1421.294033,-16.555008,-16.093437,0.516959
1421.295205,-16.577150,-16.086428,-0.470475
1421.296377,-16.608816,-16.077286,-1.841619
1421.297549,-16.598171,-16.100273,-0.712502
1421.298721,-16.581404,-16.112675,0.273884
1421.299892,-16.620792,-16.097511,-1.565484
1421.301064,-16.636059,-16.114031,-1.523491
1421.302236,-16.626265,-16.132715,-0.565859
1421.303408,-16.641811,-16.135319,-1.001875
1421.304580,-16.648170,-16.138422,-1.111349
1421.305752,-16.646273,-16.150928,-0.626403
1421.306924,-16.647245,-16.165041,-0.182629
1421.308096,-16.673904,-16.167063,-1.013616
1421.309267,-16.685213,-16.180183,-0.952661
1421.310439,-16.673489,-16.204073,0.250589
1421.311611,-16.696659,-16.206808,-0.441045
1421.312783,-16.722166,-16.197292,-1.618836
1421.313955,-16.722275,-16.207088,-1.293997
1421.315127,-16.731302,-16.232277,-0.750484
1421.316299,-16.748621,-16.238806,-1.113589
1421.317471,-16.744097,-16.241043,-0.886159
1421.318642,-16.734940,-16.241890,-0.549002
1421.319814,-16.756523,-16.244936,-1.173135
1421.320986,-16.792908,-16.260071,-1.885304
1421.322158,-16.771996,-16.284584,-0.358653
1421.323330,-16.727579,-16.285856,1.193045
1421.324502,-16.771229,-16.287865,-0.221843
1421.325674,-16.794882,-16.300278,-0.601444
1421.326846,-16.800186,-16.321396,-0.067099
1421.328017,-16.832233,-16.322306,-1.117375
1421.329189,-16.862326,-16.324984,-2.035851
1421.330361,-16.848537,-16.347263,-0.826242
1421.331533,-16.807507,-16.357323,0.904455
1421.332705,-16.825560,-16.351902,0.106754
1421.333877,-16.832079,-16.363510,0.279315
1421.335049,-16.808981,-16.374504,1.440640
1421.336221,-16.850302,-16.364996,-0.287494
1421.337392,-16.900660,-16.354378,-2.334108
1421.338564,-16.920259,-16.387066,-1.897231
1421.339736,-16.916138,-16.413706,-0.865221
1421.340908,-16.933064,-16.423243,-1.113785
1421.342080,-16.937557,-16.443756,-0.574362
1421.343252,-16.928251,-16.455509,0.137779
1421.344424,-16.954376,-16.448883,-0.968247
1421.345596,-16.975388,-16.461355,-1.255262
1421.346767,-16.980907,-16.481392,-0.766999
1421.347939,-16.987892,-16.493113,-0.607363
1421.349111,-17.003252,-16.494019,-1.094031
1421.350283,-16.999872,-16.500500,-0.762186
1421.351455,-16.990082,-16.522041,0.297249
1421.352627,-17.006832,-16.530434,0.013893
1421.353799,-17.033636,-16.523096,-1.137951
1421.354971,-17.047165,-16.551325,-0.643124
1421.356142,-17.055542,-16.583059,0.146575
1421.357314,-17.076542,-16.585670,-0.475494
1421.358486,-17.075363,-16.592272,-0.212627
1421.359658,-17.052746,-16.603006,0.919601
1421.360830,-17.056911,-16.600437,0.690263
1421.362002,-17.087227,-16.596521,-0.469888
1421.363174,-17.070702,-16.617134,0.789209
1421.364346,-17.021954,-16.618219,2.495720
1421.365517,-17.089466,-16.615211,0.086520
1421.366689,-17.139475,-16.634941,-0.935970
1421.367861,-17.136322,-16.664106,0.155625
1421.369033,-17.160042,-16.671686,-0.390539
1421.370205,-17.178381,-16.678398,-0.782742
1421.371377,-17.161295,-16.684210,-0.009363
1421.372549,-17.119772,-16.690224,1.609287
1421.373721,-17.162346,-16.705629,0.682025
1421.374892,-17.210129,-16.727808,-0.186562
1421.376064,-17.206844,-16.745300,0.517869
1421.377236,-17.227943,-16.747742,-0.114874
1421.378408,-17.277195,-16.758904,-1.398197
1421.379580,-17.293886,-16.777937,-1.319611
1421.380752,-17.286337,-16.796860,-0.428413
1421.381924,-17.290419,-16.812603,-0.034107
1421.383096,-17.302475,-16.827976,0.078243
1421.384267,-17.319300,-16.847664,0.175291
1421.385439,-17.338976,-16.842628,-0.660226
1421.386611,-17.349886,-16.845604,-0.927497
1421.387783,-17.310986,-16.865583,1.067487
1421.388955,-17.271765,-16.869732,2.554327
1421.390127,-17.333511,-16.864277,0.256733
1421.391299,-17.376326,-16.859621,-1.344962
1421.392471,-17.382029,-16.883303,-0.740397
1421.393642,-17.398335,-16.896908,-0.831378
1421.394814,-17.417448,-16.893848,-1.576149
1421.395986,-17.407015,-16.922661,-0.255314
1421.397158,-17.380316,-16.958132,1.861637
1421.398330,-17.432596,-16.965744,0.337578
1421.399502,-17.454149,-16.956436,-0.706270
1421.400674,-17.424114,-16.971624,0.825899
1421.401846,-17.425768,-16.982841,1.151962
1421.403017,-17.459030,-16.974464,-0.262476
1421.404189,-17.478794,-16.999195,-0.094475
1421.405361,-17.462959,-17.014931,0.977924
1421.406533,-17.505835,-17.014046,-0.506461
1421.407705,-17.549328,-17.034332,-1.287598
1421.408877,-17.543686,-17.069834,0.100159
1421.410049,-17.555431,-17.091291,0.429666
1421.411221,-17.582172,-17.091700,-0.462031
1421.412392,-17.588757,-17.111164,-0.026544
1421.413564,-17.597040,-17.131931,0.396762
1421.414736,-17.613625,-17.136061,-0.025575
1421.415908,-17.623070,-17.148418,0.073077
1421.417080,-17.620930,-17.164747,0.700194
1421.418252,-17.618021,-17.169889,0.974411
1421.419424,-17.646730,-17.177923,0.271223
1421.420596,-17.661968,-17.188318,0.107008
1421.421767,-17.667603,-17.210541,0.670284
1421.422939,-17.689632,-17.229349,0.560723
1421.424111,-17.708021,-17.231520,0.010400
1421.425283,-17.711081,-17.245237,0.371832
1421.426455,-17.707815,-17.264219,1.129116
1421.427627,-17.731445,-17.269119,0.491295
1421.428799,-17.718517,-17.280201,1.309397
1421.429971,-17.669256,-17.292110,3.414274
1421.431142,-17.728281,-17.297857,1.579319
1421.432314,-17.790047,-17.292479,-0.701378
1421.433486,-17.808702,-17.325760,-0.207588
1421.434658,-17.814285,-17.350563,0.443862
1421.435830,-17.830481,-17.351015,-0.089954
1421.437002,-17.840782,-17.375902,0.404540
1421.438174,-17.841690,-17.399521,1.177811
1421.439346,-17.878157,-17.409384,0.272397
1421.440517,-17.898781,-17.427938,0.202197
1421.441689,-17.878860,-17.454552,1.788785
1421.442861,-17.859905,-17.458443,2.573983
1421.444033,-17.898701,-17.447063,0.854938
1421.445205,-17.934954,-17.464628,0.219720
1421.446377,-17.935421,-17.496656,1.294085
1421.447549,-17.947672,-17.509418,1.311549
1421.448721,-17.985523,-17.517481,0.297180
1421.449892,-18.009655,-17.537378,0.153560
1421.451064,-18.024176,-17.560303,0.438735
1421.452236,-18.046007,-17.562218,-0.236226
1421.453408,-18.040594,-17.570370,0.223154
1421.454580,-18.024885,-17.585854,1.284956
1421.455752,-18.054565,-17.593227,0.524864
1421.456924,-18.090799,-17.608868,-0.173402
1421.458096,-18.089697,-17.635363,0.763105
1421.459267,-18.067902,-17.653053,2.113429
1421.460439,-18.094124,-17.657104,1.353719
1421.461611,-18.110851,-17.665485,1.068719
1421.462783,-18.110659,-17.693419,2.031282
1421.463955,-18.149164,-17.708361,1.224442
1421.465127,-18.182371,-17.703747,-0.061483
1421.466299,-18.175880,-17.718533,0.660549
1421.467471,-18.159794,-17.719143,1.229647
1421.468642,-18.197514,-17.709797,-0.368956
1421.469814,-18.220261,-17.748178,0.160155
1421.470986,-18.206980,-17.787344,1.949057
1421.472158,-18.234228,-17.797688,1.370087
1421.473330,-18.275572,-17.799646,0.029910
1421.474502,-18.291201,-17.823666,0.314400
1421.475674,-18.291101,-17.852755,1.308350
1421.476846,-18.313036,-17.862665,0.898086
1421.478017,-18.337151,-17.869627,0.314791
1421.479189,-18.343493,-17.892708,0.883987
1421.480361,-18.352774,-17.909229,1.130868
1421.481533,-18.361835,-17.918625,1.142266
1421.482705,-18.358343,-17.937386,1.903698
1421.483877,-18.354397,-17.952230,2.549728
1421.485049,-18.386324,-17.951433,1.426492
1421.486221,-18.405809,-17.954411,0.863059
1421.487392,-18.419662,-17.977297,1.171109
1421.488564,-18.437550,-17.995289,1.174690
1421.489736,-18.460609,-17.995100,0.383162
1421.490908,-18.482227,-18.015163,0.330387
1421.492080,-18.485039,-18.036083,0.946321
1421.493252,-18.505642,-18.046295,0.592560
1421.494424,-18.510592,-18.056265,0.763360
1421.495596,-18.506359,-18.081013,1.753220
1421.496767,-18.526100,-18.097849,1.653697
1421.497939,-18.551786,-18.101725,0.908623
1421.499111,-18.552986,-18.120115,1.495577
1421.500283,-18.551510,-18.128292,1.826189
1421.501455,-18.584801,-18.122566,0.494407
1421.502627,-18.597328,-18.144922,0.828766
1421.503799,-18.603287,-18.185940,2.027613
1421.504971,-18.620184,-18.213463,2.392880
1421.506142,-18.643526,-18.221436,1.864836
1421.507314,-18.642128,-18.229622,2.193912
1421.508486,-18.633488,-18.235434,2.691479
1421.509658,-18.674028,-18.232483,1.199101
1421.510830,-18.704176,-18.261007,1.143695
1421.512002,-18.704449,-18.299919,2.468335
1421.513174,-18.713280,-18.314491,2.666158
1421.514346,-18.739820,-18.313972,1.736030
1421.515517,-18.764339,-18.328306,1.387424
1421.516689,-18.773323,-18.359125,2.135776
1421.517861,-18.781822,-18.375284,2.399191
1421.519033,-18.794567,-18.376596,2.006206
1421.520205,-18.797916,-18.387831,2.277126
1421.521377,-18.805889,-18.393785,2.207747
1421.522549,-18.827824,-18.399490,1.650889
1421.523721,-18.827557,-18.418932,2.327386
1421.524892,-18.813982,-18.431797,3.239747
1421.526064,-18.848314,-18.438095,2.272537
1421.527236,-18.885344,-18.446756,1.300141
1421.528408,-18.902184,-18.473034,1.622936
1421.529580,-18.920330,-18.482838,1.337555
1421.530752,-18.933228,-18.484016,0.937613
1421.531924,-18.925407,-18.507780,2.017986
1421.533096,-18.934362,-18.530460,2.489938
1421.534267,-18.972939,-18.536066,1.358738
1421.535439,-18.972820,-18.543299,1.610207
1421.536611,-18.956749,-18.567768,3.004715
1421.537783,-18.982279,-18.584248,2.692272
1421.538955,-19.022556,-18.589518,1.489834
1421.540127,-19.035059,-18.607119,1.664352
1421.541299,-19.027054,-18.618830,2.341162
1421.542471,-19.048752,-18.645836,2.523908
1421.543642,-19.070633,-18.662069,2.329480
1421.544814,-19.082932,-18.664968,2.006460
1421.545986,-19.104799,-18.673719,1.556864
1421.547158,-19.123461,-18.694992,1.646251
1421.548330,-19.124245,-18.711237,2.176673
1421.549502,-19.129738,-18.731852,2.697271
1421.550674,-19.134411,-18.750376,3.175730
1421.551846,-19.139956,-18.753630,3.096489
1421.553017,-19.149721,-18.772943,3.427033
1421.554189,-19.141609,-18.779665,3.941976
1421.555361,-19.176762,-18.766762,2.280080
1421.556533,-19.217363,-18.780439,1.356977
1421.557705,-19.237808,-18.806026,1.532835
1421.558877,-19.244930,-18.834068,2.250435
1421.560049,-19.252337,-18.862059,2.959894
1421.561221,-19.262033,-18.871838,2.962732
1421.562392,-19.258726,-18.861387,2.716145
1421.563564,-19.269451,-18.865978,2.504722
1421.564736,-19.278009,-18.891502,3.090227
1421.565908,-19.280735,-18.912113,3.709938
1421.567080,-19.314049,-18.925846,3.031611
1421.568252,-19.343039,-18.929655,2.163758
1421.569424,-19.356506,-18.949562,2.385200
1421.570596,-19.373280,-18.967039,2.409425
1421.571767,-19.394911,-18.980486,2.127978
1421.572939,-19.398277,-18.999838,2.678192
1421.574111,-19.390451,-19.001596,3.009059
1421.575283,-19.401936,-19.006250,2.773196
1421.576455,-19.424923,-19.022709,2.548084
1421.577627,-19.441811,-19.046343,2.780700
1421.578799,-19.447721,-19.075266,3.576885
1421.579971,-19.458307,-19.103537,4.191635
1421.581142,-19.473833,-19.109365,3.854253
1421.582314,-19.488852,-19.109373,3.333458
1421.583486,-19.496929,-19.105484,2.919574
1421.584658,-19.510897,-19.102413,2.332239
1421.585830,-19.530951,-19.114399,2.054920
1421.587002,-19.532196,-19.144630,3.053625
1421.588174,-19.543396,-19.167719,3.465171
1421.589346,-19.546143,-19.170668,3.472186
1421.590517,-19.557028,-19.177504,3.331873
1421.591689,-19.585875,-19.196415,2.988170
1421.592861,-19.596365,-19.211372,3.142601
1421.594033,-19.596085,-19.219059,3.418433
1421.595205,-19.577602,-19.228668,4.395065
1421.596377,-19.608641,-19.243168,3.819314
1421.597549,-19.645859,-19.250315,2.778068
1421.598721,-19.665892,-19.263536,2.543222
1421.599892,-19.682991,-19.281017,2.556371
1421.601064,nan,nan,nan
1421.602236,nan,nan,nan
1421.603408,nan,nan,nan
1421.604580,nan,nan,nan
