1419.205752,-21.579494,-21.633305,1.568535
1419.206924,-21.599438,-21.643974,1.309344
1419.208096,-21.612787,-21.638607,0.787902
1419.209267,-21.630774,-21.642738,0.403336
1419.210439,-21.650742,-21.655315,0.198699
1419.211611,-21.666563,-21.657417,-0.180243
1419.212783,-21.677340,-21.678516,0.104758
1419.213955,-21.669867,-21.693766,0.734507
1419.215127,-21.656502,-21.689075,0.975799
1419.216299,-21.642982,-21.696129,1.549964
1419.217471,-21.681408,-21.689837,0.305389
1419.218642,-21.661930,-21.664684,0.148381
1419.219814,-21.596378,-21.655577,1.719391
1419.220986,-21.645340,-21.647736,0.138466
1419.222158,-21.687422,-21.658232,-0.731731
1419.223330,-21.707527,-21.693569,-0.312871
1419.224502,-21.719387,-21.713036,-0.103155
1419.225674,-21.730213,-21.719694,-0.218107
1419.226846,-21.709539,-21.702854,-0.112369
1419.228017,-21.657503,-21.704628,1.381639
1419.229189,-21.683022,-21.733433,1.473477
1419.230361,-21.722052,-21.739309,0.550100
1419.231533,-21.739300,-21.726015,-0.294329
1419.232705,-21.766998,-21.744673,-0.543147
1419.233877,-21.747978,-21.750820,0.150799
1419.235049,-21.710413,-21.738176,0.841940
1419.236221,-21.692324,-21.743090,1.483392
1419.237392,-21.657883,-21.744499,2.489938
1419.238564,-21.664360,-21.753143,2.551030
1419.239736,-21.747847,-21.753574,0.230633
1419.240908,-21.738029,-21.730141,-0.145576
1419.242080,-21.721443,-21.714621,-0.116161
1419.243252,-21.716511,-21.728844,0.413537
1419.244424,-21.730408,-21.768883,1.140232
1419.245596,-21.745092,-21.787539,1.250999
1419.246767,-21.771450,-21.762953,-0.162359
1419.247939,-21.794260,-21.742126,-1.359870
1419.249111,-21.795719,-21.755974,-1.021124
1419.250283,-21.761974,-21.779327,0.552747
1419.251455,-21.745108,-21.800526,1.613531
1419.252627,-21.760262,-21.804197,1.292576
1419.253799,-21.763247,-21.790981,0.841139
1419.254971,-21.766083,-21.789593,0.723705
1419.256142,-21.794773,-21.780510,-0.321284
1419.257314,-21.798838,-21.777679,-0.511049
1419.258486,-21.777151,-21.773251,-0.035503
1419.259658,-21.732178,-21.764477,0.968159
1419.260830,-21.686956,-21.773855,2.497892
1419.262002,-21.754677,-21.774910,0.632682
1419.263174,-21.811932,-21.772253,-1.019293
1419.264346,-21.817987,-21.778841,-1.004721
1419.265517,-21.792604,-21.780247,-0.268784
1419.266689,-21.757961,-21.771061,0.434798
1419.267861,-21.756817,-21.763958,0.269749
1419.269033,-21.770094,-21.740440,-0.744450
1419.270205,-21.789398,-21.752247,-0.950067
1419.271377,-21.793850,-21.738131,-1.457739
1419.272549,-21.775875,-21.722746,-1.387054
1419.273721,-21.779917,-21.742170,-0.966370
1419.274892,-21.771429,-21.755087,-0.378535
1419.276064,-21.752541,-21.742386,-0.208064
1419.277236,-21.745329,-21.714640,-0.772879
1419.278408,-21.707821,-21.690498,-0.405518
1419.279580,-21.717556,-21.683779,-0.857585
1419.280752,-21.747231,-21.701433,-1.186731
1419.281924,-21.724751,-21.701708,-0.562862
1419.283096,-21.718353,-21.706825,-0.245921
1419.284267,-21.712044,-21.706871,-0.070628
1419.285439,-21.693863,-21.680939,-0.284393
1419.286611,-21.667025,-21.669180,0.131813
1419.287783,-21.649797,-21.687300,1.113106
1419.288955,-21.660168,-21.682308,0.685662
1419.290127,-21.719982,-21.689621,-0.763872
1419.291299,-21.720312,-21.676310,-1.137643
1419.292471,-21.666567,-21.651287,-0.349283
1419.293642,-21.677662,-21.659697,-0.423209
1419.294814,-21.663597,-21.665714,0.130754
1419.295986,-21.665314,-21.652231,-0.288757
1419.297158,-21.654367,-21.634760,-0.468399
1419.298330,-21.635847,-21.638029,0.132557
1419.299502,-21.666878,-21.636927,-0.752620
1419.300674,-21.670940,-21.633978,-0.944895
1419.301846,-21.643267,-21.616486,-0.665589
1419.303017,-21.622293,-21.593376,-0.724241
1419.304189,-21.591660,-21.595100,0.167366
1419.305361,-21.575186,-21.604599,0.887838
1419.306533,-21.564997,-21.589149,0.741560
1419.307705,-21.582525,-21.568241,-0.321856
1419.308877,-21.557047,-21.552504,-0.053252
1419.310049,-21.530109,-21.543827,0.451924
1419.311221,-21.589539,-21.533974,-1.453526
1419.312392,-21.602852,-21.517637,-2.259733
1419.313564,-21.539133,-21.509510,-0.743613
1419.314736,-21.500292,-21.489777,-0.218000
1419.315908,-21.510582,-21.475739,-0.886815
1419.317080,-21.495312,-21.485516,-0.198177
1419.318252,-21.441566,-21.484468,1.263718
1419.319424,-21.436531,-21.440502,0.182031
1419.320596,-21.440411,-21.406815,-0.852613
1419.321767,-21.428627,-21.394567,-0.865325
1419.322939,-21.412279,-21.393955,-0.433081
1419.324111,-21.427006,-21.407955,-0.453076
1419.325283,-21.426060,-21.397543,-0.713246
1419.326455,-21.399595,-21.360390,-1.006338
1419.327627,-21.398706,-21.339973,-1.539935
1419.328799,-21.394329,-21.340572,-1.404180
1419.329971,-21.359089,-21.356663,0.005208
1419.331142,-21.355946,-21.367914,0.403451
1419.332314,-21.305595,-21.354977,1.444691
1419.333486,-21.318472,-21.327448,0.320540
1419.334658,-21.337530,-21.304016,-0.850367
1419.335830,-21.292511,-21.279224,-0.294379
1419.337002,-21.289909,-21.263874,-0.645101
1419.338174,-21.320906,-21.264690,-1.471274
1419.339346,-21.310566,-21.256483,-1.413086
1419.340517,-21.239311,-21.245071,0.231520
1419.341689,-21.223803,-21.230801,0.265786
1419.342861,-21.214521,-21.223499,0.320597
1419.344033,-21.200020,-21.201118,0.102597
1419.345205,-21.214228,-21.183273,-0.780154
1419.346377,-21.172119,-21.169613,0.002997
1419.347549,-21.127754,-21.156233,0.861841
1419.348721,-21.145416,-21.163080,0.561374
1419.349892,-21.174026,-21.145132,-0.723612
1419.351064,-21.162107,-21.122339,-1.021747
1419.352236,-21.144941,-21.122103,-0.557254
1419.353408,-21.115288,-21.109596,-0.084949
1419.354580,-21.085236,-21.087616,0.138037
1419.355752,-21.047354,-21.093386,1.351107
1419.356924,-20.996349,-21.096363,2.868207
1419.358096,-21.000443,-21.065907,1.895056
1419.359267,-21.002048,-21.019615,0.558685
1419.360439,-21.057320,-21.014069,-1.117083
1419.361611,-21.108643,-21.022770,-2.277560
1419.362783,-21.068436,-20.998020,-1.858014
1419.363955,-21.039190,-20.970375,-1.814498
1419.365127,-21.027645,-20.953112,-1.969933
1419.366299,-21.016449,-20.942419,-1.956255
1419.367471,-20.982409,-20.956554,-0.640122
1419.368642,-20.909298,-20.959373,1.464092
1419.369814,-20.874603,-20.928019,1.557490
1419.370986,-20.873493,-20.888824,0.496663
1419.372158,-20.866302,-20.873306,0.265944
1419.373330,-20.858982,-20.883333,0.747069
1419.374502,-20.872082,-20.878807,0.258232
1419.375674,-20.874092,-20.840176,-0.861398
1419.376846,-20.864071,-20.830578,-0.849788
1419.378017,-20.899265,-20.848923,-1.310954
1419.379189,-20.873741,-20.825617,-1.250348
1419.380361,-20.834526,-20.777992,-1.479959
1419.381533,-20.820942,-20.774908,-1.193198
1419.382705,-20.757105,-20.776241,0.602236
1419.383877,-20.738911,-20.738020,0.047622
1419.385049,-20.735113,-20.706276,-0.722045
1419.386221,-20.701113,-20.690983,-0.207377
1419.387392,-20.703478,-20.698410,-0.067731
1419.388564,-20.697346,-20.701286,0.181187
1419.389736,-20.674925,-20.697979,0.711043
1419.390908,-20.631104,-20.672523,1.222356
1419.392080,-20.627068,-20.633795,0.258289
1419.393252,-20.640926,-20.630108,-0.226363
1419.394424,-20.589291,-20.646988,1.677356
1419.395596,-20.564636,-20.635578,2.048830
1419.396767,-20.594910,-20.616215,0.662455
1419.397939,-20.565145,-20.603081,1.125181
1419.399111,-20.570778,-20.594110,0.718769
1419.400283,-20.595589,-20.585178,-0.215110
1419.401455,-20.549496,-20.571091,0.670510
1419.402627,-20.507095,-20.557299,1.467669
1419.403799,-20.507160,-20.538767,0.948887
1419.404971,-20.490932,-20.517214,0.800735
1419.406142,-20.459368,-20.504171,1.316798
1419.407314,-20.450207,-20.506264,1.631430
1419.408486,-20.452980,-20.490847,1.123264
1419.409658,-20.429171,-20.465796,1.088655
1419.410830,-20.433105,-20.449291,0.520370
1419.412002,-20.424578,-20.433987,0.332544
1419.413174,-20.415842,-20.426435,0.365351
1419.414346,-20.351770,-20.413689,1.795620
1419.415517,-20.349365,-20.389135,1.176344
1419.416689,-20.431282,-20.384663,-1.209208
1419.417861,-20.412607,-20.384789,-0.694082
1419.419033,-20.350828,-20.378078,0.827676
1419.420205,-20.377514,-20.359123,-0.434920
1419.421377,-20.363060,-20.341431,-0.524004
1419.422549,-20.333611,-20.331671,0.018642
1419.423721,-20.316532,-20.320074,0.170156
1419.424892,-20.299490,-20.295261,-0.044567
1419.426064,-20.286953,-20.295656,0.313000
1419.427236,-20.265495,-20.316891,1.500990
1419.428408,-20.246185,-20.295280,1.436693
1419.429580,-20.258291,-20.285654,0.830795
1419.430752,-20.272207,-20.248556,-0.579588
1419.431924,-20.299873,-20.214222,-2.271566
1419.433096,-20.281990,-20.216368,-1.727618
1419.434267,-20.236416,-20.212477,-0.587507
1419.435439,-20.200636,-20.200054,0.056163
1419.436611,-20.196447,-20.172371,-0.591277
1419.437783,-20.165886,-20.137798,-0.701464
1419.438955,-20.141029,-20.131363,-0.194600
1419.440127,-20.160820,-20.150721,-0.206540
1419.441299,-20.145226,-20.178888,1.006130
1419.442471,-20.111235,-20.167465,1.636280
1419.443642,-20.112442,-20.119469,0.266573
1419.444814,-20.109608,-20.084675,-0.614812
1419.445986,-20.083710,-20.062754,-0.505490
1419.447158,-20.070543,-20.059225,-0.240133
1419.448330,-20.081360,-20.056293,-0.618482
1419.449502,-20.082445,-20.028915,-1.397985
1419.450674,-20.065449,-20.025532,-1.025824
1419.451846,-20.021221,-20.012371,-0.172088
1419.453017,-19.993830,-20.008293,0.472598
1419.454189,-20.019758,-20.009640,-0.207062
1419.455361,-20.011696,-19.993544,-0.428360
1419.456533,-19.953707,-19.983955,0.911087
1419.457705,-19.937061,-19.978251,1.215918
1419.458877,-19.972944,-19.963371,-0.192025
1419.460049,-20.005936,-19.939960,-1.737218
1419.461221,-20.018997,-19.926674,-2.452209
1419.462392,-20.011129,-19.931034,-2.120924
1419.463564,-19.958750,-19.932638,-0.647197
1419.464736,-19.939762,-19.915789,-0.588451
1419.465908,-19.922325,-19.905073,-0.403580
1419.467080,-19.898558,-19.900820,0.134775
1419.468252,-19.916336,-19.901623,-0.333681
1419.469424,-19.911177,-19.882950,-0.705284
1419.470596,-19.892303,-19.877815,-0.327479
1419.471767,-19.871098,-19.874041,0.153603
1419.472939,-19.848536,-19.850277,0.120367
1419.474111,-19.826809,-19.833410,0.254798
1419.475283,-19.799530,-19.822277,0.702501
1419.476455,-19.831570,-19.825670,-0.090687
1419.477627,-19.821712,-19.829060,0.275444
1419.478799,-19.805935,-19.809145,0.160985
1419.479971,-19.831676,-19.781126,-1.316634
1419.481142,-19.792913,-19.776901,-0.369450
1419.482314,-19.796898,-19.799179,0.135290
1419.483486,-19.843136,-19.794632,-1.260721
1419.484658,-19.822203,-19.758957,-1.662906
1419.485830,-19.752405,-19.721920,-0.767278
1419.487002,-19.713547,-19.696478,-0.398536
1419.488174,-19.706699,-19.707237,0.087103
1419.489346,-19.698666,-19.733488,1.038436
1419.490517,-19.671627,-19.737133,1.896229
1419.491689,-19.685606,-19.710865,0.772307
1419.492861,-19.700073,-19.685022,-0.342974
1419.494033,-19.666428,-19.664837,0.028285
1419.495205,-19.619640,-19.669731,1.464521
1419.496377,-19.640892,-19.676449,1.058896
1419.497549,-19.661589,-19.658060,-0.025238
1419.498721,-19.641737,-19.626919,-0.336571
1419.499892,-19.618898,-19.619324,0.083998
1419.501064,-19.607143,-19.619493,0.414024
1419.502236,-19.589842,-19.635777,1.348389
1419.503408,-19.567513,-19.652752,2.451108
1419.504580,-19.562952,-19.625460,1.812145
1419.505752,-19.590351,-19.602692,0.413752
1419.506924,-19.570906,-19.568718,0.011796
1419.508096,-19.557930,-19.552984,-0.064361
1419.509267,-19.548023,-19.556576,0.308822
1419.510439,-19.525127,-19.542696,0.558728
1419.511611,-19.547359,-19.529001,-0.434025
1419.512783,-19.559839,-19.527758,-0.811079
1419.513955,-19.552654,-19.522068,-0.770053
1419.515127,-19.569971,-19.509851,-1.577734
1419.516299,-19.557411,-19.508928,-1.260149
1419.517471,-19.527220,-19.503792,-0.573457
1419.518642,-19.505285,-19.491627,-0.304623
1419.519814,-19.484795,-19.491240,0.250477
1419.520986,-19.520226,-19.486887,-0.845553
1419.522158,-19.530317,-19.483536,-1.213643
1419.523330,-19.555195,-19.484886,-1.855117
1419.524502,-19.550837,-19.471067,-2.112075
1419.525674,-19.507730,-19.478970,-0.719949
1419.526846,-19.475895,-19.481089,0.215854
1419.528017,-19.471775,-19.478514,0.258604
1419.529189,-19.491919,-19.470226,-0.525735
1419.530361,-19.460403,-19.462040,0.117477
1419.531533,-19.410259,-19.444004,1.008420
1419.532705,-19.397245,-19.422049,0.759645
1419.533877,-19.410244,-19.427277,0.543862
1419.535049,-19.397261,-19.412903,0.505290
1419.536221,-19.347618,-19.388245,1.200223
1419.537392,-19.388901,-19.399025,0.352345
1419.538564,-19.447849,-19.395054,-1.377941
1419.539736,-19.409695,-19.405132,-0.053781
1419.540908,-19.367527,-19.411455,1.292362
1419.542080,-19.395584,-19.386475,-0.179242
1419.543252,-19.353060,-19.363119,0.350557
1419.544424,-19.329340,-19.350342,0.654028
1419.545596,-19.327137,-19.359921,0.981651
1419.546767,-19.303019,-19.363895,1.766433
1419.547939,-19.301582,-19.319746,0.575238
1419.549111,-19.334866,-19.311657,-0.567426
1419.550283,-19.361250,-19.323952,-0.954095
1419.551455,-19.325108,-19.329746,0.200502
1419.552627,-19.285950,-19.340200,1.580868
1419.553799,-19.311918,-19.321440,0.335649
1419.554971,-19.325468,-19.303688,-0.528153
1419.556142,-19.301401,-19.285206,-0.374486
1419.557314,-19.254448,-19.272726,0.578414
1419.558486,-19.272339,-19.288055,0.507350
1419.559658,-19.331173,-19.297201,-0.862915
1419.560830,-19.328817,-19.288397,-1.039609
1419.562002,-19.327669,-19.284824,-1.105966
1419.563174,-19.279869,-19.278305,0.029022
1419.564346,-19.243530,-19.281557,1.127728
1419.565517,-19.277405,-19.265257,-0.263003
1419.566689,-19.271610,-19.225971,-1.182403
1419.567861,-19.258482,-19.213192,-1.172860
1419.569033,-19.273293,-19.225670,-1.236635
1419.570205,-19.273939,-19.254305,-0.469135
1419.571377,-19.244005,-19.243011,0.044782
1419.572549,-19.246166,-19.239071,-0.123686
1419.573721,-19.263721,-19.237043,-0.662756
1419.574892,-19.222307,-19.227427,0.213794
1419.576064,-19.213415,-19.225243,0.399531
1419.577236,-19.244743,-19.216949,-0.693402
1419.578408,-19.250946,-19.222675,-0.706493
1419.579580,-19.229881,-19.221201,-0.167409
1419.580752,-19.180275,-19.218899,1.144367
1419.581924,-19.141434,-19.207073,1.899977
1419.583096,-19.156553,-19.207264,1.481847
1419.584267,-19.189983,-19.198212,0.299837
1419.585439,-19.200190,-19.195930,-0.045404
1419.586611,-19.204903,-19.199013,-0.090422
1419.587783,-19.204309,-19.201452,-0.006696
1419.588955,-19.225685,-19.180046,-1.182403
1419.590127,-19.221022,-19.164812,-1.471117
1419.591299,-19.181046,-19.152641,-0.710156
1419.592471,-19.189011,-19.156401,-0.825573
1419.593642,-19.208704,-19.182814,-0.641116
1419.594814,-19.225029,-19.183353,-1.073968
1419.595986,-19.237244,-19.165678,-1.889290
1419.597158,-19.212931,-19.140322,-1.917647
1419.598330,-19.152466,-19.132942,-0.466088
1419.599502,-19.101826,-19.138132,1.079770
1419.600674,-19.107847,-19.124054,0.520956
1419.601846,-19.139311,-19.115585,-0.581634
1419.603017,-19.148960,-19.106537,-1.094428
1419.604189,-19.182978,-19.102440,-2.132928
1419.605361,-19.190517,-19.118122,-1.911838
1419.606533,-19.143108,-19.141676,0.032656
1419.607705,-19.159229,-19.135950,-0.569365
1419.608877,-19.203703,-19.105160,-2.620356
1419.610049,-19.213522,-19.114838,-2.624168
1419.611221,-19.181435,-19.121744,-1.566038
1419.612392,-19.158398,-19.109976,-1.258475
1419.613564,-19.128765,-19.094908,-0.859781
1419.614736,-19.068634,-19.115496,1.374285
1419.615908,-19.081985,-19.146978,1.881836
1419.617080,-19.161551,-19.120842,-1.047493
1419.618252,-19.144444,-19.084299,-1.578407
1419.619424,-19.097469,-19.079599,-0.420591
1419.620596,-19.099190,-19.092335,-0.117055
1419.621767,-19.075981,-19.085632,0.339240
1419.622939,-19.030834,-19.067287,1.083876
1419.624111,-19.026997,-19.066916,1.180493
1419.625283,-19.099934,-19.064119,-0.913426
1419.626455,-19.121965,-19.071651,-1.310174
1419.627627,-19.105335,-19.093384,-0.257588
1419.628799,-19.128056,-19.111376,-0.387827
1419.629971,-19.146650,-19.116112,-0.768744
1419.631142,-19.115623,-19.102480,-0.290438
1419.632314,-19.109081,-19.069607,-1.013706
1419.633486,-19.111860,-19.085999,-0.640336
1419.634658,-19.110315,-19.092041,-0.431715
1419.635830,-19.103230,-19.077322,-0.641588
1419.637002,-19.135149,-19.092825,-1.091716
1419.638174,-19.137825,-19.085968,-1.352316
1419.639346,-19.056341,-19.070557,0.465730
1419.640517,-19.047195,-19.064867,0.561589
1419.641689,-19.039696,-19.067434,0.841253
1419.642861,-19.038794,-19.093859,1.603659
1419.644033,-19.039417,-19.100054,1.759694
1419.645205,-19.030592,-19.098797,1.971971
1419.646377,-19.032377,-19.084637,1.525155
1419.647549,-19.062788,-19.072424,0.338825
1419.648721,-19.054722,-19.083340,0.865704
1419.649892,-19.033886,-19.071587,1.118643
1419.651064,-19.013998,-19.052242,1.133794
1419.652236,-19.017990,-19.054106,1.074462
1419.653408,-19.060747,-19.061974,0.106131
1419.654580,-19.073326,-19.063898,-0.188026
1419.655752,-19.071636,-19.040543,-0.783974
1419.656924,-19.069149,-19.036535,-0.825673
1419.658096,-18.999437,-19.036385,1.097640
1419.659267,-18.941029,-19.020197,2.280136
1419.660439,-18.972418,-19.015875,1.279213
1419.661611,-19.047739,-19.026815,-0.504603
1419.662783,-19.078608,-19.043188,-0.902603
1419.663955,-19.033354,-19.052700,0.608073
1419.665127,-19.005995,-19.062111,1.633075
1419.666299,-18.969954,-19.042278,2.087674
1419.667471,-18.959581,-19.038256,2.266229
1419.668642,-18.998213,-19.048561,1.471718
1419.669814,-19.025675,-19.049814,0.741188
1419.670986,-19.032244,-19.044462,0.410376
1419.672158,-19.028385,-19.049713,0.663085
1419.673330,-19.091406,-19.049589,-1.077831
1419.674502,-19.107328,-19.031122,-2.015365
1419.675674,-19.063999,-19.010313,-1.402256
1419.676846,-19.036562,-19.012087,-0.602236
1419.678017,-19.050682,-19.042770,-0.146206
1419.679189,-18.996471,-19.023643,0.825501
1419.680361,-18.972027,-19.019676,1.396290
1419.681533,-19.038097,-19.014965,-0.565330
1419.682705,-19.057104,-19.027502,-0.743041
1419.683877,-19.017332,-19.031017,0.451022
1419.685049,-18.994287,-19.025032,0.924879
1419.686221,-18.985292,-19.052399,1.941139
1419.687392,-19.027229,-19.079596,1.528145
1419.688564,-19.096401,-19.064581,-0.803911
1419.689736,-19.111082,-19.039362,-1.893489
1419.690908,-19.105501,-19.055447,-1.303092
1419.692080,-19.080532,-19.063271,-0.403844
1419.693252,-19.039490,-19.058485,0.598330
1419.694424,-19.028624,-19.051600,0.708868
1419.695596,-19.017918,-19.031107,0.437287
1419.696767,-19.019373,-19.016190,-0.015702
1419.697939,-19.061949,-19.033018,-0.724613
1419.699111,-19.013723,-19.069057,1.611185
1419.700283,-18.978266,-19.050156,2.075456
1419.701455,-19.049549,-19.028000,-0.521808
1419.702627,-19.056183,-19.021086,-0.893768
1419.703799,-19.065516,-19.038445,-0.673551
1419.704971,-19.046696,-19.034752,-0.257381
1419.706142,-19.020161,-19.034203,0.460923
1419.707314,-19.058395,-19.048624,-0.197490
1419.708486,-19.077560,-19.071323,-0.100001
1419.709658,-19.099678,-19.086466,-0.292326
1419.710830,-19.108910,-19.059286,-1.291310
1419.712002,-19.063240,-19.035173,-0.700892
1419.713174,-19.021374,-19.034231,0.428088
1419.714346,-19.040466,-19.050806,0.358311
1419.715517,-19.042131,-19.072317,0.909327
1419.716689,-19.027679,-19.071989,1.303006
1419.717861,-19.023491,-19.066734,1.273247
1419.719033,-19.071198,-19.086399,0.493072
1419.720205,-19.084063,-19.071402,-0.277139
1419.721377,-19.105228,-19.040493,-1.703474
1419.722549,-19.097624,-19.048288,-1.283441
1419.723721,-19.101307,-19.046783,-1.425112
1419.724892,-19.098652,-19.049747,-1.271666
1419.726064,-19.057568,-19.077204,0.616114
1419.727236,-19.018162,-19.077026,1.710048
1419.728408,-19.026360,-19.079052,1.537274
1419.729580,-19.098490,-19.080822,-0.415025
1419.730752,-19.133417,-19.066959,-1.750352
1419.731924,-19.097878,-19.075336,-0.549077
1419.733096,-19.023705,-19.084728,1.770539
1419.734267,-19.035070,-19.080746,1.341149
1419.735439,-19.101599,-19.086494,-0.344448
1419.736611,-19.121893,-19.069824,-1.358096
1419.737783,-19.167784,-19.078224,-2.377411
1419.738955,-19.178093,-19.095634,-2.185021
1419.740127,-19.126804,-19.089493,-0.954460
1419.741299,-19.118263,-19.068970,-1.282296
1419.742471,-19.122128,-19.073023,-1.277139
1419.743642,-19.093365,-19.092346,0.044095
1419.744814,-19.081680,-19.100685,0.598588
1419.745986,-19.138819,-19.107277,-0.796271
1419.747158,-19.154566,-19.119499,-0.892931
1419.748330,-19.124872,-19.118872,-0.093477
1419.749502,-19.110117,-19.111797,0.118679
1419.750674,-19.132586,-19.113998,-0.440321
1419.751846,-19.126060,-19.106251,-0.473964
1419.753017,-19.120792,-19.097963,-0.556989
1419.754189,-19.146244,-19.107143,-1.003469
1419.755361,-19.206083,-19.111822,-2.504624
1419.756533,-19.167368,-19.121120,-1.199042
1419.757705,-19.128073,-19.128128,0.073768
1419.758877,-19.133430,-19.115145,-0.432030
1419.760049,-19.133413,-19.094389,-1.001380
1419.761221,-19.026472,-19.022221,-0.045197
1419.762392,-19.024393,-19.056265,0.956255
1419.763564,-19.045858,-19.131994,2.476374
1419.764736,-19.107529,-19.140633,0.990564
1419.765908,-19.165077,-19.132807,-0.816258
1419.767080,-19.159805,-19.118557,-1.062272
1419.768252,-19.139223,-19.118896,-0.488178
1419.769424,-19.127316,-19.142818,0.501427
1419.770596,-19.142721,-19.152416,0.340456
1419.771767,-19.133183,-19.144136,0.375337
1419.772939,-19.111393,-19.142429,0.933006
1419.774111,-19.154831,-19.139669,-0.346021
1419.775283,-19.167198,-19.119032,-1.251493
1419.776455,-19.156693,-19.124102,-0.825043
1419.777627,-19.182400,-19.158018,-0.599668
1419.778799,-19.200043,-19.186146,-0.311190
1419.779971,-19.202511,-19.175072,-0.683659
1419.781142,-19.226572,-19.162886,-1.674902
1419.782314,-19.235868,-19.196871,-1.000643
1419.783486,-19.211309,-19.206278,-0.066729
1419.784658,-19.193197,-19.196531,0.164405
1419.785830,-19.130810,-19.198252,1.950553
1419.787002,-19.122789,-19.181471,1.704912
1419.788174,-19.139135,-19.168747,0.893360
1419.789346,-19.157858,-19.167995,0.352717
1419.790517,-19.203876,-19.165554,-0.982151
1419.791689,-19.212187,-19.163313,-1.270829
1419.792861,-19.209215,-19.152967,-1.472154
1419.794033,-19.198044,-19.161991,-0.919965
1419.795205,-19.161781,-19.181765,0.625757
1419.796377,-19.199108,-19.183718,-0.352324
1419.797549,-19.263494,-19.191143,-1.910643
1419.798721,-19.288815,-19.199268,-2.377053
1419.799892,-19.238085,-19.210306,-0.692980
1419.801064,-19.188578,-19.205011,0.527252
1419.802236,-19.206217,-19.194059,-0.263268
1419.803408,-19.232412,-19.193283,-1.004249
1419.804580,-19.235821,-19.188658,-1.224073
1419.805752,-19.224594,-19.212688,-0.256329
1419.806924,-19.221571,-19.226950,0.220976
1419.808096,-19.219151,-19.211897,-0.128050
1419.809267,-19.232752,-19.199080,-0.854709
1419.810439,-19.249596,-19.210783,-0.995579
1419.811611,-19.237501,-19.221994,-0.355529
1419.812783,-19.225977,-19.225857,0.068918
1419.813955,-19.188845,-19.246426,1.674094
1419.815127,-19.179844,-19.241562,1.789997
1419.816299,-19.226553,-19.226458,0.069605
1419.817471,-19.251266,-19.246513,-0.059046
1419.818642,-19.234064,-19.239851,0.232264
1419.819814,-19.138203,-19.098495,-1.020080
1419.820986,-18.976429,-18.929827,-1.208743
1419.822158,-19.104008,-19.065077,-0.998819
1419.823330,-19.239204,-19.185923,-1.391218
1419.824502,-19.205725,-19.199938,-0.087575
1419.825674,-19.175230,-19.213135,1.124323
1419.826846,-19.230396,-19.252537,0.685662
1419.828017,-19.260862,-19.259998,0.048366
1419.829189,-19.247286,-19.246738,0.057107
1419.830361,-19.223141,-19.242203,0.600176
1419.831533,-19.228004,-19.254763,0.813984
1419.832705,-19.259132,-19.267681,0.308722
1419.833877,-19.269644,-19.267214,0.005101
1419.835049,-19.245920,-19.268982,0.711243
1419.836221,-19.236433,-19.275654,1.161021
1419.837392,-19.220367,-19.260572,1.188462
1419.838564,-19.206106,-19.245647,1.169963
1419.839736,-19.234268,-19.253448,0.603466
1419.840908,-19.301071,-19.282450,-0.441265
1419.842080,-19.329205,-19.302347,-0.667677
1419.843252,-19.316668,-19.298294,-0.434447
1419.844424,-19.306452,-19.295753,-0.223050
1419.845596,-19.357454,-19.285995,-1.886385
1419.846767,-19.344027,-19.307787,-0.925087
1419.847939,-19.320337,-19.309116,-0.237458
1419.849111,-19.328457,-19.277971,-1.314867
1419.850283,-19.321693,-19.269133,-1.371538
1419.851455,-19.325661,-19.282377,-1.117970
1419.852627,-19.302515,-19.311216,0.312943
1419.853799,-19.290659,-19.314764,0.740244
1419.854971,-19.302643,-19.315170,0.418931
1419.856142,-19.314459,-19.323212,0.314374
1419.857314,-19.298756,-19.335520,1.092532
1419.858486,-19.304020,-19.346870,1.262273
1419.859658,-19.300808,-19.336630,1.066278
1419.860830,-19.308979,-19.323610,0.477262
1419.862002,-19.369232,-19.333061,-0.923205
1419.863174,-19.360664,-19.330118,-0.768952
1419.864346,-19.316057,-19.299086,-0.395861
1419.865517,-19.322012,-19.297775,-0.595683
1419.866689,-19.295696,-19.316753,0.655574
1419.867861,-19.286953,-19.305315,0.580747
1419.869033,-19.338268,-19.299046,-1.006810
1419.870205,-19.343819,-19.328964,-0.337566
1419.871377,-19.335564,-19.354437,0.594939
1419.872549,-19.301746,-19.346050,1.302849
1419.873721,-19.265602,-19.340879,2.170671
1419.874892,-19.263109,-19.342197,2.277875
1419.876064,-19.327576,-19.329639,0.129281
1419.877236,-19.334478,-19.337761,0.162988
1419.878408,-19.252277,-19.291323,1.156128
1419.879580,-18.633606,-18.581938,-1.347158
1419.880752,-17.947552,-17.827398,-3.202712
1419.881924,-18.657619,-18.585505,-1.904219
1419.883096,-19.331753,-19.287657,-1.140197
1419.884267,-19.408133,-19.368467,-1.018928
1419.885439,-19.389336,-19.365170,-0.593745
1419.886611,-19.403717,-19.352005,-1.348360
1419.887783,-19.401876,-19.344091,-1.514089
1419.888955,-19.391300,-19.369869,-0.518553
1419.890127,-19.396870,-19.396469,0.061171
1419.891299,-19.420530,-19.396225,-0.597572
1419.892471,-19.387886,-19.380096,-0.142837
1419.893642,-19.352917,-19.383778,0.928127
1419.894814,-19.388798,-19.397873,0.323287
1419.895986,-19.410955,-19.416986,0.239017
1419.897158,-19.368475,-19.425652,1.662777
1419.898330,-19.382395,-19.399546,0.547139
1419.899502,-19.391571,-19.386232,-0.075206
1419.900674,-19.368170,-19.391388,0.715593
1419.901846,-19.388630,-19.402611,0.459221
1419.903017,-19.378956,-19.401161,0.687464
1419.904189,-19.355234,-19.406437,1.495611
1419.905361,-19.387451,-19.409899,0.694189
1419.906533,-19.368481,-19.420765,1.525856
1419.907705,-19.344660,-19.416214,2.066027
1419.908877,-19.354805,-19.407524,1.538018
1419.910049,-19.408440,-19.414989,0.253382
1419.911221,-19.468163,-19.419569,-1.263168
1419.912392,-19.442093,-19.416044,-0.645465
1419.913564,-19.424110,-19.437531,0.443683
1419.914736,-19.416454,-19.438942,0.695305
1419.915908,-19.412537,-19.429224,0.534291
1419.917080,-19.419827,-19.433079,0.439019
1419.918252,-19.415363,-19.438959,0.726080
1419.919424,-19.417465,-19.441563,0.740029
1419.920596,-19.447487,-19.429377,-0.427201
1419.921767,-19.442162,-19.427624,-0.328846
1419.922939,-19.420441,-19.439959,0.612838
1419.924111,-19.438190,-19.454424,0.521686
1419.925283,-19.478075,-19.470444,-0.138473
1419.926455,-19.505783,-19.496925,-0.172295
1419.927627,-19.502932,-19.483192,-0.472018
1419.928799,-19.495041,-19.443975,-1.330705
1419.929971,-19.435947,-19.426205,-0.196704
1419.931142,-19.409891,-19.421207,0.385366
1419.932314,-19.408911,-19.435555,0.810807
1419.933486,-19.423172,-19.464188,1.211082
1419.934658,-19.433346,-19.470913,1.114909
1419.935830,-19.432285,-19.455185,0.706751
1419.937002,-19.467930,-19.460909,-0.121633
1419.938174,-19.474173,-19.460890,-0.294272
1419.939346,-19.439550,-19.463448,0.734464
1419.940517,-19.410458,-19.475491,1.882966
1419.941689,-19.438276,-19.465359,0.822997
1419.942861,-19.479753,-19.469946,-0.198492
1419.944033,-19.469620,-19.480764,0.380616
1419.945205,-19.469429,-19.478554,0.324661
1419.946377,-19.493238,-19.474897,-0.433553
1419.947549,-19.530256,-19.463127,-1.768622
1419.948721,-19.487633,-19.453318,-0.872329
1419.949892,-19.435133,-19.458063,0.707595
1419.951064,-19.439039,-19.453930,0.484444
1419.952236,-19.466427,-19.470207,0.176752
1419.953408,-19.485821,-19.491009,0.215696
1419.954580,-19.475395,-19.491943,0.530428
1419.955752,-19.458851,-19.492489,1.005444
1419.956924,-19.461184,-19.476883,0.506878
1419.958096,-19.463688,-19.451733,-0.257695
1419.959267,-19.481445,-19.464333,-0.399745
1419.960439,-19.501801,-19.508816,0.266258
1419.961611,-19.481199,-19.516682,1.056821
1419.962783,-19.489197,-19.502024,0.427229
1419.963955,-19.505035,-19.503828,0.038880
1419.965127,-19.525476,-19.516117,-0.186130
1419.966299,-19.533752,-19.505661,-0.701571
1419.967471,-19.495037,-19.486061,-0.175557
1419.968642,-19.471466,-19.470894,0.056428
1419.969814,-19.484680,-19.471664,-0.286918
1419.970986,-19.522602,-19.476799,-1.186888
1419.972158,-19.511753,-19.487078,-0.607737
1419.973330,-19.516258,-19.495714,-0.494159
1419.974502,-19.542477,-19.492428,-1.302935
1419.975674,-19.536879,-19.460451,-2.021374
1419.976846,-19.550177,-19.447882,-2.721665
1419.978017,-19.545248,-19.474701,-1.861598
1419.979189,-19.521832,-19.490978,-0.777378
1419.980361,-19.526922,-19.530191,0.162616
1419.981533,-19.525463,-19.556772,0.940603
1419.982705,-19.548655,-19.520313,-0.708432
1419.983877,-19.558661,-19.477499,-2.149847
1419.985049,-19.536116,-19.471500,-1.700198
1419.986221,-19.488670,-19.492311,0.172903
1419.987392,-19.472404,-19.520941,1.421070
1419.988564,-19.509308,-19.543039,1.008047
1419.989736,-19.479931,-19.532030,1.520677
1419.990908,-19.446045,-19.507088,1.771083
1419.992080,-19.463655,-19.508549,1.319302
1419.993252,-19.496140,-19.519316,0.714434
1419.994424,-19.512304,-19.532066,0.619605
1419.995596,-19.510540,-19.537413,0.817174
1419.996767,-19.488644,-19.545984,1.667370
1419.997939,-19.476351,-19.552979,2.208657
1419.999111,-19.550999,-19.551418,0.083841
1420.000283,-19.535439,-19.546314,0.373162
1420.001455,-19.527679,-19.538790,0.379672
1420.002627,-19.565407,-19.549252,-0.373384
1420.003799,-19.569340,-19.553846,-0.355164
1420.004971,-19.594767,-19.541586,-1.388456
1420.006142,-19.593401,-19.531013,-1.639528
1420.007314,-19.582376,-19.520555,-1.624097
1420.008486,-19.550558,-19.517754,-0.830909
1420.009658,-19.517162,-19.507252,-0.201332
1420.010830,-19.520475,-19.519394,0.042357
1420.012002,-19.560717,-19.534063,-0.662076
1420.013174,-19.557369,-19.516590,-1.049424
1420.014346,-19.534077,-19.498346,-0.911130
1420.015517,-19.474260,-19.521387,1.381682
1420.016689,-19.462004,-19.526562,1.869631
1420.017861,-19.525484,-19.528349,0.151428
1420.019033,-19.548628,-19.552881,0.189843
1420.020205,-19.516916,-19.539915,0.709498
1420.021377,-19.555328,-19.516247,-1.002947
1420.022549,-19.567173,-19.548496,-0.442789
1420.023721,-19.543447,-19.554897,0.389072
1420.024892,-19.557589,-19.550713,-0.117634
1420.026064,-19.551468,-19.563677,0.410104
1420.027236,-19.505091,-19.553551,1.418938
1420.028408,-19.509594,-19.537077,0.834143
1420.029580,-19.580780,-19.519833,-1.600290
1420.030752,-19.620811,-19.502714,-3.147428
1420.031924,-19.604567,-19.527437,-2.040432
1420.033096,-19.609747,-19.550915,-1.542639
1420.034267,-19.584616,-19.549839,-0.884983
1420.035439,-19.540503,-19.560398,0.623311
1420.036611,-19.504316,-19.548767,1.306955
1420.037783,-19.492767,-19.543116,1.471718
1420.038955,-19.556355,-19.546219,-0.207534
1420.040127,-19.560339,-19.538681,-0.524791
1420.041299,-19.511225,-19.530388,0.602980
1420.042471,-19.493496,-19.551634,1.689689
1420.043642,-19.507759,-19.547394,1.172567
1420.044814,-19.534187,-19.524467,-0.196074
1420.045986,-19.552292,-19.544083,-0.154411
1420.047158,-19.565872,-19.544628,-0.513409
1420.048330,-19.548416,-19.523317,-0.619369
1420.049502,-19.548725,-19.505804,-1.108055
1420.050674,-19.551117,-19.518913,-0.814427
1420.051846,-19.530535,-19.532864,0.136620
1420.053017,-19.501217,-19.544680,1.279371
1420.054189,-19.537481,-19.543550,0.240076
1420.055361,-19.582787,-19.542847,-1.026447
1420.056533,-19.500198,-19.537579,1.109701
1420.057705,-19.472641,-19.531548,1.711221
1420.058877,-19.552311,-19.539772,-0.273777
1420.060049,-19.595072,-19.542805,-1.363519
1420.061221,-19.576286,-19.551538,-0.609726
1420.062392,-19.561831,-19.548084,-0.307041
1420.063564,-19.576313,-19.524143,-1.360858
1420.064736,-19.608963,-19.512196,-2.572376
1420.065908,-19.615177,-19.517658,-2.592685
1420.067080,-19.552353,-19.541435,-0.229095
1420.068252,-19.536367,-19.549763,0.442996
1420.069424,-19.576437,-19.544115,-0.817668
1420.070596,-19.597605,-19.530647,-1.763951
1420.071767,-19.563049,-19.508022,-1.438854
1420.072939,-19.514296,-19.512274,0.016375
1420.074111,-19.544201,-19.533472,-0.223887
1420.075283,-19.575125,-19.535982,-1.004614
1420.076455,-19.548077,-19.528563,-0.465830
1420.077627,-19.526335,-19.521149,-0.070993
1420.078799,-19.495735,-19.509809,0.461810
1420.079971,-19.464899,-19.518312,1.557447
1420.081142,-19.429462,-19.534277,3.004041
1420.082314,-19.462093,-19.543739,2.349884
1420.083486,-19.524220,-19.548504,0.745223
1420.084658,-19.506769,-19.529226,0.694446
1420.085830,-19.509926,-19.512278,0.137250
1420.087002,-19.497162,-19.525486,0.857535
1420.088174,-19.527878,-19.555660,0.842469
1420.089346,-19.577393,-19.555134,-0.541316
1420.090517,-19.540684,-19.531610,-0.178240
1420.091689,-19.451792,-19.500902,1.437123
1420.092861,-19.408262,-19.486406,2.251307
1420.094033,-19.484934,-19.505398,0.639092
1420.095205,-19.526999,-19.520483,-0.107684
1420.096377,-19.559097,-19.533875,-0.622781
1420.097549,-19.556677,-19.526651,-0.754659
1420.098721,-19.510502,-19.490143,-0.489073
1420.099892,-19.482044,-19.501989,0.624698
1420.101064,-19.446968,-19.520584,2.123972
1420.102236,-19.471474,-19.513041,1.226462
1420.103408,-19.495113,-19.517044,0.679824
1420.104580,-19.510017,-19.546917,1.096309
1420.105752,-19.522850,-19.554085,0.938528
1420.106924,-19.531376,-19.544695,0.440879
1420.108096,-19.548872,-19.515253,-0.853243
1420.109267,-19.559490,-19.504173,-1.446759
1420.110439,-19.557091,-19.529642,-0.683916
1420.111611,-19.479507,-19.523352,1.290015
1420.112783,-19.401997,-19.519543,3.364999
1420.113955,-19.435852,-19.532019,2.759458
1420.115127,-19.494682,-19.547750,1.547789
1420.116299,-19.511719,-19.540344,0.865919
1420.117471,-19.491879,-19.514259,0.692329
1420.118642,-19.460236,-19.502148,1.236091
1420.119814,-19.466562,-19.509390,1.261644
1420.120986,-19.491209,-19.493574,0.137622
1420.122158,-19.493965,-19.477308,-0.387198
1420.123330,-19.483471,-19.500177,0.534806
1420.124502,-19.471750,-19.526951,1.607451
1420.125674,-19.450113,-19.509359,1.720736
1420.126846,-19.462187,-19.497353,1.047993
1420.128017,-19.467905,-19.485359,0.555551
1420.129189,-19.450121,-19.467991,0.567097
1420.130361,-19.435963,-19.456745,0.647948
1420.131533,-19.468594,-19.473545,0.209144
1420.132705,-19.493143,-19.462111,-0.782293
1420.133877,-19.508364,-19.429758,-2.080506
1420.135049,-19.497253,-19.433178,-1.685504
1420.136221,-19.451780,-19.443571,-0.154411
1420.137392,-19.461779,-19.466053,0.190415
1420.138564,-19.474771,-19.490898,0.518725
1420.139736,-19.421955,-19.499212,2.226355
1420.140908,-19.458786,-19.488630,0.899827
1420.142080,-19.491884,-19.485456,-0.105266
1420.143252,-19.466846,-19.518200,1.499817
1420.144424,-19.467567,-19.520340,1.539520
1420.145596,-19.496220,-19.494778,0.032399
1420.146767,-19.484972,-19.494087,0.324403
1420.147939,-19.483562,-19.502237,0.589431
1420.149111,-19.520170,-19.492516,-0.689575
1420.150283,-19.500652,-19.464571,-0.920745
1420.151455,-19.489859,-19.448175,-1.074176
1420.152627,-19.511696,-19.464502,-1.224903
1420.153799,-19.512943,-19.484444,-0.712774
1420.154971,-19.464504,-19.483280,0.592235
1420.156142,-19.453419,-19.494720,1.219065
1420.157314,-19.528696,-19.493164,-0.905693
1420.158486,-19.550133,-19.464705,-2.265521
1420.159658,-19.503086,-19.448477,-1.427451
1420.160830,-19.481426,-19.445423,-0.918606
1420.162002,-19.473396,-19.454723,-0.442688
1420.163174,-19.453293,-19.469091,0.509625
1420.164346,-19.482956,-19.500645,0.562061
1420.165517,-19.533892,-19.481310,-1.372110
1420.166689,-19.515917,-19.447845,-1.794261
1420.167861,-19.483906,-19.449009,-0.888281
1420.169033,-19.466187,-19.442453,-0.581841
1420.170205,-19.491226,-19.432468,-1.540607
1420.171377,-19.505732,-19.436710,-1.820100
1420.172549,-19.449062,-19.444834,-0.044567
1420.173721,-19.411575,-19.457443,1.346529
1420.174892,-19.415920,-19.463076,1.382483
1420.176064,-19.412329,-19.461554,1.440313
1420.177236,-19.396948,-19.463032,1.912439
1420.178408,-19.415955,-19.468468,1.532252
1420.179580,-19.471088,-19.450050,-0.507751
1420.180752,-19.456842,-19.429489,-0.681298
1420.181924,-19.423857,-19.419182,-0.056886
1420.183096,-19.424988,-19.419374,-0.082789
1420.184267,-19.426105,-19.428665,0.143001
1420.185439,-19.429581,-19.449892,0.634857
1420.186611,-19.446074,-19.462765,0.534391
1420.187783,-19.473164,-19.450413,-0.554843
1420.188955,-19.439362,-19.432079,-0.128837
1420.190127,-19.360355,-19.421726,1.780268
1420.191299,-19.318693,-19.417095,2.822639
1420.192471,-19.345366,-19.410107,1.874768
1420.193642,-19.446428,-19.430492,-0.367346
1420.194814,-19.489693,-19.447430,-1.090042
1420.195986,-19.458206,-19.431288,-0.669359
1420.197158,-19.409849,-19.426701,0.538840
1420.198330,-19.399437,-19.433249,1.010279
1420.199502,-19.416891,-19.431368,0.472970
1420.200674,-19.453775,-19.424753,-0.727124
1420.201846,-19.464268,-19.406187,-1.522151
1420.203017,-19.448143,-19.399933,-1.252695
1420.204189,-19.371832,-19.404713,0.984355
1420.205361,-19.338253,-19.423340,2.446815
1420.206533,-19.368433,-19.431177,1.818769
1420.207705,-19.398514,-19.413498,0.487048
1420.208877,-19.396355,-19.387743,-0.165514
1420.210049,-19.385717,-19.368856,-0.392813
1420.211221,-19.387144,-19.381691,-0.078368
1420.212392,-19.378422,-19.403910,0.778673
1420.213564,-19.364836,-19.396517,0.950947
1420.214736,-19.394360,-19.383724,-0.221312
1420.215908,-19.419498,-19.391806,-0.690626
1420.217080,-19.423615,-19.398262,-0.626344
1420.218252,-19.433874,-19.405273,-0.715550
1420.219424,-19.428379,-19.418642,-0.196546
1420.220596,-19.385466,-19.406765,0.662298
1420.221767,-19.360855,-19.376085,0.493858
1420.222939,-19.354799,-19.378624,0.732446
1420.224111,-19.375751,-19.393955,0.576354
1420.225283,-19.456078,-19.388819,-1.772156
1420.226455,-19.447783,-19.374926,-1.924385
1420.227627,-19.388130,-19.376747,-0.241922
1420.228799,-19.374786,-19.394096,0.607058
1420.229971,-19.407124,-19.407927,0.094428
1420.231142,-19.409304,-19.380939,-0.709061
1420.232314,-19.374708,-19.373013,0.025388
1420.233486,-19.355244,-19.393627,1.137671
1420.234658,-19.370762,-19.409109,1.136670
1420.235830,-19.408562,-19.429443,0.650695
1420.237002,-19.417679,-19.424732,0.267317
1420.238174,-19.389818,-19.402700,0.428775
1420.239346,-19.373510,-19.393890,0.636774
1420.240517,-19.369274,-19.399479,0.909857
1420.241689,-19.356642,-19.407682,1.491075
1420.242861,-19.374317,-19.397287,0.708711
1420.244033,-19.398129,-19.373463,-0.607472
1420.245205,-19.395798,-19.358837,-0.944845
1420.246377,-19.374321,-19.391993,0.561589
1420.247549,-19.383739,-19.395750,0.404610
1420.248721,-19.393778,-19.375496,-0.431922
1420.249892,-19.383997,-19.372179,-0.253911
1420.251064,-19.369801,-19.375685,0.234954
1420.252236,-19.396095,-19.397240,0.103871
1420.253408,-19.368156,-19.405737,1.115295
1420.254580,-19.354990,-19.377680,0.700913
1420.255752,-19.365751,-19.368622,0.151586
1420.256924,-19.346113,-19.386332,1.188848
1420.258096,-19.402693,-19.386944,-0.362203
1420.259267,-19.396406,-19.371492,-0.614290
1420.260439,-19.324165,-19.356230,0.961620
1420.261611,-19.346529,-19.351789,0.217699
1420.262783,-19.420086,-19.352219,-1.788710
1420.263955,-19.398855,-19.336128,-1.648777
1420.265127,-19.331091,-19.344414,0.440979
1420.266299,-19.349163,-19.364885,0.507508
1420.267471,-19.430725,-19.361073,-1.837268
1420.268642,-19.419970,-19.335211,-2.247379
1420.269814,-19.387815,-19.324640,-1.660981
1420.270986,-19.401972,-19.331366,-1.863200
1420.272158,-19.424780,-19.342815,-2.171629
1420.273330,-19.431755,-19.341684,-2.391253
1420.274502,-19.436625,-19.342594,-2.498379
1420.275674,-19.467857,-19.344671,-3.284206
1420.276846,-19.469509,-19.350731,-3.165742
1420.278017,-19.373554,-19.369324,-0.044617
1420.279189,-19.318281,-19.383837,1.897617
1420.280361,-19.315596,-19.384270,1.985148
1420.281533,-19.315514,-19.365992,1.475337
1420.282705,-19.343855,-19.371111,0.827833
1420.283877,-19.367880,-19.343910,-0.588344
1420.285049,-19.360010,-19.341202,-0.446408
1420.286221,-19.317955,-19.350298,0.969375
1420.287392,-19.284016,-19.349316,1.890449
1420.288564,-19.308228,-19.359001,1.483607
1420.289736,-19.333733,-19.357777,0.738541
1420.290908,-19.306843,-19.374138,1.946433
1420.292080,-19.281557,-19.364820,2.395438
1420.293252,-19.321915,-19.326574,0.201074
1420.294424,-19.337658,-19.319111,-0.439219
1420.295596,-19.354593,-19.326176,-0.710528
1420.296767,-19.363119,-19.321558,-1.070835
1420.297939,-19.333366,-19.341179,0.288334
1420.299111,-19.312212,-19.367119,1.599224
1420.300283,-19.275066,-19.353168,2.250133
1420.301455,-19.260151,-19.339405,2.282554
1420.302627,-19.313095,-19.339331,0.799462
1420.303799,-19.346176,-19.339798,-0.103892
1420.304971,-19.330742,-19.336565,0.233266
1420.306142,-19.279240,-19.329359,1.465322
1420.307314,-19.269066,-19.328810,1.734685
1420.308486,-19.299530,-19.341288,1.231785
1420.309658,-19.300312,-19.324581,0.744794
1420.310830,-19.275286,-19.302574,0.828734
1420.312002,-19.300236,-19.319881,0.616386
1420.313174,-19.320677,-19.348623,0.847033
1420.314346,-19.286688,-19.350513,1.849100
1420.315517,-19.296942,-19.362680,1.902753
1420.316689,-19.284739,-19.359636,2.159997
1420.317861,-19.294540,-19.332878,1.136398
1420.319033,-19.361172,-19.306866,-1.419174
1420.320205,-19.379633,-19.308809,-1.869116
1420.321377,-19.350252,-19.327768,-0.547504
1420.322549,-19.333183,-19.339756,0.254011
1420.323721,-19.318077,-19.329498,0.388285
1420.324892,-19.299696,-19.310434,0.369357
1420.326064,-19.314266,-19.294498,-0.472805
1420.327236,-19.302729,-19.289518,-0.292276
1420.328408,-19.289833,-19.284588,-0.072631
1420.329580,-19.325863,-19.298599,-0.678837
1420.330752,-19.310438,-19.331102,0.644657
1420.331924,-19.293077,-19.353985,1.767277
1420.333096,-19.274506,-19.342184,1.957192
1420.334267,-19.290354,-19.309935,0.614583
1420.335439,-19.339823,-19.316803,-0.562233
1420.336611,-19.367491,-19.343887,-0.578278
1420.337783,-19.370535,-19.346426,-0.592171
1420.338955,-19.319403,-19.336935,0.557726
1420.340127,-19.298168,-19.314659,0.528840
1420.341299,-19.294718,-19.303114,0.304487
1420.342471,-19.264370,-19.318504,1.577620
1420.343642,-19.294634,-19.310001,0.497678
1420.344814,-19.261013,-19.313171,1.522337
1420.345986,-19.209841,-19.333584,3.541079
1420.347158,-19.237165,-19.337437,2.875490
1420.348330,-19.257818,-19.321424,1.842948
1420.349502,-19.276041,-19.309616,1.003684
1420.350674,-19.284964,-19.303989,0.599174
1420.351846,-19.287233,-19.313705,0.806029
1420.353017,-19.311073,-19.320417,0.330741
1420.354189,-19.294258,-19.315819,0.669552
1420.355361,-19.275560,-19.305254,0.895635
1420.356533,-19.272598,-19.299129,0.807674
1420.357705,-19.267153,-19.310085,1.264563
1420.358877,-19.280617,-19.334242,1.563370
1420.360049,-19.311634,-19.342007,0.914535
1420.361221,-19.305082,-19.343067,1.126555
1420.362392,-19.264544,-19.353405,2.553233
1420.363564,-19.267443,-19.336723,2.002174
1420.364736,-19.272305,-19.313953,1.228752
1420.365908,-19.249157,-19.301447,1.526014
1420.367080,-19.276350,-19.319544,1.271859
1420.368252,-19.293879,-19.331249,1.109443
1420.369424,-19.360388,-19.313156,-1.225947
1420.370596,-19.377232,-19.307344,-1.843650
1420.371767,-19.321215,-19.301086,-0.482720
1420.372939,-19.307011,-19.311295,0.190687
1420.374111,-19.289989,-19.328033,1.128214
1420.375283,-19.257792,-19.329983,2.083926
1420.376455,-19.291676,-19.330523,1.150591
1420.377627,-19.362015,-19.346786,-0.347860
1420.378799,-19.341848,-19.343834,0.127120
1420.379971,-19.278442,-19.327396,1.432745
1420.381142,-19.272167,-19.302704,0.919099
1420.382314,-19.310490,-19.295128,-0.351537
1420.383486,-19.317297,-19.301901,-0.352481
1420.384658,-19.294298,-19.330776,1.084563
1420.385830,-19.318640,-19.343998,0.775068
1420.387002,-19.340187,-19.328419,-0.252545
1420.388174,-19.342476,-19.309984,-0.822325
1420.389346,-19.325659,-19.298733,-0.669566
1420.390517,-19.316631,-19.304070,-0.274406
1420.391689,-19.340824,-19.295050,-1.186109
1420.392861,-19.361744,-19.320864,-1.052193
1420.394033,-19.361492,-19.352682,-0.170986
1420.395205,-19.333406,-19.338303,0.207627
1420.396377,-19.282768,-19.314758,0.959546
1420.397549,-19.288929,-19.317419,0.862156
1420.398721,-19.324892,-19.301336,-0.576969
1420.399892,-19.361139,-19.301195,-1.572949
1420.401064,-19.335491,-19.312475,-0.562133
1420.402236,-19.314789,-19.315800,0.100180
1420.403408,-19.093271,-19.060345,-0.834257
1420.404580,-17.114410,-17.015491,-2.630507
1420.405752,-15.449629,-15.355677,-2.496269
1420.406924,-17.068027,-17.028248,-1.022061
1420.408096,-19.011995,-19.045368,0.998061
1420.409267,-19.259228,-19.303925,1.313823
1420.410439,-19.256439,-19.319519,1.828183
1420.411611,-19.281549,-19.340879,1.723082
1420.412783,-19.355129,-19.355064,0.070442
1420.413955,-19.390423,-19.330685,-1.567333
1420.415127,-19.372057,-19.315088,-1.491819
1420.416299,-19.322989,-19.320988,0.016954
1420.417471,-19.348475,-19.312113,-0.928428
1420.418642,-19.366064,-19.331314,-0.884254
1420.419814,-19.334930,-19.336613,0.118736
1420.420986,-19.326517,-19.319260,-0.128157
1420.422158,-19.299227,-19.298702,0.057744
1420.423330,-19.283087,-19.319853,1.092589
1420.424502,-19.321808,-19.367023,1.328302
1420.425674,-19.341694,-19.365650,0.736109
1420.426846,-19.344646,-19.325581,-0.453498
1420.428017,-19.329460,-19.327810,0.026654
1420.429189,-19.327971,-19.328857,0.096746
1420.430361,-19.323132,-19.320955,0.012111
1420.431533,-19.341972,-19.327768,-0.319653
1420.432705,-19.393555,-19.353306,-1.034909
1420.433877,-19.388828,-19.358677,-0.758114
1420.435049,-19.347652,-19.340607,-0.122313
1420.436221,-19.349241,-19.351500,0.134660
1420.437392,-19.350559,-19.349308,0.037664
1420.438564,-19.350903,-19.339598,-0.239768
1420.439736,-19.402636,-19.336460,-1.742669
1420.440908,-19.417240,-19.339825,-2.048201
1420.442080,-19.370590,-19.354704,-0.365980
1420.443252,-19.336618,-19.361650,0.765997
1420.444424,-19.341114,-19.351084,0.348067
1420.445596,-19.363552,-19.352394,-0.235719
1420.446767,-19.380304,-19.352108,-0.704447
1420.447939,-19.374239,-19.360468,-0.307728
1420.449111,-19.378359,-19.357224,-0.510419
1420.450283,-19.330385,-19.359676,0.884447
1420.451455,-19.335014,-19.363752,0.869052
1420.452627,-19.340794,-19.349579,0.315261
1420.453799,-19.321072,-19.356115,1.044588
1420.454971,-19.326046,-19.360659,1.032584
1420.456142,-19.317978,-19.370459,1.531350
1420.457314,-19.330856,-19.395575,1.874124
1420.458486,-19.334591,-19.400333,1.902867
1420.459658,-19.340778,-19.389990,1.439941
1420.460830,-19.398916,-19.387920,-0.231248
1420.462002,-19.392460,-19.380703,-0.252230
1420.463174,-19.382435,-19.367769,-0.332365
1420.464346,-19.388252,-19.378584,-0.194650
1420.465517,-19.388754,-19.364262,-0.602708
1420.466689,-19.402819,-19.373703,-0.729685
1420.467861,-19.368124,-19.400164,0.960934
1420.469033,-19.297211,-19.387444,2.591920
1420.470205,-19.306698,-19.374336,1.956076
1420.471377,-19.325588,-19.380379,1.595976
1420.472549,-19.348385,-19.396608,1.412328
1420.473721,-19.376165,-19.406620,0.916810
1420.474892,-19.387484,-19.405817,0.579960
1420.476064,-19.412220,-19.413723,0.113786
1420.477236,-19.403641,-19.414343,0.368355
1420.478408,-19.082184,-19.410069,9.484220
1420.479580,-16.632326,-19.409210,107.529915
1420.480752,-14.927443,-19.391457,215.519882
1420.481924,-17.010414,-19.382339,87.277771
1420.483096,-19.229292,-19.382156,4.371902
1420.484267,-19.432358,-19.394352,-0.973481
1420.485439,-19.418495,-19.414364,-0.041877
1420.486611,-19.404011,-19.417072,0.433739
1420.487783,-19.415472,-19.408312,-0.125475
1420.488955,-19.443022,-19.405483,-0.960676
1420.490127,-19.470560,-19.401203,-1.829228
1420.491299,-19.463308,-19.381977,-2.154454
1420.492471,-19.406002,-19.363916,-1.085192
1420.493642,-19.367443,-19.388659,0.659966
1420.494814,-19.367334,-19.424984,1.676011
1420.495986,-19.440044,-19.448959,0.318852
1420.497158,-19.488665,-19.453356,-0.899570
1420.498330,-19.423622,-19.440603,0.542432
1420.499502,-19.382505,-19.435787,1.553756
1420.500674,-19.409826,-19.418825,0.321184
1420.501846,-19.442621,-19.409811,-0.831059
1420.503017,-19.451622,-19.413561,-0.974991
1420.504189,-19.430096,-19.382692,-1.230640
1420.505361,-19.378773,-19.383970,0.215954
1420.506533,-19.374565,-19.413851,1.162824
1420.507705,-19.404989,-19.425646,0.644442
1420.508877,-19.395758,-19.434380,1.144324
1420.510049,-19.395437,-19.433538,1.129802
1420.511221,-19.394451,-19.440010,1.337887
1420.512392,-19.400866,-19.466169,1.890563
1420.513564,-19.413540,-19.455828,1.246578
1420.514736,-19.426542,-19.430756,0.188727
1420.515908,-19.425705,-19.425051,0.054160
1420.517080,-19.424702,-19.429058,0.192690
1420.518252,-19.449972,-19.433475,-0.382784
1420.519424,-19.447302,-19.439356,-0.147150
1420.520596,-19.461727,-19.440456,-0.514146
1420.521767,-19.448111,-19.435369,-0.279350
1420.522939,-19.420868,-19.418755,0.013849
1420.524111,-19.392647,-19.441069,1.417879
1420.525283,-19.409231,-19.485437,2.196796
1420.526455,-19.434105,-19.495432,1.779038
1420.527627,-19.428560,-19.503939,2.173518
1420.528799,-19.405291,-19.486635,2.341399
1420.529971,-19.414160,-19.480911,1.931181
1420.531142,-19.427832,-19.506327,2.261178
1420.532314,-19.463066,-19.504797,1.231041
1420.533486,-19.503273,-19.489124,-0.318129
1420.534658,-19.521990,-19.482140,-1.023993
1420.535830,-19.491615,-19.479683,-0.257066
1420.537002,-19.452183,-19.488579,1.082274
1420.538174,-19.444111,-19.499243,1.605533
1420.539346,-19.433716,-19.500042,1.919235
1420.540517,-19.463161,-19.493401,0.910815
1420.541689,-19.518129,-19.498180,-0.477791
1420.542861,-19.508188,-19.509842,0.117949
1420.544033,-19.477312,-19.484512,0.271380
1420.545205,-19.468494,-19.468784,0.080249
1420.546377,-19.467936,-19.489046,0.657047
1420.547549,-19.485115,-19.497171,0.405883
1420.548721,-19.516232,-19.481997,-0.870133
1420.549892,-19.539328,-19.483006,-1.474186
1420.551064,-19.520399,-19.498493,-0.531615
1420.552236,-19.524117,-19.510489,-0.303786
1420.553408,-19.512619,-19.517075,0.195437
1420.554580,-19.503681,-19.498295,-0.076522
1420.555752,-19.516565,-19.492142,-0.600820
1420.556924,-19.571054,-19.488041,-2.200072
1420.558096,-19.587345,-19.512793,-1.970455
1420.559267,-19.591688,-19.549927,-1.076315
1420.560439,-19.584133,-19.527840,-1.473406
1420.561611,-19.535786,-19.508688,-0.674280
1420.562783,-19.499371,-19.522573,0.715163
1420.563955,-19.470612,-19.540436,2.017440
1420.565127,-19.514614,-19.559050,1.306526
1420.566299,-19.512920,-19.540836,0.846189
1420.567471,-19.510805,-19.522345,0.391561
1420.568642,-19.571110,-19.525116,-1.192103
1420.569814,-19.628290,-19.510944,-3.127219
1420.570986,-19.576515,-19.499752,-2.030488
1420.572158,-19.494930,-19.520952,0.793524
1420.573330,-19.504908,-19.551504,1.366874
1420.574502,-19.529724,-19.555309,0.781377
1420.575674,-19.564770,-19.552715,-0.260428
1420.576846,-19.540091,-19.565586,0.778888
1420.578017,-19.513277,-19.576687,1.837440
1420.579189,-19.584768,-19.560431,-0.598459
1420.580361,-19.602943,-19.558180,-1.158460
1420.581533,-19.569889,-19.555058,-0.336936
1420.582705,-19.574154,-19.560486,-0.304888
1420.583877,-19.608585,-19.563784,-1.159504
1420.585049,-19.589951,-19.571430,-0.438489
1420.586221,-19.555368,-19.571199,0.510526
1420.587392,-19.557055,-19.555313,0.024122
1420.588564,-19.530418,-19.548582,0.575238
1420.589736,-19.533472,-19.581720,1.413029
1420.590908,-19.585566,-19.593491,0.291453
1420.592080,-19.608202,-19.572081,-0.921846
1420.593252,-19.630699,-19.582470,-1.253210
1420.594424,-19.610435,-19.611483,0.101181
1420.595596,-19.549480,-19.606071,1.646381
1420.596767,-19.519682,-19.594872,2.168210
1420.597939,-19.549215,-19.599613,1.473105
1420.599111,-19.596149,-19.607452,0.385009
1420.600283,-19.595411,-19.619461,0.738699
1420.601455,-19.604486,-19.629604,0.768386
1420.602627,-19.607460,-19.615036,0.281782
1420.603799,-19.571180,-19.608330,1.103277
1420.604971,-19.585737,-19.605322,0.614683
1420.606142,-19.624966,-19.603851,-0.509847
1420.607314,-19.680574,-19.595978,-2.242987
1420.608486,-19.713520,-19.597198,-3.099663
1420.609658,-19.674026,-19.610413,-1.672935
1420.610830,-19.645100,-19.618948,-0.648298
1420.612002,-19.651905,-19.644314,-0.137364
1420.613174,-19.656670,-19.632711,-0.588029
1420.614346,-19.641932,-19.622805,-0.455179
1420.615517,-19.627338,-19.631186,0.178598
1420.616689,-19.648470,-19.618662,-0.748692
1420.617861,-19.652651,-19.615585,-0.947714
1420.619033,-19.618505,-19.642281,0.731073
1420.620205,-19.605055,-19.654276,1.440213
1420.621377,-19.625164,-19.650942,0.786728
1420.622549,-19.628803,-19.649748,0.652440
1420.623721,-19.629959,-19.644455,0.473499
1420.624892,-19.610172,-19.660734,1.477684
1420.626064,-19.582207,-19.647072,1.878244
1420.627236,-19.616068,-19.620436,0.193005
1420.628408,-19.673962,-19.638536,-0.902760
1420.629580,-19.695757,-19.657547,-0.979068
1420.630752,-19.710373,-19.653870,-1.479129
1420.631924,-19.691454,-19.657640,-0.858579
1420.633096,-19.663631,-19.672867,0.327737
1420.634267,-19.629190,-19.663740,1.030839
1420.635439,-19.630587,-19.654259,0.728212
1420.636611,-19.672010,-19.664276,-0.141313
1420.637783,-19.663147,-19.687830,0.756297
1420.638955,-19.671972,-19.703135,0.936511
1420.640127,-19.676264,-19.692080,0.510112
1420.641299,-19.686792,-19.695883,0.323716
1420.642471,-19.661119,-19.695150,1.016389
1420.643642,-19.649498,-19.694160,1.312864
1420.644814,-19.648417,-19.696249,1.401397
1420.645986,-19.656301,-19.701979,1.341192
1420.647158,-19.689735,-19.704510,0.481225
1420.648330,-19.717367,-19.703728,-0.304101
1420.649502,-19.711348,-19.708275,-0.012648
1420.650674,-19.667934,-19.703653,1.063402
1420.651846,-19.643171,-19.731548,2.539570
1420.653017,-19.680634,-19.752556,2.076371
1420.654189,-19.716534,-19.732693,0.519626
1420.655361,-19.733299,-19.709604,-0.580797
1420.656533,-19.729355,-19.734226,0.206940
1420.657705,-19.705608,-19.723507,0.567884
1420.658877,-19.673761,-19.713066,1.163367
1420.660049,-19.704782,-19.731308,0.807517
1420.661221,-19.714548,-19.726927,0.414811
1420.662392,-19.721851,-19.727795,0.236599
1420.663564,-19.724918,-19.734314,0.332172
1420.664736,-19.696386,-19.727043,0.922447
1420.665908,-19.696680,-19.720041,0.719570
1420.667080,-19.710365,-19.734360,0.737168
1420.668252,-19.753378,-19.756199,0.150226
1420.669424,-19.765589,-19.748905,-0.387935
1420.670596,-19.713696,-19.733196,0.612351
1420.671767,-19.748577,-19.739807,-0.169877
1420.672939,-19.754017,-19.750414,-0.027291
1420.674111,-19.754881,-19.756781,0.124745
1420.675283,-19.775387,-19.752373,-0.562075
1420.676455,-19.710829,-19.749443,1.144110
1420.677627,-19.734634,-19.739294,0.201074
1420.678799,-19.767467,-19.728582,-0.997560
1420.679971,-19.771719,-19.759956,-0.252387
1420.681142,-19.803919,-19.767540,-0.928900
1420.682314,-19.793156,-19.748997,-1.141921
1420.683486,-19.786144,-19.744057,-1.085242
1420.684658,-19.769344,-19.757040,-0.267310
1420.685830,-19.752132,-19.779400,0.828148
1420.687002,-19.726755,-19.786806,1.743284
1420.688174,-19.768496,-19.790239,0.674631
1420.689346,-19.777004,-19.782764,0.231520
1420.690517,-19.745508,-19.762098,0.531587
1420.691689,-19.787104,-19.758184,-0.724299
1420.692861,-19.832748,-19.772226,-1.588701
1420.694033,-19.800110,-19.787069,-0.287598
1420.695205,-19.769619,-19.796549,0.818762
1420.696377,-19.774452,-19.801529,0.822840
1420.697549,-19.747530,-19.798721,1.495296
1420.698721,-19.722237,-19.793045,2.045082
1420.699892,-19.724699,-19.788506,1.848557
1420.701064,-19.781584,-19.776131,-0.078368
1420.702236,-19.789074,-19.792112,0.156235
1420.703408,-19.842224,-19.812290,-0.752148
1420.704580,-19.842945,-19.797956,-1.164612
1420.705752,-19.779961,-19.778530,0.032714
1420.706924,-19.803761,-19.797928,-0.088841
1420.708096,-19.822969,-19.827572,0.199501
1420.709267,-19.785994,-19.821793,1.065634
1420.710439,-19.754238,-19.792358,1.130332
1420.711611,-19.760006,-19.792942,0.985900
1420.712783,-19.798977,-19.796909,0.015116
1420.713955,-19.848505,-19.809345,-1.005086
1420.715127,-19.900824,-19.827290,-1.942785
1420.716299,-19.903788,-19.813454,-2.398371
1420.717471,-19.898716,-19.823553,-1.987030
1420.718642,-19.892176,-19.829342,-1.651689
1420.719814,-19.842560,-19.809555,-0.836396
1420.720986,-19.791613,-19.809471,0.566783
1420.722158,-19.822199,-19.817223,-0.065205
1420.723330,-19.833591,-19.828615,-0.065205
1420.724502,-19.804863,-19.824635,0.619877
1420.725674,-19.775738,-19.839142,1.837268
1420.726846,-19.773872,-19.856108,2.366480
1420.728017,-19.813940,-19.831577,0.560631
1420.729189,-19.866693,-19.821371,-1.173740
1420.730361,-19.856384,-19.839251,-0.400325
1420.731533,-19.825699,-19.830978,0.218229
1420.732705,-19.839348,-19.826471,-0.283084
1420.733877,-19.934017,-19.826471,-2.863314
1420.735049,-19.972574,-19.828163,-3.852970
1420.736221,-19.912514,-19.820950,-2.431671
1420.737392,-19.834999,-19.842390,0.276660
1420.738564,-19.798243,-19.874271,2.191803
1420.739736,-19.833763,-19.859770,0.793095
1420.740908,-19.853065,-19.835751,-0.405311
1420.742080,-19.878460,-19.801878,-2.025566
1420.743252,-19.908632,-19.803169,-2.807151
1420.744424,-19.923653,-19.823202,-2.671876
1420.745596,-19.934870,-19.825308,-2.917654
1420.746767,-19.892508,-19.846333,-1.197061
1420.747939,-19.871086,-19.869400,0.025653
1420.749111,-19.841900,-19.856178,0.467476
1420.750283,-19.826258,-19.850052,0.731602
1420.751455,-19.832911,-19.856091,0.714534
1420.752627,-19.829016,-19.855326,0.801522
1420.753799,-19.840227,-19.870892,0.922647
1420.754971,-19.842350,-19.875685,0.996988
1420.756142,-19.843246,-19.876152,0.985041
1420.757314,-19.852627,-19.891171,1.142135
1420.758486,-19.850605,-19.893940,1.275808
1420.759658,-19.871271,-19.895864,0.753807
1420.760830,-19.915049,-19.889742,-0.625085
1420.762002,-19.912544,-19.848297,-1.690175
1420.763174,-19.900990,-19.839073,-1.626694
1420.764346,-19.866035,-19.872452,0.249691
1420.765517,-19.846766,-19.869310,0.696893
1420.766689,-19.873688,-19.860373,-0.295166
1420.767861,-19.885906,-19.879435,-0.106475
1420.769033,-19.891701,-19.852051,-1.018513
1420.770205,-19.903376,-19.830120,-1.935216
1420.771377,-19.882093,-19.872189,-0.201175
1420.772549,-19.883375,-19.916117,0.980477
1420.773721,-19.893103,-19.917381,0.745066
1420.774892,-19.873381,-19.902092,0.868308
1420.776064,-19.833160,-19.900915,1.959338
1420.777236,-19.870150,-19.890373,0.632424
1420.778408,-19.950468,-19.872196,-2.071443
1420.779580,-19.943506,-19.856276,-2.314352
1420.780752,-19.899048,-19.862759,-0.926446
1420.781924,-19.864498,-19.875328,0.371903
1420.783096,-19.852888,-19.869015,0.518725
1420.784267,-19.875107,-19.876209,0.102712
1420.785439,-19.879126,-19.906181,0.822268
1420.786611,-19.922134,-19.910648,-0.244762
1420.787783,-19.956434,-19.916260,-1.032871
1420.788955,-19.984972,-19.927681,-1.500611
1420.790127,-19.953672,-19.928402,-0.624090
1420.791299,-19.887890,-19.914408,0.807302
1420.792471,-19.902031,-19.900406,0.027334
1420.793642,-19.915535,-19.881189,-0.873166
1420.794814,-19.897011,-19.879347,-0.414918
1420.795986,-19.897156,-19.883444,-0.306097
1420.797158,-19.877110,-19.888697,0.392878
1420.798330,-19.853584,-19.898584,1.322292
1420.799502,-19.834129,-19.887096,1.544957
1420.800674,-19.853474,-19.868196,0.479794
1420.801846,-19.848421,-19.877861,0.888582
1420.803017,-19.822556,-19.905787,2.394522
1420.804189,-19.864403,-19.914684,1.469858
1420.805361,-19.895863,-19.913258,0.553920
1420.806533,-19.883478,-19.902803,0.607487
1420.807705,-19.871620,-19.866323,-0.074047
1420.808877,-19.878418,-19.841055,-0.955869
1420.810049,-19.837973,-19.869707,0.952435
1420.811221,-19.865225,-19.893606,0.859123
1420.812392,-19.888872,-19.884476,-0.049196
1420.813564,-19.891684,-19.887291,-0.049095
1420.814736,-19.915810,-19.883833,-0.808196
1420.815908,-19.934519,-19.889175,-1.174320
1420.817080,-19.941643,-19.893599,-1.248159
1420.818252,-19.894917,-19.882481,-0.270937
1420.819424,-19.866535,-19.883093,0.530685
1420.820596,-19.896395,-19.896700,0.080664
1420.821767,-19.910906,-19.884748,-0.648456
1420.822939,-19.891603,-19.879723,-0.255642
1420.824111,-19.892748,-19.876772,-0.368448
1420.825283,-19.917393,-19.877489,-1.025459
1420.826455,-19.882694,-19.893934,0.383263
1420.827627,-19.833332,-19.909348,2.191431
1420.828799,-19.837337,-19.890574,1.552482
1420.829971,-19.869131,-19.878983,0.344791
1420.831142,-19.873306,-19.887085,0.453612
1420.832314,-19.866388,-19.895561,0.881156
1420.833486,-19.896790,-19.895727,0.042879
1420.834658,-19.912529,-19.903999,-0.163253
1420.835830,-19.929646,-19.914225,-0.353168
1420.837002,-19.911648,-19.901731,-0.201489
1420.838174,-19.894238,-19.901726,0.279350
1420.839346,-19.888021,-19.910862,0.705105
1420.840517,-19.882141,-19.893450,0.385166
1420.841689,-19.877005,-19.871313,-0.084949
1420.842861,-19.885561,-19.881628,-0.036398
1420.844033,-19.895679,-19.914009,0.579845
1420.845205,-19.914743,-19.922508,0.287018
1420.846377,-19.938540,-19.906923,-0.798310
1420.847549,-19.916380,-19.918922,0.142515
1420.848721,-19.882605,-19.896210,0.448805
1420.849892,-19.877720,-19.876787,0.046463
1420.851064,-19.883888,-19.878456,-0.077789
1420.852236,-19.937643,-19.883123,-1.425004
1420.853408,-19.928070,-19.899607,-0.711780
1420.854580,-19.891708,-19.902212,0.362861
1420.855752,-19.894218,-19.898796,0.198814
1420.856924,-19.873478,-19.902475,0.876263
1420.858096,-19.842070,-19.871792,0.896436
1420.859267,-19.872124,-19.855309,-0.391554
1420.860439,-19.905216,-19.879114,-0.646932
1420.861611,-19.918369,-19.889677,-0.718068
1420.862783,-19.887867,-19.901751,0.456531
1420.863955,-19.832630,-19.907597,2.161929
1420.865127,-19.825146,-19.903402,2.254468
1420.866299,-19.893734,-19.885971,-0.142100
1420.867471,-19.919451,-19.884417,-0.892044
1420.868642,-19.873520,-19.882057,0.308393
1420.869814,-19.833778,-19.854605,0.649164
1420.870986,-19.824024,-19.855854,0.955096
1420.872158,-19.837166,-19.875046,1.123636
1420.873330,-19.825348,-19.873535,1.411312
1420.874502,-19.858822,-19.853571,-0.072788
1420.875674,-19.942268,-19.838984,-2.748384
1420.876846,-19.926554,-19.850658,-2.006924
1420.878017,-19.897717,-19.858353,-1.010673
1420.879189,-19.924925,-19.868153,-1.486461
1420.880361,-19.866049,-19.867619,0.115631
1420.881533,-19.806715,-19.849873,1.270858
1420.882705,-19.818634,-19.831097,0.417143
1420.883877,-19.866535,-19.839785,-0.664744
1420.885049,-19.879614,-19.869564,-0.205173
1420.886221,-19.833858,-19.880713,1.374070
1420.887392,-19.830376,-19.848158,0.564665
1420.888564,-19.862078,-19.850176,-0.256222
1420.889736,-19.818947,-19.868353,1.445378
1420.890908,-19.819378,-19.850561,0.937098
1420.892080,-19.870892,-19.850018,-0.503237
1420.893252,-19.878201,-19.844639,-0.851669
1420.894424,-19.843786,-19.855759,0.403551
1420.895596,-19.857597,-19.856079,0.030288
1420.896767,-19.814144,-19.844730,0.920473
1420.897939,-19.796940,-19.835491,1.142350
1420.899111,-19.821922,-19.835907,0.459335
1420.900283,-19.844551,-19.839325,-0.072102
1420.901455,-19.876274,-19.866095,-0.208743
1420.902627,-19.837416,-19.866545,0.879926
1420.903799,-19.796341,-19.834534,1.132349
1420.904971,-19.837324,-19.837746,0.083884
1420.906142,-19.858650,-19.839687,-0.450665
1420.907314,-19.836607,-19.843510,0.263139
1420.908486,-19.845390,-19.850208,0.205452
1420.909658,-19.859436,-19.838398,-0.507751
1420.910830,-19.824846,-19.820850,-0.038136
1420.912002,-19.803127,-19.816692,0.447703
1420.913174,-19.822777,-19.809158,-0.303522
1420.914346,-19.851665,-19.817814,-0.859624
1420.915517,-19.840012,-19.843061,0.156550
1420.916689,-19.808722,-19.843124,1.026747
1420.917861,-19.823095,-19.827881,0.204565
1420.919033,-19.832733,-19.825302,-0.132943
1420.920205,-19.840563,-19.821569,-0.451502
1420.921377,-19.845177,-19.831621,-0.301790
1420.922549,-19.847837,-19.830503,-0.405833
1420.923721,-19.827381,-19.809757,-0.413816
1420.924892,-19.820848,-19.792707,-0.702931
1420.926064,-19.839903,-19.809889,-0.754344
1420.927236,-19.824345,-19.831991,0.283742
1420.928408,-19.812336,-19.838039,0.784668
1420.929580,-19.784163,-19.821285,1.102533
1420.930752,-19.754374,-19.810505,1.633504
1420.931924,-19.742481,-19.789717,1.384729
1420.933096,-19.752850,-19.783684,0.927383
1420.934267,-19.763474,-19.800625,1.103320
1420.935439,-19.732904,-19.776922,1.294865
1420.936611,-19.748087,-19.757040,0.319911
1420.937783,-19.762836,-19.757490,-0.075421
1420.938955,-19.753019,-19.772064,0.599704
1420.940127,-19.774881,-19.796083,0.659594
1420.941299,-19.780413,-19.814663,1.022498
1420.942471,-19.740793,-19.789740,1.432530
1420.943642,-19.713982,-19.774439,1.754673
1420.944814,-19.746298,-19.770542,0.744107
1420.945986,-19.757517,-19.783741,0.799133
1420.947158,-19.717911,-19.819225,2.904992
1420.948330,-19.724194,-19.831821,3.083718
1420.949502,-19.746637,-19.826218,2.291725
1420.950674,-19.753904,-19.810141,1.636437
1420.951846,-19.748348,-19.800648,1.526286
1420.953017,-19.730097,-19.795860,1.903454
1420.954189,-19.759665,-19.788357,0.867779
1420.955361,-19.752916,-19.782578,0.894734
1420.956533,-19.747963,-19.780104,0.963752
1420.957705,-19.834370,-19.787468,-1.216927
1420.958877,-19.869619,-19.788559,-2.147107
1420.960049,-19.850098,-19.798382,-1.348468
1420.961221,-19.782770,-19.790106,0.275129
1420.962392,-19.750851,-19.780079,0.882687
1420.963564,-19.733292,-19.774319,1.211397
1420.964736,-19.721205,-19.749432,0.854831
1420.965908,-19.756554,-19.751308,-0.072631
1420.967080,-19.779175,-19.774021,-0.070098
1420.968252,-19.747047,-19.769833,0.703560
1420.969424,-19.768738,-19.763996,-0.058731
1420.970596,-19.800159,-19.763048,-0.948973
1420.971767,-19.786728,-19.738888,-1.242579
1420.972939,-19.783640,-19.712027,-1.890584
1420.974111,-19.787317,-19.724689,-1.646073
1420.975283,-19.754913,-19.734285,-0.496470
1420.976455,-19.700069,-19.742830,1.259784
1420.977627,-19.685047,-19.743509,1.698774
1420.978799,-19.727724,-19.725903,0.021912
1420.979971,-19.727139,-19.707277,-0.475381
1420.981142,-19.715363,-19.703333,-0.259741
1420.982314,-19.688000,-19.705221,0.549099
1420.983486,-19.709682,-19.715921,0.244769
1420.984658,-19.732574,-19.721891,-0.222628
1420.985830,-19.714489,-19.718361,0.179284
1420.987002,-19.743202,-19.715412,-0.693295
1420.988174,-19.775938,-19.728300,-1.237050
1420.989346,-19.746738,-19.745373,0.034502
1420.990517,-19.703577,-19.736675,0.990407
1420.991689,-19.690598,-19.717802,0.826402
1420.992861,-19.686893,-19.709614,0.701757
1420.994033,-19.708065,-19.720545,0.417615
1420.995205,-19.737484,-19.722082,-0.352639
1420.996377,-19.747719,-19.716700,-0.781928
1420.997549,-19.701040,-19.701174,0.075929
1420.998721,-19.652733,-19.702894,1.466495
1420.999892,-19.669317,-19.731901,1.814277
1421.001064,-19.697884,-19.740002,1.241843
1421.002236,-19.693707,-19.703796,0.351401
1421.003408,-19.722303,-19.689392,-0.833835
1421.004580,-19.695204,-19.685642,-0.191710
1421.005752,-19.640821,-19.678537,1.119058
1421.006924,-19.639215,-19.695591,1.640343
1421.008096,-19.654428,-19.678762,0.746596
1421.009267,-19.676716,-19.648821,-0.696178
1421.010439,-19.690050,-19.661314,-0.719270
1421.011611,-19.683023,-19.696798,0.453512
1421.012783,-19.648499,-19.693361,1.318458
1421.013955,-19.668264,-19.681585,0.440936
1421.015127,-19.682615,-19.675533,-0.123314
1421.016299,-19.646534,-19.678074,0.947027
1421.017471,-19.639942,-19.669806,0.900357
1421.018642,-19.664137,-19.665331,0.105244
1421.019814,-19.658867,-19.671089,0.410476
1421.020986,-19.640371,-19.677134,1.092475
1421.022158,-19.654181,-19.658010,0.178126
1421.023330,-19.646442,-19.646118,0.063274
1421.024502,-19.716185,-19.638710,-2.049803
1421.025674,-19.739979,-19.649448,-2.403693
1421.026846,-19.698524,-19.664507,-0.864174
1421.028017,-19.673439,-19.664900,-0.163511
1421.029189,-19.620201,-19.662148,1.237050
1421.030361,-19.577948,-19.650686,2.099306
1421.031533,-19.618532,-19.641645,0.712674
1421.032705,-19.723095,-19.640581,-2.186523
1421.033877,-19.697796,-19.640593,-1.498222
1421.035049,-19.671637,-19.625742,-1.189392
1421.036221,-19.650324,-19.623098,-0.677793
1421.037392,-19.622938,-19.637356,0.471339
1421.038564,-19.626047,-19.629372,0.164147
1421.039736,-19.631424,-19.611786,-0.469236
1421.040908,-19.617760,-19.606960,-0.225833
1421.042080,-19.640125,-19.620401,-0.471603
1421.043252,-19.645142,-19.628668,-0.382154
1421.044424,-19.624668,-19.618237,-0.105366
1421.045596,-19.634544,-19.601130,-0.847642
1421.046767,-19.631544,-19.600094,-0.793760
1421.047939,-19.639271,-19.602612,-0.936583
1421.049111,-19.611359,-19.616137,0.204351
1421.050283,-19.588373,-19.628548,1.187618
1421.051455,-19.587755,-19.626089,1.136298
1421.052627,-19.566931,-19.611942,1.322607
1421.053799,-19.601715,-19.604582,0.151485
1421.054971,-19.634403,-19.600334,-0.865583
1421.056142,-19.644875,-19.610338,-0.878395
1421.057314,-19.658821,-19.632557,-0.651389
1421.058486,-19.672348,-19.625338,-1.219895
1421.059658,-19.644087,-19.617847,-0.650709
1421.060830,-19.599449,-19.619329,0.622896
1421.062002,-19.609791,-19.603329,-0.106210
1421.063174,-19.617567,-19.577118,-1.040396
1421.064346,-19.631676,-19.552467,-2.096859
1421.065517,-19.639576,-19.579611,-1.573521
1421.066689,-19.629992,-19.611753,-0.430720
1421.067861,-19.607450,-19.617025,0.337137
1421.069033,-19.580051,-19.603001,0.708124
1421.070205,-19.629728,-19.596237,-0.849738
1421.071377,-19.635941,-19.596823,-1.003934
1421.072549,-19.550898,-19.574379,0.722904
1421.073721,-19.517527,-19.566362,1.429440
1421.074892,-19.546009,-19.585983,1.182038
1421.076064,-19.565428,-19.595671,0.910930
1421.077236,-19.598949,-19.584703,-0.320805
1421.078408,-19.604687,-19.569387,-0.899312
1421.079580,-19.568695,-19.578760,0.350714
1421.080752,-19.563263,-19.603516,1.189793
1421.081924,-19.549910,-19.590191,1.190594
1421.083096,-19.513700,-19.564312,1.479071
1421.084267,-19.525349,-19.557426,0.961992
1421.085439,-19.560133,-19.554665,-0.078790
1421.086611,-19.568836,-19.553846,-0.341293
1421.087783,-19.572712,-19.549263,-0.574029
1421.088955,-19.578842,-19.551907,-0.669831
1421.090127,-19.553707,-19.565968,0.411534
1421.091299,-19.567339,-19.560810,-0.108056
1421.092471,-19.637390,-19.574345,-1.657455
1421.093642,-19.636442,-19.573336,-1.659114
1421.094814,-19.612644,-19.564951,-1.238566
1421.095986,-19.609322,-19.565578,-1.130546
1421.097158,-19.608887,-19.571117,-0.967000
1421.098330,-19.605310,-19.584152,-0.511049
1421.099502,-19.618126,-19.568485,-1.291782
1421.100674,-19.590939,-19.556465,-0.876671
1421.101846,-19.515625,-19.548662,0.988704
1421.103017,-19.526890,-19.547436,0.641381
1421.104189,-19.585922,-19.555758,-0.758479
1421.105361,-19.600216,-19.582726,-0.410139
1421.106533,-19.584091,-19.597658,0.447746
1421.107705,-19.587576,-19.599073,0.390388
1421.108877,-19.606655,-19.595701,-0.230097
1421.110049,-19.568306,-19.581104,0.426443
1421.111221,-19.581537,-19.562588,-0.450293
1421.112392,-19.566305,-19.550097,-0.374858
1421.113564,-19.550442,-19.547157,-0.018492
1421.114736,-19.549862,-19.537556,-0.267367
1421.115908,-19.565369,-19.545376,-0.479000
1421.117080,-19.557129,-19.548626,-0.162516
1421.118252,-19.503834,-19.566963,1.829571
1421.119424,-19.485130,-19.585751,2.885362
1421.120596,-19.484028,-19.579279,2.733590
1421.121767,-19.491993,-19.569601,2.236227
1421.122939,-19.530462,-19.533327,0.151428
1421.124111,-19.582352,-19.508249,-1.958222
1421.125283,-19.565369,-19.531101,-0.871020
1421.126455,-19.543108,-19.551498,0.304330
1421.127627,-19.542068,-19.546875,0.205138
1421.128799,-19.547737,-19.537886,-0.199701
1421.129971,-19.563801,-19.510338,-1.396168
1421.131142,-19.544643,-19.504425,-1.034072
1421.132314,-19.522768,-19.503021,-0.472233
1421.133486,-19.556456,-19.516537,-1.025874
1421.134658,-19.549948,-19.536057,-0.311033
1421.135830,-19.505865,-19.542360,1.085035
1421.137002,-19.516632,-19.541077,0.749672
1421.138174,-19.552225,-19.533657,-0.439798
1421.139346,-19.555199,-19.547878,-0.129896
1421.140517,-19.509800,-19.560944,1.493951
1421.141689,-19.466896,-19.561432,2.713388
1421.142861,-19.522903,-19.535137,0.410790
1421.144033,-19.553831,-19.527615,-0.650080
1421.145205,-19.550407,-19.538162,-0.265686
1421.146377,-19.560112,-19.520277,-1.023578
1421.147549,-19.583971,-19.513283,-1.865432
1421.148721,-19.537819,-19.527332,-0.217213
1421.149892,-19.504778,-19.558357,1.562082
1421.151064,-19.517477,-19.552858,1.054003
1421.152236,-19.524855,-19.524246,0.055426
1421.153408,-19.522070,-19.536270,0.465301
1421.154580,-19.562057,-19.564754,0.146793
1421.155752,-19.579777,-19.540131,-1.018406
1421.156924,-19.571922,-19.519218,-1.375444
1421.158096,-19.592207,-19.514755,-2.049181
1421.159267,-19.570484,-19.533693,-0.940188
1421.160439,-19.493679,-19.540358,1.369163
1421.161611,-19.494642,-19.540699,1.351794
1421.162783,-19.531300,-19.541416,0.352131
1421.163955,-19.551088,-19.564873,0.453784
1421.165127,-19.555122,-19.580067,0.763565
1421.166299,-19.529686,-19.557062,0.831167
1421.167471,-19.546261,-19.537657,-0.165299
1421.168642,-19.579126,-19.526855,-1.363619
1421.169814,-19.558960,-19.542334,-0.386354
1421.170986,-19.517626,-19.551144,1.002096
1421.172158,-19.533867,-19.538683,0.205410
1421.173330,-19.569586,-19.551296,-0.432137
1421.174502,-19.627743,-19.566263,-1.614790
1421.175674,-19.588066,-19.563696,-0.599353
1421.176846,-19.529869,-19.560625,0.925208
1421.178017,-19.523775,-19.562637,1.151020
1421.179189,-19.492519,-19.564104,2.066886
1421.180361,-19.474289,-19.542992,1.985950
1421.181533,-19.548349,-19.530487,-0.420376
1421.182705,-19.585760,-19.539093,-1.210510
1421.183877,-19.588312,-19.542988,-1.173797
1421.185049,-19.632027,-19.554428,-2.053172
1421.186221,-19.626057,-19.559645,-1.749107
1421.187392,-19.595053,-19.572687,-0.544249
1421.188564,-19.594740,-19.591803,-0.008906
1421.189736,-19.578100,-19.574562,-0.025503
1421.190908,-19.573420,-19.555187,-0.430563
1421.192080,-19.597685,-19.572723,-0.615599
1421.193252,-19.597046,-19.592747,-0.046513
1421.194424,-19.538464,-19.575039,1.087267
1421.195596,-19.526506,-19.558142,0.949674
1421.196767,-19.533632,-19.555107,0.667162
1421.197939,-19.540394,-19.553015,0.421521
1421.199111,-19.562897,-19.565313,0.139038
1421.200283,-19.575817,-19.583433,0.282898
1421.201455,-19.560110,-19.596842,1.091631
1421.202627,-19.562794,-19.599264,1.084348
1421.203799,-19.561972,-19.602989,1.211139
1421.204971,-19.545172,-19.568924,0.730429
1421.206142,-19.595421,-19.557589,-0.968724
1421.207314,-19.626673,-19.565069,-1.618174
1421.208486,-19.594118,-19.571003,-0.564858
1421.209658,-19.577629,-19.600012,0.692386
1421.210830,-19.591597,-19.618126,0.807617
1421.212002,-19.631472,-19.614635,-0.392134
1421.213174,-19.636026,-19.609678,-0.653692
1421.214346,-19.586134,-19.579296,-0.116576
1421.215517,-19.578884,-19.564816,-0.315919
1421.216689,-19.614319,-19.592264,-0.535700
1421.217861,-19.641863,-19.617632,-0.595526
1421.219033,-19.637552,-19.619495,-0.425734
1421.220205,-19.645321,-19.614185,-0.785126
1421.221377,-19.698256,-19.617134,-2.148759
1421.222549,-19.672869,-19.624090,-1.268225
1421.223721,-19.589211,-19.630093,1.207362
1421.224892,-19.570536,-19.616835,1.358561
1421.226064,-19.540108,-19.584095,1.294007
1421.227236,-19.547832,-19.531696,-0.372862
1421.228408,-19.536118,-19.499165,-0.944631
1421.229580,-19.551332,-19.507763,-1.125796
1421.230752,-19.595362,-19.547131,-1.253267
1421.231924,-19.627787,-19.604298,-0.575131
1421.233096,-19.662359,-19.635046,-0.680203
1421.234267,-19.659037,-19.657944,0.042042
1421.235439,-19.611254,-19.667595,1.639385
1421.236611,-19.640388,-19.655056,0.478263
1421.237783,-19.665733,-19.651451,-0.321806
1421.238955,-19.673975,-19.651886,-0.536644
1421.240127,-19.666620,-19.643917,-0.553534
1421.241299,-19.653988,-19.650400,-0.026869
1421.242471,-19.650013,-19.659674,0.339512
1421.243642,-19.655493,-19.658358,0.151428
1421.244814,-19.648684,-19.660942,0.411477
1421.245986,-19.683836,-19.671356,-0.272146
1421.247158,-19.713257,-19.679338,-0.861455
1421.248330,-19.671019,-19.687441,0.526923
1421.249502,-19.656706,-19.680235,0.724234
1421.250674,-19.675972,-19.671215,-0.059146
1421.251846,-19.707054,-19.664721,-1.091974
1421.253017,-19.739162,-19.666616,-1.915937
1421.254189,-19.731834,-19.671860,-1.573786
1421.255361,-19.686535,-19.681232,-0.074205
1421.256533,-19.691063,-19.687729,-0.019866
1421.257705,-19.721130,-19.688625,-0.822690
1421.258877,-19.755529,-19.682858,-1.919356
1421.260049,-19.741505,-19.691450,-1.303092
1421.261221,-19.711296,-19.717283,0.237801
1421.262392,-19.718142,-19.733398,0.494602
1421.263564,-19.762125,-19.721306,-1.050526
1421.264736,-19.739204,-19.726154,-0.287862
1421.265908,-19.698631,-19.717796,0.603037
1421.267080,-19.707207,-19.713694,0.251636
1421.268252,-19.752270,-19.737509,-0.334990
1421.269424,-19.778702,-19.760752,-0.422794
1421.270596,-19.771322,-19.781406,0.351244
1421.271767,-19.774870,-19.790569,0.506878
1421.272939,-19.785719,-19.785408,0.063646
1421.274111,-19.766386,-19.785368,0.597958
1421.275283,-19.793484,-19.769938,-0.576705
1421.276455,-19.745033,-19.774113,0.878552
1421.277627,-19.676197,-19.760975,2.438102
1421.278799,-19.734430,-19.752012,0.559100
1421.279971,-19.839283,-19.769432,-1.842662
1421.281142,-19.824905,-19.788799,-0.921424
1421.282314,-19.784863,-19.787403,0.142472
1421.283486,-19.781267,-19.774164,-0.123894
1421.284658,-19.762053,-19.780323,0.578214
1421.285830,-19.768562,-19.779144,0.365036
1421.287002,-19.770893,-19.770948,0.073768
1421.288174,-19.738911,-19.802101,1.831288
1421.289346,-19.759365,-19.827206,1.961742
1421.290517,-19.798618,-19.817663,0.599704
1421.291689,-19.825584,-19.791910,-0.854759
1421.292861,-19.840887,-19.818476,-0.545508
1421.294033,-19.841946,-19.827515,-0.325905
1421.295205,-19.868221,-19.813831,-1.421463
1421.296377,-19.868052,-19.817034,-1.329396
1421.297549,-19.845507,-19.824520,-0.506334
1421.298721,-19.841454,-19.829609,-0.254648
1421.299892,-19.864681,-19.829254,-0.902817
1421.301064,-19.868969,-19.845177,-0.583472
1421.302236,-19.824026,-19.869959,1.348332
1421.303408,-19.839798,-19.902370,1.813962
1421.304580,-19.880228,-19.907858,0.838234
1421.305752,-19.887266,-19.882711,-0.053566
1421.306924,-19.914701,-19.880217,-0.876986
1421.308096,-19.907898,-19.901463,-0.105473
1421.309267,-19.895733,-19.917286,0.669337
1421.310439,-19.873894,-19.935368,1.783158
1421.311611,-19.890194,-19.942377,1.523023
1421.312783,-19.906689,-19.930790,0.740130
1421.313955,-19.892750,-19.919912,0.825229
1421.315127,-19.899679,-19.911705,0.405039
1421.316299,-19.939901,-19.920601,-0.459950
1421.317471,-19.931767,-19.933577,0.122270
1421.318642,-19.897959,-19.941017,1.268082
1421.319814,-19.926741,-19.942181,0.499682
1421.320986,-20.014244,-19.964252,-1.301368
1421.322158,-20.013451,-19.999382,-0.315919
1421.323330,-19.994474,-19.991737,-0.003377
1421.324502,-19.976662,-19.986435,0.342631
1421.325674,-19.961489,-19.998184,1.090615
1421.326846,-19.930990,-20.002737,2.071450
1421.328017,-19.931877,-20.003735,2.074554
1421.329189,-19.949045,-20.001915,1.542238
1421.330361,-20.010138,-20.007019,-0.013914
1421.331533,-20.084202,-20.035250,-1.272968
1421.332705,-20.046156,-20.065365,0.604253
1421.333877,-19.970625,-20.077396,3.059453
1421.335049,-19.935726,-20.080719,4.146777
1421.336221,-20.022985,-20.065407,1.250298
1421.337392,-20.069044,-20.042135,-0.669094
1421.338564,-20.065393,-20.029991,-0.902138
1421.339736,-20.072830,-20.059507,-0.295381
1421.340908,-20.094202,-20.079376,-0.336779
1421.342080,-20.131771,-20.066795,-1.710012
1421.343252,-20.117662,-20.044773,-1.925265
1421.344424,-20.068958,-20.057243,-0.251071
1421.345596,-20.045731,-20.093315,1.394473
1421.346767,-20.113197,-20.117088,0.179814
1421.347939,-20.181406,-20.114573,-1.760581
1421.349111,-20.129110,-20.123520,-0.082160
1421.350283,-20.063068,-20.139935,2.215352
1421.351455,-20.067944,-20.138847,2.047757
1421.352627,-20.126148,-20.126740,0.088576
1421.353799,-20.214390,-20.125767,-2.352058
1421.354971,-20.225235,-20.140396,-2.249547
1421.356142,-20.226154,-20.169052,-1.495461
1421.357314,-20.199259,-20.189419,-0.199386
1421.358486,-20.203754,-20.169025,-0.883682
1421.359658,-20.217169,-20.154402,-1.649865
1421.360830,-20.199856,-20.140627,-1.553455
1421.362002,-20.209597,-20.171556,-0.974418
1421.363174,-20.234755,-20.226564,-0.153889
1421.364346,-20.190428,-20.233353,1.264362
1421.365517,-20.158176,-20.208176,1.461960
1421.366689,-20.168880,-20.211414,1.253446
1421.367861,-20.207523,-20.252357,1.317657
1421.369033,-20.235416,-20.273701,1.134910
1421.370205,-20.287683,-20.264023,-0.579852
1421.371377,-20.252556,-20.266617,0.461438
1421.372549,-20.223074,-20.261963,1.151764
1421.373721,-20.269772,-20.270517,0.092854
1421.374892,-20.298916,-20.274036,-0.613346
1421.376064,-20.331667,-20.277235,-1.422615
1421.377236,-20.310364,-20.288261,-0.537016
1421.378408,-20.257610,-20.327682,2.024408
1421.379580,-20.265825,-20.352613,2.494773
1421.380752,-20.334871,-20.348236,0.442152
1421.381924,-20.362320,-20.340824,-0.520334
1421.383096,-20.338766,-20.329121,-0.194021
1421.384267,-20.316441,-20.318829,0.138251
1421.385439,-20.326855,-20.326477,0.061800
1421.386611,-20.369518,-20.365637,-0.034981
1421.387783,-20.389523,-20.372171,-0.406305
1421.388955,-20.379999,-20.350117,-0.750731
1421.390127,-20.360607,-20.375191,0.475931
1421.391299,-20.412888,-20.397243,-0.359313
1421.392471,-20.460926,-20.393011,-1.790004
1421.393642,-20.402004,-20.383537,-0.437016
1421.394814,-20.361763,-20.388828,0.822525
1421.395986,-20.367279,-20.404203,1.096996
1421.397158,-20.349930,-20.426006,2.193147
1421.398330,-20.403891,-20.425030,0.657848
1421.399502,-20.493567,-20.446297,-1.226992
1421.400674,-20.540550,-20.466700,-1.951383
1421.401846,-20.533756,-20.444439,-2.370858
1421.403017,-20.534630,-20.452528,-2.175349
1421.404189,-20.513874,-20.467766,-1.195230
1421.405361,-20.447018,-20.479538,0.974311
1421.406533,-20.436794,-20.492296,1.615892
1421.407705,-20.496443,-20.493212,-0.017019
1421.408877,-20.569656,-20.501768,-1.789282
1421.410049,-20.567135,-20.514383,-1.376746
1421.411221,-20.542953,-20.516380,-0.659873
1421.412392,-20.558208,-20.498817,-1.557876
1421.413564,-20.547743,-20.505159,-1.098813
1421.414736,-20.570663,-20.529203,-1.068066
1421.415908,-20.575979,-20.542507,-0.849215
1421.417080,-20.545214,-20.547859,0.145362
1421.418252,-20.556091,-20.564299,0.299265
1421.419424,-20.621704,-20.559130,-1.644621
1421.420596,-20.621407,-20.549141,-1.908311
1421.421767,-20.595999,-20.568577,-0.683187
1421.422939,-20.599566,-20.586081,-0.299845
1421.424111,-20.595634,-20.601067,0.222449
1421.425283,-20.621529,-20.620134,0.033715
1421.426455,-20.636757,-20.601181,-0.906895
1421.427627,-20.602636,-20.591961,-0.222421
1421.428799,-20.611494,-20.611647,0.076458
1421.429971,-20.656111,-20.630247,-0.640386
1421.431142,-20.674000,-20.669050,-0.064469
1421.432314,-20.687876,-20.691011,0.158925
1421.433486,-20.685999,-20.683678,0.008105
1421.434658,-20.656113,-20.686607,0.917926
1421.435830,-20.645023,-20.712671,1.956334
1421.437002,-20.655573,-20.707218,1.507987
1421.438174,-20.679733,-20.684517,0.204508
1421.439346,-20.690231,-20.700418,0.354091
1421.440517,-20.700058,-20.734161,1.018406
1421.441689,-20.752396,-20.764698,0.412693
1421.442861,-20.785406,-20.782871,0.002203
1421.444033,-20.773846,-20.779579,0.230791
1421.445205,-20.788105,-20.774336,-0.307671
1421.446377,-20.792576,-20.767727,-0.612509
1421.447549,-20.761951,-20.769516,0.281467
1421.448721,-20.783024,-20.772316,-0.223315
1421.449892,-20.816788,-20.778843,-0.971807
1421.451064,-20.823572,-20.769680,-1.407879
1421.452236,-20.813482,-20.776649,-0.941340
1421.453408,-20.839813,-20.797157,-1.100794
1421.454580,-20.827106,-20.807121,-0.478786
1421.455752,-20.805548,-20.811674,0.241664
1421.456924,-20.818407,-20.840406,0.681742
1421.458096,-20.846632,-20.871803,0.769874
1421.459267,-20.845604,-20.864935,0.607644
1421.460439,-20.873320,-20.864477,-0.171880
1421.461611,-20.881002,-20.866873,-0.317600
1421.462783,-20.899355,-20.868292,-0.783137
1421.463955,-20.881729,-20.872326,-0.187339
1421.465127,-20.864141,-20.880995,0.538883
1421.466299,-20.899487,-20.891697,-0.142837
1421.467471,-20.929899,-20.878551,-1.338410
1421.468642,-20.912525,-20.889069,-0.574244
1421.469814,-20.955446,-20.917252,-0.978653
1421.470986,-20.943565,-20.940664,-0.007905
1421.472158,-20.929058,-20.932314,0.162244
1421.473330,-20.956417,-20.944717,-0.250649
1421.474502,-20.933319,-20.949272,0.513917
1421.475674,-20.935383,-20.907724,-0.689682
1421.476846,-20.980530,-20.916698,-1.678851
1421.478017,-21.033928,-20.972834,-1.604296
1421.479189,-21.006926,-20.998417,-0.162674
1421.480361,-20.953587,-21.002111,1.420755
1421.481533,-20.999290,-20.988199,-0.233881
1421.482705,-21.018803,-20.985319,-0.849530
1421.483877,-21.028927,-21.010645,-0.431922
1421.485049,-21.036112,-21.021828,-0.321856
1421.486221,-21.071556,-21.029690,-1.079190
1421.487392,-21.110039,-21.031496,-2.078797
1421.488564,-21.085941,-21.023779,-1.633397
1421.489736,-21.050146,-21.020981,-0.731052
1421.490908,-21.082924,-21.051111,-0.803697
1421.492080,-21.127308,-21.078577,-1.266923
1421.493252,-21.138634,-21.070822,-1.787207
1421.494424,-21.110676,-21.075203,-0.904069
1421.495596,-21.069555,-21.099232,0.895163
1421.496767,-21.058506,-21.099789,1.218536
1421.497939,-21.067228,-21.098154,0.929930
1421.499111,-21.043198,-21.104013,1.764716
1421.500283,-21.063395,-21.111643,1.413029
1421.501455,-21.132505,-21.133890,0.110509
1421.502627,-21.163273,-21.165056,0.121526
1421.503799,-21.163881,-21.205807,1.236463
1421.504971,-21.158087,-21.190056,0.958974
1421.506142,-21.150587,-21.153412,0.150327
1421.507314,-21.160515,-21.167595,0.268061
1421.508486,-21.147472,-21.182508,1.044388
1421.509658,-21.119389,-21.167770,1.416749
1421.510830,-21.107391,-21.163357,1.628854
1421.512002,-21.167198,-21.168434,0.106403
1421.513174,-21.194799,-21.174536,-0.486447
1421.514346,-21.173840,-21.204126,0.912146
1421.515517,-21.210297,-21.216757,0.250892
1421.516689,-21.241131,-21.225519,-0.358419
1421.517861,-21.278093,-21.238400,-1.019708
1421.519033,-21.263750,-21.253246,-0.217685
1421.520205,-21.225679,-21.278374,1.537331
1421.521377,-21.208525,-21.278248,2.014593
1421.522549,-21.214544,-21.262102,1.393729
1421.523721,-21.263428,-21.252071,-0.241185
1421.524892,-21.325935,-21.254110,-1.896336
1421.526064,-21.305374,-21.251375,-1.410797
1421.527236,-21.278765,-21.259253,-0.465773
1421.528408,-21.264912,-21.283779,0.594782
1421.529580,-21.294716,-21.311541,0.538097
1421.530752,-21.349573,-21.315958,-0.853136
1421.531924,-21.350300,-21.276972,-1.937183
1421.533096,-21.353111,-21.281799,-1.882394
1421.534267,-21.325169,-21.301863,-0.570102
1421.535439,-21.327030,-21.296352,-0.772564
1421.536611,-21.345802,-21.296730,-1.276252
1421.537783,-21.301910,-21.320312,0.581862
1421.538955,-21.303690,-21.335243,0.947399
1421.540127,-21.338053,-21.320169,-0.420956
1421.541299,-21.346710,-21.322632,-0.591334
1421.542471,-21.350782,-21.341194,-0.192440
1421.543642,-21.342472,-21.359461,0.542646
1421.544814,-21.340990,-21.361359,0.636445
1421.545986,-21.378822,-21.360516,-0.432609
1421.547158,-21.420753,-21.387402,-0.845917
1421.548330,-21.444950,-21.390076,-1.434690
1421.549502,-21.418720,-21.388588,-0.757592
1421.550674,-21.379093,-21.375418,-0.029294
1421.551846,-21.395081,-21.393833,0.037771
1421.553017,-21.402540,-21.407421,0.207198
1421.554189,-21.352119,-21.401808,1.453276
1421.555361,-21.329386,-21.394531,1.886113
1421.556533,-21.394892,-21.392319,0.001152
1421.557705,-21.466597,-21.429749,-0.941755
1421.558877,-21.475098,-21.446339,-0.719899
1421.560049,-21.439276,-21.454336,0.489151
1421.561221,-21.414722,-21.464569,1.457696
1421.562392,-21.430359,-21.489660,1.722281
1421.563564,-21.485207,-21.494881,0.339884
1421.564736,-21.499365,-21.504749,0.221133
1421.565908,-21.502617,-21.484270,-0.433711
1421.567080,-21.484268,-21.447128,-0.949753
1421.568252,-21.483232,-21.471079,-0.263161
1421.569424,-21.477379,-21.488008,0.366352
1421.570596,-21.470224,-21.508787,1.142679
1421.571767,-21.474102,-21.527414,1.554614
1421.572939,-21.463049,-21.518381,1.611142
1421.574111,-21.424591,-21.502798,2.253081
1421.575283,-21.413673,-21.498543,2.440692
1421.576455,-21.438015,-21.510357,2.088161
1421.577627,-21.456837,-21.514072,1.664422
1421.578799,-21.447643,-21.509632,1.797594
1421.579971,-21.439192,-21.510393,2.056113
1421.581142,-21.492880,-21.507065,0.464886
1421.582314,-21.530666,-21.528814,0.021067
1421.583486,-21.548433,-21.549837,0.111039
1421.584658,-21.548336,-21.553505,0.215167
1421.585830,-21.545574,-21.573465,0.845488
1421.587002,-21.536104,-21.590748,1.591870
1421.588174,-21.499269,-21.579735,2.316633
1421.589346,-21.483776,-21.580807,2.783880
1421.590517,-21.564066,-21.555044,-0.176824
1421.591689,-21.636808,-21.554169,-2.189935
1421.592861,-21.606749,-21.581944,-0.611300
1421.594033,-21.610538,-21.593796,-0.389558
1421.595205,-21.602440,-21.581686,-0.499932
1421.596377,-21.595673,-21.575586,-0.481568
1421.597549,-21.605171,-21.602423,-0.003691
1421.598721,-21.571808,-21.627625,1.624691
1421.599892,-21.569960,-21.647472,2.233551
1421.601064,-21.626684,-21.648226,0.669022
1421.602236,-21.651257,-21.645660,-0.082317
1421.603408,-21.682442,-21.636776,-1.183133
1421.604580,-21.640089,-21.628475,-0.248281
